selection,scenario_name,drive_cycle,use_config,vmt,constant_trip_distance_mi,vehicle_life_yr,discount_rate_pct_per_yr,ess_max_charging_power_kw,ess_cost_dol_per_kwh,ess_base_cost_dol,pe_mc_cost_dol_per_kw,pe_mc_base_cost_dol,fc_ice_cost_dol_per_kw,fc_ice_base_cost_dol,fc_fuelcell_cost_dol_per_kw,fs_cost_dol_per_kwh,fs_h2_cost_dol_per_kwh,fs_fueling_rate_kg_per_min,fs_fueling_rate_gasoline_gpm,fs_fueling_rate_diesel_gpm,plug_base_cost_dol,markup_pct,tax_rate_pct,fc_cng_ice_cost_dol_per_kw,fs_cng_cost_dol_per_kwh,vehicle_glider_cost_dol,gvwr_kg,gvwr_credit_kg,fuel_type,maint_oper_cost_dol_per_mi,purchasing_method,purchasing_down_payment_pct,purchasing_interest_apr_pct_per_yr,purchasing_payment_frequency_months,purchasing_term_yr,vocation,model_year,region,target_range_mi,min_speed_at_6pct_grade_in_5min_mph,min_speed_at_1p25pct_grade_in_5min_mph,max_time_0_to_60mph_at_gvwr_s,max_time_0_to_30mph_at_gvwr_s,lw_imp_curve_sel,eng_eff_imp_curve_sel,aero_drag_imp_curve_sel,skip_opt,knob_min_ess_kwh,knob_max_ess_kwh,knob_min_motor_kw,knob_max_motor_kw,knob_min_fc_kw,knob_max_fc_kw,knob_min_fs_kwh,knob_max_fs_kwh,constraint_range,constraint_accel,constraint_grade,objective_tco,constraint_c_rate,shifts_per_year,soc_norm_init_for_accel_pct,soc_norm_init_for_grade_pct,constraint_trace_miss_dist_percent_on,trace_miss_dist_percent,plf_ref_veh_empty_mass_kg,labor_rate_dol_per_hr,downtime_oppy_cost_dol_per_hr,fdt_num_free_dwell_trips,fdt_dwpt_fraction_power_pct,fdt_available_freetime_hr,fdt_avg_overhead_hr_per_dwell_hr,fdt_frac_full_charge_bounds,mr_planned_downtime_hr_per_yr,mr_unplanned_downtime_hr_per_mi,mr_tire_replace_downtime_hr_per_event,mr_avg_tire_life_mi,insurance_rates_pct_per_yr,depreciation_rates_pct_per_yr,fuel_prices_file,plf_weight_distribution_file,avg_speed_mph,msrp_total_dol,mpgge,primary_fuel_range_mi
1,"Class 8 Sleeper cab high roof (Diesel, 2020, no program)","[(""EPA_Ph2_rural_interstate_65mph.csv"", .86), (""EPA_Ph2_urban_highway_55mph.csv"", .09), (""EPA_Ph2_transient.csv"", .05)]",TRUE,"[108010,117983,114998,104732]",0,4,0.03,100,270,0,27,750,50,6250,185,0.07,11.35,7.2,30,15,500,1.2,0.12,55,7.467735503,112759,36287.43275,0,diesel,"[0.15,0.15,0.15,0.15]",lease,0.15,0.1,1,4,Long haul,2020,FY22NoProgram,600,30,65,80,20,MDHD_noprogram_2020,MDHD_large_noprogram_2020,SleeperTractorHighRoof_noprogram_2021,FALSE,,,,,280,400,,,FALSE,TRUE,TRUE,TRUE,FALSE,"[260,260,260,260,260,260,260,260,260,260]",,,FALSE,,14741,25,40,1,0,0.1,0.3,"[0.1,0.9]",24,"[0.001,0.0015,0.0020,0.0022,0.0025]",2,100000,"[0.03,0.035,0.04,0.045,0.048]","[0.09,0.09,0.09,0.09,0.09,0.09,0.09,0.09]",./auxiliary/FuelPrices.csv,./auxiliary/tractorweightvars.csv,25,,4,1000
2,"Class 8 Sleeper cab mid roof (Diesel, 2020, no program)","[(""EPA_Ph2_rural_interstate_65mph.csv"", .86), (""EPA_Ph2_urban_highway_55mph.csv"", .09), (""EPA_Ph2_transient.csv"", .05)]",TRUE,"[108010,117983,114998,104732]",0,4,0.03,100,270,0,27,750,50,6250,185,0.07,11.35,7.2,30,15,500,1.2,0.12,55,7.467735503,112759,36287.43275,0,diesel,"[0.15,0.15,0.15,0.15]",lease,0.15,0.1,1,4,Long haul,2020,FY22NoProgram,600,30,65,80,20,MDHD_noprogram_2020,MDHD_large_noprogram_2020,SleeperTractorMidRoof_noprogram_2021,TRUE,,,,,280,400,,,FALSE,TRUE,TRUE,TRUE,FALSE,"[260,260,260,260,260,260,260,260,260,260]",,,FALSE,,14741,25,40,1,0,0.1,0.3,"[0.1,0.9]",24,"[0.001,0.0015,0.0020,0.0022,0.0025]",2,100000,"[0.03,0.035,0.04,0.045,0.048]","[0.09,0.09,0.09,0.09,0.09,0.09,0.09,0.09]",./auxiliary/FuelPrices.csv,./auxiliary/tractorweightvars.csv,25,,4,1000
3,"Class 8 Sleeper cab low roof (Diesel, 2020, no program)","[(""EPA_Ph2_rural_interstate_65mph.csv"", .86), (""EPA_Ph2_urban_highway_55mph.csv"", .09), (""EPA_Ph2_transient.csv"", .05)]",TRUE,"[108010,117983,114998,104732]",0,4,0.03,100,270,0,27,750,50,6250,185,0.07,11.35,7.2,30,15,500,1.2,0.12,55,7.467735503,112759,36287.43275,0,diesel,"[0.15,0.15,0.15,0.15]",lease,0.15,0.1,1,4,Long haul,2020,FY22NoProgram,600,30,65,80,20,MDHD_noprogram_2020,MDHD_large_noprogram_2020,SleeperTractorLowRoof_noprogram_2021,TRUE,,,,,280,400,,,FALSE,TRUE,TRUE,TRUE,FALSE,"[260,260,260,260,260,260,260,260,260,260]",,,FALSE,,14741,25,40,1,0,0.1,0.3,"[0.1,0.9]",24,"[0.001,0.0015,0.0020,0.0022,0.0025]",2,100000,"[0.03,0.035,0.04,0.045,0.048]","[0.09,0.09,0.09,0.09,0.09,0.09,0.09,0.09]",./auxiliary/FuelPrices.csv,./auxiliary/tractorweightvars.csv,25,,4,1000
4,"Class 8 Sleeper cab high roof (Diesel, 2025, no program)","[(""EPA_Ph2_rural_interstate_65mph.csv"", .86), (""EPA_Ph2_urban_highway_55mph.csv"", .09), (""EPA_Ph2_transient.csv"", .05)]",TRUE,"[108010,117983,114998,104732]",0,4,0.03,100,190,0,23,500,50,6250,142,0.07,11,7.2,30,15,500,1.2,0.12,55,7.467735503,112759,36287.43275,0,diesel,"[0.15,0.15,0.15,0.15]",lease,0.15,0.1,1,4,Long haul,2025,FY22NoProgram,600,30,65,80,20,MDHD_noprogram_2025,MDHD_large_noprogram_2025,SleeperTractorHighRoof_noprogram_2025,FALSE,,,,,280,400,,,FALSE,TRUE,TRUE,TRUE,FALSE,"[260,260,260,260,260,260,260,260,260,260]",,,FALSE,,14741,25,40,1,0,0.1,0.3,"[0.1,0.9]",24,"[0.001,0.0015,0.0020,0.0022,0.0025]",2,100000,"[0.03,0.035,0.04,0.045,0.048]","[0.09,0.09,0.09,0.09,0.09,0.09,0.09,0.09]",./auxiliary/FuelPrices.csv,./auxiliary/tractorweightvars.csv,25,,4,1000
5,"Class 8 Sleeper cab mid roof (Diesel, 2025, no program)","[(""EPA_Ph2_rural_interstate_65mph.csv"", .86), (""EPA_Ph2_urban_highway_55mph.csv"", .09), (""EPA_Ph2_transient.csv"", .05)]",TRUE,"[108010,117983,114998,104732]",0,4,0.03,100,190,0,23,500,50,6250,142,0.07,11,7.2,30,15,500,1.2,0.12,55,7.467735503,112759,36287.43275,0,diesel,"[0.15,0.15,0.15,0.15]",lease,0.15,0.1,1,4,Long haul,2025,FY22NoProgram,600,30,65,80,20,MDHD_noprogram_2025,MDHD_large_noprogram_2025,SleeperTractorMidRoof_noprogram_2025,TRUE,,,,,280,400,,,FALSE,TRUE,TRUE,TRUE,FALSE,"[260,260,260,260,260,260,260,260,260,260]",,,FALSE,,14741,25,40,1,0,0.1,0.3,"[0.1,0.9]",24,"[0.001,0.0015,0.0020,0.0022,0.0025]",2,100000,"[0.03,0.035,0.04,0.045,0.048]","[0.09,0.09,0.09,0.09,0.09,0.09,0.09,0.09]",./auxiliary/FuelPrices.csv,./auxiliary/tractorweightvars.csv,25,,4,1000
6,"Class 8 Sleeper cab low roof (Diesel, 2025, no program)","[(""EPA_Ph2_rural_interstate_65mph.csv"", .86), (""EPA_Ph2_urban_highway_55mph.csv"", .09), (""EPA_Ph2_transient.csv"", .05)]",TRUE,"[108010,117983,114998,104732]",0,4,0.03,100,190,0,23,500,50,6250,142,0.07,11,7.2,30,15,500,1.2,0.12,55,7.467735503,112759,36287.43275,0,diesel,"[0.15,0.15,0.15,0.15]",lease,0.15,0.1,1,4,Long haul,2025,FY22NoProgram,600,30,65,80,20,MDHD_noprogram_2025,MDHD_large_noprogram_2025,SleeperTractorLowRoof_noprogram_2025,TRUE,,,,,280,400,,,FALSE,TRUE,TRUE,TRUE,FALSE,"[260,260,260,260,260,260,260,260,260,260]",,,FALSE,,14741,25,40,1,0,0.1,0.3,"[0.1,0.9]",24,"[0.001,0.0015,0.0020,0.0022,0.0025]",2,100000,"[0.03,0.035,0.04,0.045,0.048]","[0.09,0.09,0.09,0.09,0.09,0.09,0.09,0.09]",./auxiliary/FuelPrices.csv,./auxiliary/tractorweightvars.csv,25,,4,1000
7,"Class 8 Sleeper cab high roof (Diesel, 2030, no program)","[(""EPA_Ph2_rural_interstate_65mph.csv"", .86), (""EPA_Ph2_urban_highway_55mph.csv"", .09), (""EPA_Ph2_transient.csv"", .05)]",TRUE,"[108010,117983,114998,104732]",0,4,0.03,100,120,0,18.3,500,50,6250,113,0.07,10,7.2,30,15,500,1.2,0.12,55,7.467735503,112759,36287.43275,0,diesel,"[0.15,0.15,0.15,0.15]",lease,0.15,0.1,1,4,Long haul,2030,FY22NoProgram,600,30,65,80,20,MDHD_noprogram_2030,MDHD_large_noprogram_2030,SleeperTractorHighRoof_noprogram_2030,FALSE,,,,,280,400,,,FALSE,TRUE,TRUE,TRUE,FALSE,"[260,260,260,260,260,260,260,260,260,260]",,,FALSE,,14741,25,40,1,0,0.1,0.3,"[0.1,0.9]",24,"[0.001,0.0015,0.0020,0.0022,0.0025]",2,100000,"[0.03,0.035,0.04,0.045,0.048]","[0.09,0.09,0.09,0.09,0.09,0.09,0.09,0.09]",./auxiliary/FuelPrices.csv,./auxiliary/tractorweightvars.csv,25,,4,1000
8,"Class 8 Sleeper cab mid roof (Diesel, 2030, no program)","[(""EPA_Ph2_rural_interstate_65mph.csv"", .86), (""EPA_Ph2_urban_highway_55mph.csv"", .09), (""EPA_Ph2_transient.csv"", .05)]",TRUE,"[108010,117983,114998,104732]",0,4,0.03,100,120,0,18.3,500,50,6250,113,0.07,10,7.2,30,15,500,1.2,0.12,55,7.467735503,112759,36287.43275,0,diesel,"[0.15,0.15,0.15,0.15]",lease,0.15,0.1,1,4,Long haul,2030,FY22NoProgram,600,30,65,80,20,MDHD_noprogram_2030,MDHD_large_noprogram_2030,SleeperTractorMidRoof_noprogram_2030,TRUE,,,,,280,400,,,FALSE,TRUE,TRUE,TRUE,FALSE,"[260,260,260,260,260,260,260,260,260,260]",,,FALSE,,14741,25,40,1,0,0.1,0.3,"[0.1,0.9]",24,"[0.001,0.0015,0.0020,0.0022,0.0025]",2,100000,"[0.03,0.035,0.04,0.045,0.048]","[0.09,0.09,0.09,0.09,0.09,0.09,0.09,0.09]",./auxiliary/FuelPrices.csv,./auxiliary/tractorweightvars.csv,25,,4,1000
9,"Class 8 Sleeper cab low roof (Diesel, 2030, no program)","[(""EPA_Ph2_rural_interstate_65mph.csv"", .86), (""EPA_Ph2_urban_highway_55mph.csv"", .09), (""EPA_Ph2_transient.csv"", .05)]",TRUE,"[108010,117983,114998,104732]",0,4,0.03,100,120,0,18.3,500,50,6250,113,0.07,10,7.2,30,15,500,1.2,0.12,55,7.467735503,112759,36287.43275,0,diesel,"[0.15,0.15,0.15,0.15]",lease,0.15,0.1,1,4,Long haul,2030,FY22NoProgram,600,30,65,80,20,MDHD_noprogram_2030,MDHD_large_noprogram_2030,SleeperTractorLowRoof_noprogram_2030,TRUE,,,,,280,400,,,FALSE,TRUE,TRUE,TRUE,FALSE,"[260,260,260,260,260,260,260,260,260,260]",,,FALSE,,14741,25,40,1,0,0.1,0.3,"[0.1,0.9]",24,"[0.001,0.0015,0.0020,0.0022,0.0025]",2,100000,"[0.03,0.035,0.04,0.045,0.048]","[0.09,0.09,0.09,0.09,0.09,0.09,0.09,0.09]",./auxiliary/FuelPrices.csv,./auxiliary/tractorweightvars.csv,25,,4,1000
10,"Class 8 Sleeper cab high roof (Diesel, 2035, no program)","[(""EPA_Ph2_rural_interstate_65mph.csv"", .86), (""EPA_Ph2_urban_highway_55mph.csv"", .09), (""EPA_Ph2_transient.csv"", .05)]",TRUE,"[108010,117983,114998,104732]",0,4,0.03,100,105,0,15.65,450,50,6250,99,0.07,9.75,7.2,30,15,500,1.2,0.12,55,7.467735503,112759,36287.43275,0,diesel,"[0.15,0.15,0.15,0.15]",lease,0.15,0.1,1,4,Long haul,2035,FY22NoProgram,600,30,65,80,20,MDHD_noprogram_2035,MDHD_large_noprogram_2035,SleeperTractorHighRoof_noprogram_2035,FALSE,,,,,280,400,,,FALSE,TRUE,TRUE,TRUE,FALSE,"[260,260,260,260,260,260,260,260,260,260]",,,FALSE,,14741,25,40,1,0,0.1,0.3,"[0.1,0.9]",24,"[0.001,0.0015,0.0020,0.0022,0.0025]",2,100000,"[0.03,0.035,0.04,0.045,0.048]","[0.09,0.09,0.09,0.09,0.09,0.09,0.09,0.09]",./auxiliary/FuelPrices.csv,./auxiliary/tractorweightvars.csv,25,,4,1000
11,"Class 8 Sleeper cab mid roof (Diesel, 2035, no program)","[(""EPA_Ph2_rural_interstate_65mph.csv"", .86), (""EPA_Ph2_urban_highway_55mph.csv"", .09), (""EPA_Ph2_transient.csv"", .05)]",TRUE,"[108010,117983,114998,104732]",0,4,0.03,100,105,0,15.65,450,50,6250,99,0.07,9.75,7.2,30,15,500,1.2,0.12,55,7.467735503,112759,36287.43275,0,diesel,"[0.15,0.15,0.15,0.15]",lease,0.15,0.1,1,4,Long haul,2035,FY22NoProgram,600,30,65,80,20,MDHD_noprogram_2035,MDHD_large_noprogram_2035,SleeperTractorMidRoof_noprogram_2035,TRUE,,,,,280,400,,,FALSE,TRUE,TRUE,TRUE,FALSE,"[260,260,260,260,260,260,260,260,260,260]",,,FALSE,,14741,25,40,1,0,0.1,0.3,"[0.1,0.9]",24,"[0.001,0.0015,0.0020,0.0022,0.0025]",2,100000,"[0.03,0.035,0.04,0.045,0.048]","[0.09,0.09,0.09,0.09,0.09,0.09,0.09,0.09]",./auxiliary/FuelPrices.csv,./auxiliary/tractorweightvars.csv,25,,4,1000
12,"Class 8 Sleeper cab low roof (Diesel, 2035, no program)","[(""EPA_Ph2_rural_interstate_65mph.csv"", .86), (""EPA_Ph2_urban_highway_55mph.csv"", .09), (""EPA_Ph2_transient.csv"", .05)]",TRUE,"[108010,117983,114998,104732]",0,4,0.03,100,105,0,15.65,450,50,6250,99,0.07,9.75,7.2,30,15,500,1.2,0.12,55,7.467735503,112759,36287.43275,0,diesel,"[0.15,0.15,0.15,0.15]",lease,0.15,0.1,1,4,Long haul,2035,FY22NoProgram,600,30,65,80,20,MDHD_noprogram_2035,MDHD_large_noprogram_2035,SleeperTractorLowRoof_noprogram_2035,TRUE,,,,,280,400,,,FALSE,TRUE,TRUE,TRUE,FALSE,"[260,260,260,260,260,260,260,260,260,260]",,,FALSE,,14741,25,40,1,0,0.1,0.3,"[0.1,0.9]",24,"[0.001,0.0015,0.0020,0.0022,0.0025]",2,100000,"[0.03,0.035,0.04,0.045,0.048]","[0.09,0.09,0.09,0.09,0.09,0.09,0.09,0.09]",./auxiliary/FuelPrices.csv,./auxiliary/tractorweightvars.csv,25,,4,1000
13,"Class 8 Sleeper cab high roof (Diesel, 2040, no program)","[(""EPA_Ph2_rural_interstate_65mph.csv"", .86), (""EPA_Ph2_urban_highway_55mph.csv"", .09), (""EPA_Ph2_transient.csv"", .05)]",TRUE,"[108010,117983,114998,104732]",0,4,0.03,100,90,0,13,400,50,6250,85,0.07,9.5,7.2,30,15,500,1.2,0.12,55,7.467735503,112759,36287.43275,0,diesel,"[0.15,0.15,0.15,0.15]",lease,0.15,0.1,1,4,Long haul,2040,FY22NoProgram,600,30,65,80,20,MDHD_noprogram_2040,MDHD_large_noprogram_2040,SleeperTractorHighRoof_noprogram_2040,FALSE,,,,,280,400,,,FALSE,TRUE,TRUE,TRUE,FALSE,"[260,260,260,260,260,260,260,260,260,260]",,,FALSE,,14741,25,40,1,0,0.1,0.3,"[0.1,0.9]",24,"[0.001,0.0015,0.0020,0.0022,0.0025]",2,100000,"[0.03,0.035,0.04,0.045,0.048]","[0.09,0.09,0.09,0.09,0.09,0.09,0.09,0.09]",./auxiliary/FuelPrices.csv,./auxiliary/tractorweightvars.csv,25,,4,1000
14,"Class 8 Sleeper cab mid roof (Diesel, 2040, no program)","[(""EPA_Ph2_rural_interstate_65mph.csv"", .86), (""EPA_Ph2_urban_highway_55mph.csv"", .09), (""EPA_Ph2_transient.csv"", .05)]",TRUE,"[108010,117983,114998,104732]",0,4,0.03,100,90,0,13,400,50,6250,85,0.07,9.5,7.2,30,15,500,1.2,0.12,55,7.467735503,112759,36287.43275,0,diesel,"[0.15,0.15,0.15,0.15]",lease,0.15,0.1,1,4,Long haul,2040,FY22NoProgram,600,30,65,80,20,MDHD_noprogram_2040,MDHD_large_noprogram_2040,SleeperTractorMidRoof_noprogram_2040,TRUE,,,,,280,400,,,FALSE,TRUE,TRUE,TRUE,FALSE,"[260,260,260,260,260,260,260,260,260,260]",,,FALSE,,14741,25,40,1,0,0.1,0.3,"[0.1,0.9]",24,"[0.001,0.0015,0.0020,0.0022,0.0025]",2,100000,"[0.03,0.035,0.04,0.045,0.048]","[0.09,0.09,0.09,0.09,0.09,0.09,0.09,0.09]",./auxiliary/FuelPrices.csv,./auxiliary/tractorweightvars.csv,25,,4,1000
15,"Class 8 Sleeper cab low roof (Diesel, 2040, no program)","[(""EPA_Ph2_rural_interstate_65mph.csv"", .86), (""EPA_Ph2_urban_highway_55mph.csv"", .09), (""EPA_Ph2_transient.csv"", .05)]",TRUE,"[108010,117983,114998,104732]",0,4,0.03,100,90,0,13,400,50,6250,85,0.07,9.5,7.2,30,15,500,1.2,0.12,55,7.467735503,112759,36287.43275,0,diesel,"[0.15,0.15,0.15,0.15]",lease,0.15,0.1,1,4,Long haul,2040,FY22NoProgram,600,30,65,80,20,MDHD_noprogram_2040,MDHD_large_noprogram_2040,SleeperTractorLowRoof_noprogram_2040,TRUE,,,,,280,400,,,FALSE,TRUE,TRUE,TRUE,FALSE,"[260,260,260,260,260,260,260,260,260,260]",,,FALSE,,14741,25,40,1,0,0.1,0.3,"[0.1,0.9]",24,"[0.001,0.0015,0.0020,0.0022,0.0025]",2,100000,"[0.03,0.035,0.04,0.045,0.048]","[0.09,0.09,0.09,0.09,0.09,0.09,0.09,0.09]",./auxiliary/FuelPrices.csv,./auxiliary/tractorweightvars.csv,25,,4,1000
16,"Class 8 Sleeper cab high roof (Diesel, 2050, no program)","[(""EPA_Ph2_rural_interstate_65mph.csv"", .86), (""EPA_Ph2_urban_highway_55mph.csv"", .09), (""EPA_Ph2_transient.csv"", .05)]",TRUE,"[108010,117983,114998,104732]",0,4,0.03,100,85,0,11,350,50,6250,85,0.07,9.5,7.2,30,15,500,1.2,0.12,55,7.467735503,112759,36287.43275,0,diesel,"[0.15,0.15,0.15,0.15]",lease,0.15,0.1,1,4,Long haul,2050,FY22NoProgram,600,30,65,80,20,MDHD_noprogram_2050,MDHD_large_noprogram_2050,SleeperTractorHighRoof_noprogram_2050,FALSE,,,,,280,400,,,FALSE,TRUE,TRUE,TRUE,FALSE,"[260,260,260,260,260,260,260,260,260,260]",,,FALSE,,14741,25,40,1,0,0.1,0.3,"[0.1,0.9]",24,"[0.001,0.0015,0.0020,0.0022,0.0025]",2,100000,"[0.03,0.035,0.04,0.045,0.048]","[0.09,0.09,0.09,0.09,0.09,0.09,0.09,0.09]",./auxiliary/FuelPrices.csv,./auxiliary/tractorweightvars.csv,25,,4,1000
17,"Class 8 Sleeper cab mid roof (Diesel, 2050, no program)","[(""EPA_Ph2_rural_interstate_65mph.csv"", .86), (""EPA_Ph2_urban_highway_55mph.csv"", .09), (""EPA_Ph2_transient.csv"", .05)]",TRUE,"[108010,117983,114998,104732]",0,4,0.03,100,85,0,11,350,50,6250,85,0.07,9.5,7.2,30,15,500,1.2,0.12,55,7.467735503,112759,36287.43275,0,diesel,"[0.15,0.15,0.15,0.15]",lease,0.15,0.1,1,4,Long haul,2050,FY22NoProgram,600,30,65,80,20,MDHD_noprogram_2050,MDHD_large_noprogram_2050,SleeperTractorMidRoof_noprogram_2050,TRUE,,,,,280,400,,,FALSE,TRUE,TRUE,TRUE,FALSE,"[260,260,260,260,260,260,260,260,260,260]",,,FALSE,,14741,25,40,1,0,0.1,0.3,"[0.1,0.9]",24,"[0.001,0.0015,0.0020,0.0022,0.0025]",2,100000,"[0.03,0.035,0.04,0.045,0.048]","[0.09,0.09,0.09,0.09,0.09,0.09,0.09,0.09]",./auxiliary/FuelPrices.csv,./auxiliary/tractorweightvars.csv,25,,4,1000
18,"Class 8 Sleeper cab low roof (Diesel, 2050, no program)","[(""EPA_Ph2_rural_interstate_65mph.csv"", .86), (""EPA_Ph2_urban_highway_55mph.csv"", .09), (""EPA_Ph2_transient.csv"", .05)]",TRUE,"[108010,117983,114998,104732]",0,4,0.03,100,85,0,11,350,50,6250,85,0.07,9.5,7.2,30,15,500,1.2,0.12,55,7.467735503,112759,36287.43275,0,diesel,"[0.15,0.15,0.15,0.15]",lease,0.15,0.1,1,4,Long haul,2050,FY22NoProgram,600,30,65,80,20,MDHD_noprogram_2050,MDHD_large_noprogram_2050,SleeperTractorLowRoof_noprogram_2050,TRUE,,,,,280,400,,,FALSE,TRUE,TRUE,TRUE,FALSE,"[260,260,260,260,260,260,260,260,260,260]",,,FALSE,,14741,25,40,1,0,0.1,0.3,"[0.1,0.9]",24,"[0.001,0.0015,0.0020,0.0022,0.0025]",2,100000,"[0.03,0.035,0.04,0.045,0.048]","[0.09,0.09,0.09,0.09,0.09,0.09,0.09,0.09]",./auxiliary/FuelPrices.csv,./auxiliary/tractorweightvars.csv,25,,4,1000
19,"Class 8 Sleeper cab high roof (Diesel, 2025, program success)","[(""EPA_Ph2_rural_interstate_65mph.csv"", .86), (""EPA_Ph2_urban_highway_55mph.csv"", .09), (""EPA_Ph2_transient.csv"", .05)]",TRUE,"[108010,117983,114998,104732]",0,4,0.03,100,177,0,18,300,50,6250,130,0.07,10,7.2,30,15,500,1.2,0.12,55,7.467735503,112759,36287.43275,0,diesel,"[0.15,0.15,0.15,0.15]",lease,0.15,0.1,1,4,Long haul,2025,FY22TechSuccess,600,30,65,80,20,MDHD_programsuccess_2025,MDHD_large_programsuccess_2025,SleeperTractorHighRoof_programsuccess_2025,FALSE,,,,,280,400,,,FALSE,TRUE,TRUE,TRUE,FALSE,"[260,260,260,260,260,260,260,260,260,260]",,,FALSE,,14741,25,40,1,0,0.1,0.3,"[0.1,0.9]",24,"[0.001,0.0015,0.0020,0.0022,0.0025]",2,100000,"[0.03,0.035,0.04,0.045,0.048]","[0.09,0.09,0.09,0.09,0.09,0.09,0.09,0.09]",./auxiliary/FuelPrices.csv,./auxiliary/tractorweightvars.csv,25,,4,1000
20,"Class 8 Sleeper cab mid roof (Diesel, 2025, program success)","[(""EPA_Ph2_rural_interstate_65mph.csv"", .86), (""EPA_Ph2_urban_highway_55mph.csv"", .09), (""EPA_Ph2_transient.csv"", .05)]",TRUE,"[108010,117983,114998,104732]",0,4,0.03,100,177,0,18,300,50,6250,130,0.07,10,7.2,30,15,500,1.2,0.12,55,7.467735503,112759,36287.43275,0,diesel,"[0.15,0.15,0.15,0.15]",lease,0.15,0.1,1,4,Long haul,2025,FY22TechSuccess,600,30,65,80,20,MDHD_programsuccess_2025,MDHD_large_programsuccess_2025,SleeperTractorMidRoof_programsuccess_2025,TRUE,,,,,280,400,,,FALSE,TRUE,TRUE,TRUE,FALSE,"[260,260,260,260,260,260,260,260,260,260]",,,FALSE,,14741,25,40,1,0,0.1,0.3,"[0.1,0.9]",24,"[0.001,0.0015,0.0020,0.0022,0.0025]",2,100000,"[0.03,0.035,0.04,0.045,0.048]","[0.09,0.09,0.09,0.09,0.09,0.09,0.09,0.09]",./auxiliary/FuelPrices.csv,./auxiliary/tractorweightvars.csv,25,,4,1000
21,"Class 8 Sleeper cab low roof (Diesel, 2025, program success)","[(""EPA_Ph2_rural_interstate_65mph.csv"", .86), (""EPA_Ph2_urban_highway_55mph.csv"", .09), (""EPA_Ph2_transient.csv"", .05)]",TRUE,"[108010,117983,114998,104732]",0,4,0.03,100,177,0,18,300,50,6250,130,0.07,10,7.2,30,15,500,1.2,0.12,55,7.467735503,112759,36287.43275,0,diesel,"[0.15,0.15,0.15,0.15]",lease,0.15,0.1,1,4,Long haul,2025,FY22TechSuccess,600,30,65,80,20,MDHD_programsuccess_2025,MDHD_large_programsuccess_2025,SleeperTractorLowRoof_programsuccess_2025,TRUE,,,,,280,400,,,FALSE,TRUE,TRUE,TRUE,FALSE,"[260,260,260,260,260,260,260,260,260,260]",,,FALSE,,14741,25,40,1,0,0.1,0.3,"[0.1,0.9]",24,"[0.001,0.0015,0.0020,0.0022,0.0025]",2,100000,"[0.03,0.035,0.04,0.045,0.048]","[0.09,0.09,0.09,0.09,0.09,0.09,0.09,0.09]",./auxiliary/FuelPrices.csv,./auxiliary/tractorweightvars.csv,25,,4,1000
22,"Class 8 Sleeper cab high roof (Diesel, 2030, program success)","[(""EPA_Ph2_rural_interstate_65mph.csv"", .86), (""EPA_Ph2_urban_highway_55mph.csv"", .09), (""EPA_Ph2_transient.csv"", .05)]",TRUE,"[108010,117983,114998,104732]",0,4,0.03,100,84,0,13.3,300,50,6250,80,0.07,9,7.2,30,15,500,1.2,0.12,55,7.467735503,112759,36287.43275,0,diesel,"[0.15,0.15,0.15,0.15]",lease,0.15,0.1,1,4,Long haul,2030,FY22TechSuccess,600,30,65,80,20,MDHD_programsuccess_2030,MDHD_large_programsuccess_2030,SleeperTractorHighRoof_programsuccess_2030,FALSE,,,,,280,400,,,FALSE,TRUE,TRUE,TRUE,FALSE,"[260,260,260,260,260,260,260,260,260,260]",,,FALSE,,14741,25,40,1,0,0.1,0.3,"[0.1,0.9]",24,"[0.001,0.0015,0.0020,0.0022,0.0025]",2,100000,"[0.03,0.035,0.04,0.045,0.048]","[0.09,0.09,0.09,0.09,0.09,0.09,0.09,0.09]",./auxiliary/FuelPrices.csv,./auxiliary/tractorweightvars.csv,25,,4,1000
23,"Class 8 Sleeper cab mid roof (Diesel, 2030, program success)","[(""EPA_Ph2_rural_interstate_65mph.csv"", .86), (""EPA_Ph2_urban_highway_55mph.csv"", .09), (""EPA_Ph2_transient.csv"", .05)]",TRUE,"[108010,117983,114998,104732]",0,4,0.03,100,84,0,13.3,300,50,6250,80,0.07,9,7.2,30,15,500,1.2,0.12,55,7.467735503,112759,36287.43275,0,diesel,"[0.15,0.15,0.15,0.15]",lease,0.15,0.1,1,4,Long haul,2030,FY22TechSuccess,600,30,65,80,20,MDHD_programsuccess_2030,MDHD_large_programsuccess_2030,SleeperTractorMidRoof_programsuccess_2030,TRUE,,,,,280,400,,,FALSE,TRUE,TRUE,TRUE,FALSE,"[260,260,260,260,260,260,260,260,260,260]",,,FALSE,,14741,25,40,1,0,0.1,0.3,"[0.1,0.9]",24,"[0.001,0.0015,0.0020,0.0022,0.0025]",2,100000,"[0.03,0.035,0.04,0.045,0.048]","[0.09,0.09,0.09,0.09,0.09,0.09,0.09,0.09]",./auxiliary/FuelPrices.csv,./auxiliary/tractorweightvars.csv,25,,4,1000
24,"Class 8 Sleeper cab low roof (Diesel, 2030, program success)","[(""EPA_Ph2_rural_interstate_65mph.csv"", .86), (""EPA_Ph2_urban_highway_55mph.csv"", .09), (""EPA_Ph2_transient.csv"", .05)]",TRUE,"[108010,117983,114998,104732]",0,4,0.03,100,84,0,13.3,300,50,6250,80,0.07,9,7.2,30,15,500,1.2,0.12,55,7.467735503,112759,36287.43275,0,diesel,"[0.15,0.15,0.15,0.15]",lease,0.15,0.1,1,4,Long haul,2030,FY22TechSuccess,600,30,65,80,20,MDHD_programsuccess_2030,MDHD_large_programsuccess_2030,SleeperTractorLowRoof_programsuccess_2030,TRUE,,,,,280,400,,,FALSE,TRUE,TRUE,TRUE,FALSE,"[260,260,260,260,260,260,260,260,260,260]",,,FALSE,,14741,25,40,1,0,0.1,0.3,"[0.1,0.9]",24,"[0.001,0.0015,0.0020,0.0022,0.0025]",2,100000,"[0.03,0.035,0.04,0.045,0.048]","[0.09,0.09,0.09,0.09,0.09,0.09,0.09,0.09]",./auxiliary/FuelPrices.csv,./auxiliary/tractorweightvars.csv,25,,4,1000
25,"Class 8 Sleeper cab high roof (Diesel, 2035, program success)","[(""EPA_Ph2_rural_interstate_65mph.csv"", .86), (""EPA_Ph2_urban_highway_55mph.csv"", .09), (""EPA_Ph2_transient.csv"", .05)]",TRUE,"[108010,117983,114998,104732]",0,4,0.03,100,70,0,10.65,250,50,6250,75,0.07,8.75,7.2,30,15,500,1.2,0.12,55,7.467735503,112759,36287.43275,0,diesel,"[0.15,0.15,0.15,0.15]",lease,0.15,0.1,1,4,Long haul,2035,FY22TechSuccess,600,30,65,80,20,MDHD_programsuccess_2035,MDHD_large_programsuccess_2035,SleeperTractorHighRoof_programsuccess_2035,FALSE,,,,,280,400,,,FALSE,TRUE,TRUE,TRUE,FALSE,"[260,260,260,260,260,260,260,260,260,260]",,,FALSE,,14741,25,40,1,0,0.1,0.3,"[0.1,0.9]",24,"[0.001,0.0015,0.0020,0.0022,0.0025]",2,100000,"[0.03,0.035,0.04,0.045,0.048]","[0.09,0.09,0.09,0.09,0.09,0.09,0.09,0.09]",./auxiliary/FuelPrices.csv,./auxiliary/tractorweightvars.csv,25,,4,1000
26,"Class 8 Sleeper cab mid roof (Diesel, 2035, program success)","[(""EPA_Ph2_rural_interstate_65mph.csv"", .86), (""EPA_Ph2_urban_highway_55mph.csv"", .09), (""EPA_Ph2_transient.csv"", .05)]",TRUE,"[108010,117983,114998,104732]",0,4,0.03,100,70,0,10.65,250,50,6250,75,0.07,8.75,7.2,30,15,500,1.2,0.12,55,7.467735503,112759,36287.43275,0,diesel,"[0.15,0.15,0.15,0.15]",lease,0.15,0.1,1,4,Long haul,2035,FY22TechSuccess,600,30,65,80,20,MDHD_programsuccess_2035,MDHD_large_programsuccess_2035,SleeperTractorMidRoof_programsuccess_2035,TRUE,,,,,280,400,,,FALSE,TRUE,TRUE,TRUE,FALSE,"[260,260,260,260,260,260,260,260,260,260]",,,FALSE,,14741,25,40,1,0,0.1,0.3,"[0.1,0.9]",24,"[0.001,0.0015,0.0020,0.0022,0.0025]",2,100000,"[0.03,0.035,0.04,0.045,0.048]","[0.09,0.09,0.09,0.09,0.09,0.09,0.09,0.09]",./auxiliary/FuelPrices.csv,./auxiliary/tractorweightvars.csv,25,,4,1000
27,"Class 8 Sleeper cab low roof (Diesel, 2035, program success)","[(""EPA_Ph2_rural_interstate_65mph.csv"", .86), (""EPA_Ph2_urban_highway_55mph.csv"", .09), (""EPA_Ph2_transient.csv"", .05)]",TRUE,"[108010,117983,114998,104732]",0,4,0.03,100,70,0,10.65,250,50,6250,75,0.07,8.75,7.2,30,15,500,1.2,0.12,55,7.467735503,112759,36287.43275,0,diesel,"[0.15,0.15,0.15,0.15]",lease,0.15,0.1,1,4,Long haul,2035,FY22TechSuccess,600,30,65,80,20,MDHD_programsuccess_2035,MDHD_large_programsuccess_2035,SleeperTractorLowRoof_programsuccess_2035,TRUE,,,,,280,400,,,FALSE,TRUE,TRUE,TRUE,FALSE,"[260,260,260,260,260,260,260,260,260,260]",,,FALSE,,14741,25,40,1,0,0.1,0.3,"[0.1,0.9]",24,"[0.001,0.0015,0.0020,0.0022,0.0025]",2,100000,"[0.03,0.035,0.04,0.045,0.048]","[0.09,0.09,0.09,0.09,0.09,0.09,0.09,0.09]",./auxiliary/FuelPrices.csv,./auxiliary/tractorweightvars.csv,25,,4,1000
28,"Class 8 Sleeper cab high roof (Diesel, 2040, program success)","[(""EPA_Ph2_rural_interstate_65mph.csv"", .86), (""EPA_Ph2_urban_highway_55mph.csv"", .09), (""EPA_Ph2_transient.csv"", .05)]",TRUE,"[108010,117983,114998,104732]",0,4,0.03,100,56,0,8,200,50,6250,70,0.07,8.5,7.2,30,15,500,1.2,0.12,55,7.467735503,112759,36287.43275,0,diesel,"[0.15,0.15,0.15,0.15]",lease,0.15,0.1,1,4,Long haul,2040,FY22TechSuccess,600,30,65,80,20,MDHD_programsuccess_2040,MDHD_large_programsuccess_2040,SleeperTractorHighRoof_programsuccess_2040,FALSE,,,,,280,400,,,FALSE,TRUE,TRUE,TRUE,FALSE,"[260,260,260,260,260,260,260,260,260,260]",,,FALSE,,14741,25,40,1,0,0.1,0.3,"[0.1,0.9]",24,"[0.001,0.0015,0.0020,0.0022,0.0025]",2,100000,"[0.03,0.035,0.04,0.045,0.048]","[0.09,0.09,0.09,0.09,0.09,0.09,0.09,0.09]",./auxiliary/FuelPrices.csv,./auxiliary/tractorweightvars.csv,25,,4,1000
29,"Class 8 Sleeper cab mid roof (Diesel, 2040, program success)","[(""EPA_Ph2_rural_interstate_65mph.csv"", .86), (""EPA_Ph2_urban_highway_55mph.csv"", .09), (""EPA_Ph2_transient.csv"", .05)]",TRUE,"[108010,117983,114998,104732]",0,4,0.03,100,56,0,8,200,50,6250,70,0.07,8.5,7.2,30,15,500,1.2,0.12,55,7.467735503,112759,36287.43275,0,diesel,"[0.15,0.15,0.15,0.15]",lease,0.15,0.1,1,4,Long haul,2040,FY22TechSuccess,600,30,65,80,20,MDHD_programsuccess_2040,MDHD_large_programsuccess_2040,SleeperTractorMidRoof_programsuccess_2040,TRUE,,,,,280,400,,,FALSE,TRUE,TRUE,TRUE,FALSE,"[260,260,260,260,260,260,260,260,260,260]",,,FALSE,,14741,25,40,1,0,0.1,0.3,"[0.1,0.9]",24,"[0.001,0.0015,0.0020,0.0022,0.0025]",2,100000,"[0.03,0.035,0.04,0.045,0.048]","[0.09,0.09,0.09,0.09,0.09,0.09,0.09,0.09]",./auxiliary/FuelPrices.csv,./auxiliary/tractorweightvars.csv,25,,4,1000
30,"Class 8 Sleeper cab low roof (Diesel, 2040, program success)","[(""EPA_Ph2_rural_interstate_65mph.csv"", .86), (""EPA_Ph2_urban_highway_55mph.csv"", .09), (""EPA_Ph2_transient.csv"", .05)]",TRUE,"[108010,117983,114998,104732]",0,4,0.03,100,56,0,8,200,50,6250,70,0.07,8.5,7.2,30,15,500,1.2,0.12,55,7.467735503,112759,36287.43275,0,diesel,"[0.15,0.15,0.15,0.15]",lease,0.15,0.1,1,4,Long haul,2040,FY22TechSuccess,600,30,65,80,20,MDHD_programsuccess_2040,MDHD_large_programsuccess_2040,SleeperTractorLowRoof_programsuccess_2040,TRUE,,,,,280,400,,,FALSE,TRUE,TRUE,TRUE,FALSE,"[260,260,260,260,260,260,260,260,260,260]",,,FALSE,,14741,25,40,1,0,0.1,0.3,"[0.1,0.9]",24,"[0.001,0.0015,0.0020,0.0022,0.0025]",2,100000,"[0.03,0.035,0.04,0.045,0.048]","[0.09,0.09,0.09,0.09,0.09,0.09,0.09,0.09]",./auxiliary/FuelPrices.csv,./auxiliary/tractorweightvars.csv,25,,4,1000
31,"Class 8 Sleeper cab high roof (Diesel, 2050, program success)","[(""EPA_Ph2_rural_interstate_65mph.csv"", .86), (""EPA_Ph2_urban_highway_55mph.csv"", .09), (""EPA_Ph2_transient.csv"", .05)]",TRUE,"[108010,117983,114998,104732]",0,4,0.03,100,50,0,6,133,50,6250,60,0.07,8,7.2,30,15,500,1.2,0.12,55,7.467735503,112759,36287.43275,0,diesel,"[0.15,0.15,0.15,0.15]",lease,0.15,0.1,1,4,Long haul,2050,FY22TechSuccess,600,30,65,80,20,MDHD_programsuccess_2050,MDHD_large_programsuccess_2050,SleeperTractorHighRoof_programsuccess_2050,FALSE,,,,,280,400,,,FALSE,TRUE,TRUE,TRUE,FALSE,"[260,260,260,260,260,260,260,260,260,260]",,,FALSE,,14741,25,40,1,0,0.1,0.3,"[0.1,0.9]",24,"[0.001,0.0015,0.0020,0.0022,0.0025]",2,100000,"[0.03,0.035,0.04,0.045,0.048]","[0.09,0.09,0.09,0.09,0.09,0.09,0.09,0.09]",./auxiliary/FuelPrices.csv,./auxiliary/tractorweightvars.csv,25,,4,1000
32,"Class 8 Sleeper cab mid roof (Diesel, 2050, program success)","[(""EPA_Ph2_rural_interstate_65mph.csv"", .86), (""EPA_Ph2_urban_highway_55mph.csv"", .09), (""EPA_Ph2_transient.csv"", .05)]",TRUE,"[108010,117983,114998,104732]",0,4,0.03,100,50,0,6,133,50,6250,60,0.07,8,7.2,30,15,500,1.2,0.12,55,7.467735503,112759,36287.43275,0,diesel,"[0.15,0.15,0.15,0.15]",lease,0.15,0.1,1,4,Long haul,2050,FY22TechSuccess,600,30,65,80,20,MDHD_programsuccess_2050,MDHD_large_programsuccess_2050,SleeperTractorMidRoof_programsuccess_2050,TRUE,,,,,280,400,,,FALSE,TRUE,TRUE,TRUE,FALSE,"[260,260,260,260,260,260,260,260,260,260]",,,FALSE,,14741,25,40,1,0,0.1,0.3,"[0.1,0.9]",24,"[0.001,0.0015,0.0020,0.0022,0.0025]",2,100000,"[0.03,0.035,0.04,0.045,0.048]","[0.09,0.09,0.09,0.09,0.09,0.09,0.09,0.09]",./auxiliary/FuelPrices.csv,./auxiliary/tractorweightvars.csv,25,,4,1000
33,"Class 8 Sleeper cab low roof (Diesel, 2050, program success)","[(""EPA_Ph2_rural_interstate_65mph.csv"", .86), (""EPA_Ph2_urban_highway_55mph.csv"", .09), (""EPA_Ph2_transient.csv"", .05)]",TRUE,"[108010,117983,114998,104732]",0,4,0.03,100,50,0,6,133,50,6250,60,0.07,8,7.2,30,15,500,1.2,0.12,55,7.467735503,112759,36287.43275,0,diesel,"[0.15,0.15,0.15,0.15]",lease,0.15,0.1,1,4,Long haul,2050,FY22TechSuccess,600,30,65,80,20,MDHD_programsuccess_2050,MDHD_large_programsuccess_2050,SleeperTractorLowRoof_programsuccess_2050,TRUE,,,,,280,400,,,FALSE,TRUE,TRUE,TRUE,FALSE,"[260,260,260,260,260,260,260,260,260,260]",,,FALSE,,14741,25,40,1,0,0.1,0.3,"[0.1,0.9]",24,"[0.001,0.0015,0.0020,0.0022,0.0025]",2,100000,"[0.03,0.035,0.04,0.045,0.048]","[0.09,0.09,0.09,0.09,0.09,0.09,0.09,0.09]",./auxiliary/FuelPrices.csv,./auxiliary/tractorweightvars.csv,25,,4,1000
34,"Class 8 Sleeper cab high roof (BEV, 2025, no program)","[(""EPA_Ph2_rural_interstate_65mph.csv"", .86), (""EPA_Ph2_urban_highway_55mph.csv"", .09), (""EPA_Ph2_transient.csv"", .05)]",TRUE,"[108010,117983,114998,104732]",0,4,0.03,100,190,0,23,500,50,6250,142,0.07,11,7.2,30,15,500,1.2,0.12,55,7.467735503,112759,36287.43275,907,electricity,"[0.15,0.15,0.15,0.15]",lease,0.15,0.1,1,4,Long haul,2025,FY22NoProgram,600,30,65,80,20,MDHD_noprogram_2025,,SleeperTractorHighRoof_noprogram_2025,FALSE,1000,2000,200,400,,,,,TRUE,TRUE,TRUE,TRUE,TRUE,"[260,260,260,260,260,260,260,260,260,260]",,,FALSE,,14741,25,40,1,0,0.1,0.3,"[0.1,0.9]",24,"[0.001,0.0015,0.0020,0.0022,0.0025]",2,100000,"[0.03,0.035,0.04,0.045,0.048]","[0.09,0.09,0.09,0.09,0.09,0.09,0.09,0.09]",./auxiliary/FuelPrices.csv,./auxiliary/tractorweightvars.csv,25,,4,1000
35,"Class 8 Sleeper cab mid roof (BEV, 2025, no program)","[(""EPA_Ph2_rural_interstate_65mph.csv"", .86), (""EPA_Ph2_urban_highway_55mph.csv"", .09), (""EPA_Ph2_transient.csv"", .05)]",TRUE,"[108010,117983,114998,104732]",0,4,0.03,100,190,0,23,500,50,6250,142,0.07,11,7.2,30,15,500,1.2,0.12,55,7.467735503,112759,36287.43275,907,electricity,"[0.15,0.15,0.15,0.15]",lease,0.15,0.1,1,4,Long haul,2025,FY22NoProgram,600,30,65,80,20,MDHD_noprogram_2025,,SleeperTractorMidRoof_noprogram_2025,TRUE,1000,2000,200,400,,,,,TRUE,TRUE,TRUE,TRUE,TRUE,"[260,260,260,260,260,260,260,260,260,260]",,,FALSE,,14741,25,40,1,0,0.1,0.3,"[0.1,0.9]",24,"[0.001,0.0015,0.0020,0.0022,0.0025]",2,100000,"[0.03,0.035,0.04,0.045,0.048]","[0.09,0.09,0.09,0.09,0.09,0.09,0.09,0.09]",./auxiliary/FuelPrices.csv,./auxiliary/tractorweightvars.csv,25,,4,1000
36,"Class 8 Sleeper cab low roof (BEV, 2025, no program)","[(""EPA_Ph2_rural_interstate_65mph.csv"", .86), (""EPA_Ph2_urban_highway_55mph.csv"", .09), (""EPA_Ph2_transient.csv"", .05)]",TRUE,"[108010,117983,114998,104732]",0,4,0.03,100,190,0,23,500,50,6250,142,0.07,11,7.2,30,15,500,1.2,0.12,55,7.467735503,112759,36287.43275,907,electricity,"[0.15,0.15,0.15,0.15]",lease,0.15,0.1,1,4,Long haul,2025,FY22NoProgram,600,30,65,80,20,MDHD_noprogram_2025,,SleeperTractorLowRoof_noprogram_2025,TRUE,1000,2000,200,400,,,,,TRUE,TRUE,TRUE,TRUE,TRUE,"[260,260,260,260,260,260,260,260,260,260]",,,FALSE,,14741,25,40,1,0,0.1,0.3,"[0.1,0.9]",24,"[0.001,0.0015,0.0020,0.0022,0.0025]",2,100000,"[0.03,0.035,0.04,0.045,0.048]","[0.09,0.09,0.09,0.09,0.09,0.09,0.09,0.09]",./auxiliary/FuelPrices.csv,./auxiliary/tractorweightvars.csv,25,,4,1000
37,"Class 8 Sleeper cab high roof (BEV, 2030, no program)","[(""EPA_Ph2_rural_interstate_65mph.csv"", .86), (""EPA_Ph2_urban_highway_55mph.csv"", .09), (""EPA_Ph2_transient.csv"", .05)]",TRUE,"[108010,117983,114998,104732]",0,4,0.03,100,120,0,18.3,500,50,6250,113,0.07,10,7.2,30,15,500,1.2,0.12,55,7.467735503,112759,36287.43275,907,electricity,"[0.15,0.15,0.15,0.15]",lease,0.15,0.1,1,4,Long haul,2030,FY22NoProgram,600,30,65,80,20,MDHD_noprogram_2030,,SleeperTractorHighRoof_noprogram_2030,FALSE,1000,2000,200,400,,,,,TRUE,TRUE,TRUE,TRUE,TRUE,"[260,260,260,260,260,260,260,260,260,260]",,,FALSE,,14741,25,40,1,0,0.1,0.3,"[0.1,0.9]",24,"[0.001,0.0015,0.0020,0.0022,0.0025]",2,100000,"[0.03,0.035,0.04,0.045,0.048]","[0.09,0.09,0.09,0.09,0.09,0.09,0.09,0.09]",./auxiliary/FuelPrices.csv,./auxiliary/tractorweightvars.csv,25,,4,1000
38,"Class 8 Sleeper cab mid roof (BEV, 2030, no program)","[(""EPA_Ph2_rural_interstate_65mph.csv"", .86), (""EPA_Ph2_urban_highway_55mph.csv"", .09), (""EPA_Ph2_transient.csv"", .05)]",TRUE,"[108010,117983,114998,104732]",0,4,0.03,100,120,0,18.3,500,50,6250,113,0.07,10,7.2,30,15,500,1.2,0.12,55,7.467735503,112759,36287.43275,907,electricity,"[0.15,0.15,0.15,0.15]",lease,0.15,0.1,1,4,Long haul,2030,FY22NoProgram,600,30,65,80,20,MDHD_noprogram_2030,,SleeperTractorMidRoof_noprogram_2030,TRUE,1000,2000,200,400,,,,,TRUE,TRUE,TRUE,TRUE,TRUE,"[260,260,260,260,260,260,260,260,260,260]",,,FALSE,,14741,25,40,1,0,0.1,0.3,"[0.1,0.9]",24,"[0.001,0.0015,0.0020,0.0022,0.0025]",2,100000,"[0.03,0.035,0.04,0.045,0.048]","[0.09,0.09,0.09,0.09,0.09,0.09,0.09,0.09]",./auxiliary/FuelPrices.csv,./auxiliary/tractorweightvars.csv,25,,4,1000
39,"Class 8 Sleeper cab low roof (BEV, 2030, no program)","[(""EPA_Ph2_rural_interstate_65mph.csv"", .86), (""EPA_Ph2_urban_highway_55mph.csv"", .09), (""EPA_Ph2_transient.csv"", .05)]",TRUE,"[108010,117983,114998,104732]",0,4,0.03,100,120,0,18.3,500,50,6250,113,0.07,10,7.2,30,15,500,1.2,0.12,55,7.467735503,112759,36287.43275,907,electricity,"[0.15,0.15,0.15,0.15]",lease,0.15,0.1,1,4,Long haul,2030,FY22NoProgram,600,30,65,80,20,MDHD_noprogram_2030,,SleeperTractorLowRoof_noprogram_2030,TRUE,1000,2000,200,400,,,,,TRUE,TRUE,TRUE,TRUE,TRUE,"[260,260,260,260,260,260,260,260,260,260]",,,FALSE,,14741,25,40,1,0,0.1,0.3,"[0.1,0.9]",24,"[0.001,0.0015,0.0020,0.0022,0.0025]",2,100000,"[0.03,0.035,0.04,0.045,0.048]","[0.09,0.09,0.09,0.09,0.09,0.09,0.09,0.09]",./auxiliary/FuelPrices.csv,./auxiliary/tractorweightvars.csv,25,,4,1000
40,"Class 8 Sleeper cab high roof (BEV, 2035, no program)","[(""EPA_Ph2_rural_interstate_65mph.csv"", .86), (""EPA_Ph2_urban_highway_55mph.csv"", .09), (""EPA_Ph2_transient.csv"", .05)]",TRUE,"[108010,117983,114998,104732]",0,4,0.03,100,105,0,15.65,450,50,6250,99,0.07,9.75,7.2,30,15,500,1.2,0.12,55,7.467735503,112759,36287.43275,907,electricity,"[0.15,0.15,0.15,0.15]",lease,0.15,0.1,1,4,Long haul,2035,FY22NoProgram,600,30,65,80,20,MDHD_noprogram_2035,,SleeperTractorHighRoof_noprogram_2035,FALSE,1000,2000,200,400,,,,,TRUE,TRUE,TRUE,TRUE,TRUE,"[260,260,260,260,260,260,260,260,260,260]",,,FALSE,,14741,25,40,1,0,0.1,0.3,"[0.1,0.9]",24,"[0.001,0.0015,0.0020,0.0022,0.0025]",2,100000,"[0.03,0.035,0.04,0.045,0.048]","[0.09,0.09,0.09,0.09,0.09,0.09,0.09,0.09]",./auxiliary/FuelPrices.csv,./auxiliary/tractorweightvars.csv,25,,4,1000
41,"Class 8 Sleeper cab mid roof (BEV, 2035, no program)","[(""EPA_Ph2_rural_interstate_65mph.csv"", .86), (""EPA_Ph2_urban_highway_55mph.csv"", .09), (""EPA_Ph2_transient.csv"", .05)]",TRUE,"[108010,117983,114998,104732]",0,4,0.03,100,105,0,15.65,450,50,6250,99,0.07,9.75,7.2,30,15,500,1.2,0.12,55,7.467735503,112759,36287.43275,907,electricity,"[0.15,0.15,0.15,0.15]",lease,0.15,0.1,1,4,Long haul,2035,FY22NoProgram,600,30,65,80,20,MDHD_noprogram_2035,,SleeperTractorMidRoof_noprogram_2035,TRUE,1000,2000,200,400,,,,,TRUE,TRUE,TRUE,TRUE,TRUE,"[260,260,260,260,260,260,260,260,260,260]",,,FALSE,,14741,25,40,1,0,0.1,0.3,"[0.1,0.9]",24,"[0.001,0.0015,0.0020,0.0022,0.0025]",2,100000,"[0.03,0.035,0.04,0.045,0.048]","[0.09,0.09,0.09,0.09,0.09,0.09,0.09,0.09]",./auxiliary/FuelPrices.csv,./auxiliary/tractorweightvars.csv,25,,4,1000
42,"Class 8 Sleeper cab low roof (BEV, 2035, no program)","[(""EPA_Ph2_rural_interstate_65mph.csv"", .86), (""EPA_Ph2_urban_highway_55mph.csv"", .09), (""EPA_Ph2_transient.csv"", .05)]",TRUE,"[108010,117983,114998,104732]",0,4,0.03,100,105,0,15.65,450,50,6250,99,0.07,9.75,7.2,30,15,500,1.2,0.12,55,7.467735503,112759,36287.43275,907,electricity,"[0.15,0.15,0.15,0.15]",lease,0.15,0.1,1,4,Long haul,2035,FY22NoProgram,600,30,65,80,20,MDHD_noprogram_2035,,SleeperTractorLowRoof_noprogram_2035,TRUE,1000,2000,200,400,,,,,TRUE,TRUE,TRUE,TRUE,TRUE,"[260,260,260,260,260,260,260,260,260,260]",,,FALSE,,14741,25,40,1,0,0.1,0.3,"[0.1,0.9]",24,"[0.001,0.0015,0.0020,0.0022,0.0025]",2,100000,"[0.03,0.035,0.04,0.045,0.048]","[0.09,0.09,0.09,0.09,0.09,0.09,0.09,0.09]",./auxiliary/FuelPrices.csv,./auxiliary/tractorweightvars.csv,25,,4,1000
43,"Class 8 Sleeper cab high roof (BEV, 2040, no program)","[(""EPA_Ph2_rural_interstate_65mph.csv"", .86), (""EPA_Ph2_urban_highway_55mph.csv"", .09), (""EPA_Ph2_transient.csv"", .05)]",TRUE,"[108010,117983,114998,104732]",0,4,0.03,100,90,0,13,400,50,6250,85,0.07,9.5,7.2,30,15,500,1.2,0.12,55,7.467735503,112759,36287.43275,907,electricity,"[0.15,0.15,0.15,0.15]",lease,0.15,0.1,1,4,Long haul,2040,FY22NoProgram,300,30,65,80,20,MDHD_noprogram_2040,,SleeperTractorHighRoof_noprogram_2040,FALSE,1000,2000,200,400,,,,,TRUE,TRUE,TRUE,TRUE,TRUE,"[260,260,260,260,260,260,260,260,260,260]",,,FALSE,,14741,25,40,1,0,0.1,0.3,"[0.1,0.9]",24,"[0.001,0.0015,0.0020,0.0022,0.0025]",2,100000,"[0.03,0.035,0.04,0.045,0.048]","[0.09,0.09,0.09,0.09,0.09,0.09,0.09,0.09]",./auxiliary/FuelPrices.csv,./auxiliary/tractorweightvars.csv,25,,4,1000
44,"Class 8 Sleeper cab mid roof (BEV, 2040, no program)","[(""EPA_Ph2_rural_interstate_65mph.csv"", .86), (""EPA_Ph2_urban_highway_55mph.csv"", .09), (""EPA_Ph2_transient.csv"", .05)]",TRUE,"[108010,117983,114998,104732]",0,4,0.03,100,90,0,13,400,50,6250,85,0.07,9.5,7.2,30,15,500,1.2,0.12,55,7.467735503,112759,36287.43275,907,electricity,"[0.15,0.15,0.15,0.15]",lease,0.15,0.1,1,4,Long haul,2040,FY22NoProgram,600,30,65,80,20,MDHD_noprogram_2040,,SleeperTractorMidRoof_noprogram_2040,TRUE,1000,2000,200,400,,,,,TRUE,TRUE,TRUE,TRUE,TRUE,"[260,260,260,260,260,260,260,260,260,260]",,,FALSE,,14741,25,40,1,0,0.1,0.3,"[0.1,0.9]",24,"[0.001,0.0015,0.0020,0.0022,0.0025]",2,100000,"[0.03,0.035,0.04,0.045,0.048]","[0.09,0.09,0.09,0.09,0.09,0.09,0.09,0.09]",./auxiliary/FuelPrices.csv,./auxiliary/tractorweightvars.csv,25,,4,1000
45,"Class 8 Sleeper cab low roof (BEV, 2040, no program)","[(""EPA_Ph2_rural_interstate_65mph.csv"", .86), (""EPA_Ph2_urban_highway_55mph.csv"", .09), (""EPA_Ph2_transient.csv"", .05)]",TRUE,"[108010,117983,114998,104732]",0,4,0.03,100,90,0,13,400,50,6250,85,0.07,9.5,7.2,30,15,500,1.2,0.12,55,7.467735503,112759,36287.43275,907,electricity,"[0.15,0.15,0.15,0.15]",lease,0.15,0.1,1,4,Long haul,2040,FY22NoProgram,600,30,65,80,20,MDHD_noprogram_2040,,SleeperTractorLowRoof_noprogram_2040,TRUE,1000,2000,200,400,,,,,TRUE,TRUE,TRUE,TRUE,TRUE,"[260,260,260,260,260,260,260,260,260,260]",,,FALSE,,14741,25,40,1,0,0.1,0.3,"[0.1,0.9]",24,"[0.001,0.0015,0.0020,0.0022,0.0025]",2,100000,"[0.03,0.035,0.04,0.045,0.048]","[0.09,0.09,0.09,0.09,0.09,0.09,0.09,0.09]",./auxiliary/FuelPrices.csv,./auxiliary/tractorweightvars.csv,25,,4,1000
46,"Class 8 Sleeper cab high roof (BEV, 2050, no program)","[(""EPA_Ph2_rural_interstate_65mph.csv"", .86), (""EPA_Ph2_urban_highway_55mph.csv"", .09), (""EPA_Ph2_transient.csv"", .05)]",TRUE,"[108010,117983,114998,104732]",0,4,0.03,100,85,0,11,350,50,6250,85,0.07,9.5,7.2,30,15,500,1.2,0.12,55,7.467735503,112759,36287.43275,907,electricity,"[0.15,0.15,0.15,0.15]",lease,0.15,0.1,1,4,Long haul,2050,FY22NoProgram,600,30,65,80,20,MDHD_noprogram_2050,,SleeperTractorHighRoof_noprogram_2050,FALSE,1000,2000,200,400,,,,,TRUE,TRUE,TRUE,TRUE,TRUE,"[260,260,260,260,260,260,260,260,260,260]",,,FALSE,,14741,25,40,1,0,0.1,0.3,"[0.1,0.9]",24,"[0.001,0.0015,0.0020,0.0022,0.0025]",2,100000,"[0.03,0.035,0.04,0.045,0.048]","[0.09,0.09,0.09,0.09,0.09,0.09,0.09,0.09]",./auxiliary/FuelPrices.csv,./auxiliary/tractorweightvars.csv,25,,4,1000
47,"Class 8 Sleeper cab mid roof (BEV, 2050, no program)","[(""EPA_Ph2_rural_interstate_65mph.csv"", .86), (""EPA_Ph2_urban_highway_55mph.csv"", .09), (""EPA_Ph2_transient.csv"", .05)]",TRUE,"[108010,117983,114998,104732]",0,4,0.03,100,85,0,11,350,50,6250,85,0.07,9.5,7.2,30,15,500,1.2,0.12,55,7.467735503,112759,36287.43275,907,electricity,"[0.15,0.15,0.15,0.15]",lease,0.15,0.1,1,4,Long haul,2050,FY22NoProgram,600,30,65,80,20,MDHD_noprogram_2050,,SleeperTractorMidRoof_noprogram_2050,TRUE,1000,2000,200,400,,,,,TRUE,TRUE,TRUE,TRUE,TRUE,"[260,260,260,260,260,260,260,260,260,260]",,,FALSE,,14741,25,40,1,0,0.1,0.3,"[0.1,0.9]",24,"[0.001,0.0015,0.0020,0.0022,0.0025]",2,100000,"[0.03,0.035,0.04,0.045,0.048]","[0.09,0.09,0.09,0.09,0.09,0.09,0.09,0.09]",./auxiliary/FuelPrices.csv,./auxiliary/tractorweightvars.csv,25,,4,1000
48,"Class 8 Sleeper cab low roof (BEV, 2050, no program)","[(""EPA_Ph2_rural_interstate_65mph.csv"", .86), (""EPA_Ph2_urban_highway_55mph.csv"", .09), (""EPA_Ph2_transient.csv"", .05)]",TRUE,"[108010,117983,114998,104732]",0,4,0.03,100,85,0,11,350,50,6250,85,0.07,9.5,7.2,30,15,500,1.2,0.12,55,7.467735503,112759,36287.43275,907,electricity,"[0.15,0.15,0.15,0.15]",lease,0.15,0.1,1,4,Long haul,2050,FY22NoProgram,600,30,65,80,20,MDHD_noprogram_2050,,SleeperTractorLowRoof_noprogram_2050,TRUE,1000,2000,200,400,,,,,TRUE,TRUE,TRUE,TRUE,TRUE,"[260,260,260,260,260,260,260,260,260,260]",,,FALSE,,14741,25,40,1,0,0.1,0.3,"[0.1,0.9]",24,"[0.001,0.0015,0.0020,0.0022,0.0025]",2,100000,"[0.03,0.035,0.04,0.045,0.048]","[0.09,0.09,0.09,0.09,0.09,0.09,0.09,0.09]",./auxiliary/FuelPrices.csv,./auxiliary/tractorweightvars.csv,25,,4,1000
49,"Class 8 Sleeper cab high roof (BEV, 2025, program success)","[(""EPA_Ph2_rural_interstate_65mph.csv"", .86), (""EPA_Ph2_urban_highway_55mph.csv"", .09), (""EPA_Ph2_transient.csv"", .05)]",TRUE,"[108010,117983,114998,104732]",0,4,0.03,100,177,0,18,300,50,6250,130,0.07,10,7.2,30,15,500,1.2,0.12,55,7.467735503,112759,36287.43275,907,electricity,"[0.15,0.15,0.15,0.15]",lease,0.15,0.1,1,4,Long haul,2025,FY22TechSuccess,600,30,65,80,20,MDHD_programsuccess_2025,,SleeperTractorHighRoof_programsuccess_2025,FALSE,1000,2000,200,400,,,,,TRUE,TRUE,TRUE,TRUE,TRUE,"[260,260,260,260,260,260,260,260,260,260]",,,FALSE,,14741,25,40,1,0,0.1,0.3,"[0.1,0.9]",24,"[0.001,0.0015,0.0020,0.0022,0.0025]",2,100000,"[0.03,0.035,0.04,0.045,0.048]","[0.09,0.09,0.09,0.09,0.09,0.09,0.09,0.09]",./auxiliary/FuelPrices.csv,./auxiliary/tractorweightvars.csv,25,,4,1000
50,"Class 8 Sleeper cab mid roof (BEV, 2025, program success)","[(""EPA_Ph2_rural_interstate_65mph.csv"", .86), (""EPA_Ph2_urban_highway_55mph.csv"", .09), (""EPA_Ph2_transient.csv"", .05)]",TRUE,"[108010,117983,114998,104732]",0,4,0.03,100,177,0,18,300,50,6250,130,0.07,10,7.2,30,15,500,1.2,0.12,55,7.467735503,112759,36287.43275,907,electricity,"[0.15,0.15,0.15,0.15]",lease,0.15,0.1,1,4,Long haul,2025,FY22TechSuccess,600,30,65,80,20,MDHD_programsuccess_2025,,SleeperTractorMidRoof_programsuccess_2025,TRUE,1000,2000,200,400,,,,,TRUE,TRUE,TRUE,TRUE,TRUE,"[260,260,260,260,260,260,260,260,260,260]",,,FALSE,,14741,25,40,1,0,0.1,0.3,"[0.1,0.9]",24,"[0.001,0.0015,0.0020,0.0022,0.0025]",2,100000,"[0.03,0.035,0.04,0.045,0.048]","[0.09,0.09,0.09,0.09,0.09,0.09,0.09,0.09]",./auxiliary/FuelPrices.csv,./auxiliary/tractorweightvars.csv,25,,4,1000
51,"Class 8 Sleeper cab low roof (BEV, 2025, program success)","[(""EPA_Ph2_rural_interstate_65mph.csv"", .86), (""EPA_Ph2_urban_highway_55mph.csv"", .09), (""EPA_Ph2_transient.csv"", .05)]",TRUE,"[108010,117983,114998,104732]",0,4,0.03,100,177,0,18,300,50,6250,130,0.07,10,7.2,30,15,500,1.2,0.12,55,7.467735503,112759,36287.43275,907,electricity,"[0.15,0.15,0.15,0.15]",lease,0.15,0.1,1,4,Long haul,2025,FY22TechSuccess,600,30,65,80,20,MDHD_programsuccess_2025,,SleeperTractorLowRoof_programsuccess_2025,TRUE,1000,2000,200,400,,,,,TRUE,TRUE,TRUE,TRUE,TRUE,"[260,260,260,260,260,260,260,260,260,260]",,,FALSE,,14741,25,40,1,0,0.1,0.3,"[0.1,0.9]",24,"[0.001,0.0015,0.0020,0.0022,0.0025]",2,100000,"[0.03,0.035,0.04,0.045,0.048]","[0.09,0.09,0.09,0.09,0.09,0.09,0.09,0.09]",./auxiliary/FuelPrices.csv,./auxiliary/tractorweightvars.csv,25,,4,1000
52,"Class 8 Sleeper cab high roof (BEV, 2030, program success)","[(""EPA_Ph2_rural_interstate_65mph.csv"", .86), (""EPA_Ph2_urban_highway_55mph.csv"", .09), (""EPA_Ph2_transient.csv"", .05)]",TRUE,"[108010,117983,114998,104732]",0,4,0.03,100,84,0,13.3,300,50,6250,80,0.07,9,7.2,30,15,500,1.2,0.12,55,7.467735503,112759,36287.43275,907,electricity,"[0.15,0.15,0.15,0.15]",lease,0.15,0.1,1,4,Long haul,2030,FY22TechSuccess,600,30,65,80,20,MDHD_programsuccess_2030,,SleeperTractorHighRoof_programsuccess_2030,FALSE,1000,2000,200,400,,,,,TRUE,TRUE,TRUE,TRUE,TRUE,"[260,260,260,260,260,260,260,260,260,260]",,,FALSE,,14741,25,40,1,0,0.1,0.3,"[0.1,0.9]",24,"[0.001,0.0015,0.0020,0.0022,0.0025]",2,100000,"[0.03,0.035,0.04,0.045,0.048]","[0.09,0.09,0.09,0.09,0.09,0.09,0.09,0.09]",./auxiliary/FuelPrices.csv,./auxiliary/tractorweightvars.csv,25,,4,1000
53,"Class 8 Sleeper cab mid roof (BEV, 2030, program success)","[(""EPA_Ph2_rural_interstate_65mph.csv"", .86), (""EPA_Ph2_urban_highway_55mph.csv"", .09), (""EPA_Ph2_transient.csv"", .05)]",TRUE,"[108010,117983,114998,104732]",0,4,0.03,100,84,0,13.3,300,50,6250,80,0.07,9,7.2,30,15,500,1.2,0.12,55,7.467735503,112759,36287.43275,907,electricity,"[0.15,0.15,0.15,0.15]",lease,0.15,0.1,1,4,Long haul,2030,FY22TechSuccess,600,30,65,80,20,MDHD_programsuccess_2030,,SleeperTractorMidRoof_programsuccess_2030,TRUE,1000,2000,200,400,,,,,TRUE,TRUE,TRUE,TRUE,TRUE,"[260,260,260,260,260,260,260,260,260,260]",,,FALSE,,14741,25,40,1,0,0.1,0.3,"[0.1,0.9]",24,"[0.001,0.0015,0.0020,0.0022,0.0025]",2,100000,"[0.03,0.035,0.04,0.045,0.048]","[0.09,0.09,0.09,0.09,0.09,0.09,0.09,0.09]",./auxiliary/FuelPrices.csv,./auxiliary/tractorweightvars.csv,25,,4,1000
54,"Class 8 Sleeper cab low roof (BEV, 2030, program success)","[(""EPA_Ph2_rural_interstate_65mph.csv"", .86), (""EPA_Ph2_urban_highway_55mph.csv"", .09), (""EPA_Ph2_transient.csv"", .05)]",TRUE,"[108010,117983,114998,104732]",0,4,0.03,100,84,0,13.3,300,50,6250,80,0.07,9,7.2,30,15,500,1.2,0.12,55,7.467735503,112759,36287.43275,907,electricity,"[0.15,0.15,0.15,0.15]",lease,0.15,0.1,1,4,Long haul,2030,FY22TechSuccess,600,30,65,80,20,MDHD_programsuccess_2030,,SleeperTractorLowRoof_programsuccess_2030,TRUE,1000,2000,200,400,,,,,TRUE,TRUE,TRUE,TRUE,TRUE,"[260,260,260,260,260,260,260,260,260,260]",,,FALSE,,14741,25,40,1,0,0.1,0.3,"[0.1,0.9]",24,"[0.001,0.0015,0.0020,0.0022,0.0025]",2,100000,"[0.03,0.035,0.04,0.045,0.048]","[0.09,0.09,0.09,0.09,0.09,0.09,0.09,0.09]",./auxiliary/FuelPrices.csv,./auxiliary/tractorweightvars.csv,25,,4,1000
55,"Class 8 Sleeper cab high roof (BEV, 2035, program success)","[(""EPA_Ph2_rural_interstate_65mph.csv"", .86), (""EPA_Ph2_urban_highway_55mph.csv"", .09), (""EPA_Ph2_transient.csv"", .05)]",TRUE,"[108010,117983,114998,104732]",0,4,0.03,100,70,0,10.65,250,50,6250,75,0.07,8.75,7.2,30,15,500,1.2,0.12,55,7.467735503,112759,36287.43275,907,electricity,"[0.15,0.15,0.15,0.15]",lease,0.15,0.1,1,4,Long haul,2035,FY22TechSuccess,600,30,65,80,20,MDHD_programsuccess_2035,,SleeperTractorHighRoof_programsuccess_2035,FALSE,1000,2000,200,400,,,,,TRUE,TRUE,TRUE,TRUE,TRUE,"[260,260,260,260,260,260,260,260,260,260]",,,FALSE,,14741,25,40,1,0,0.1,0.3,"[0.1,0.9]",24,"[0.001,0.0015,0.0020,0.0022,0.0025]",2,100000,"[0.03,0.035,0.04,0.045,0.048]","[0.09,0.09,0.09,0.09,0.09,0.09,0.09,0.09]",./auxiliary/FuelPrices.csv,./auxiliary/tractorweightvars.csv,25,,4,1000
56,"Class 8 Sleeper cab mid roof (BEV, 2035, program success)","[(""EPA_Ph2_rural_interstate_65mph.csv"", .86), (""EPA_Ph2_urban_highway_55mph.csv"", .09), (""EPA_Ph2_transient.csv"", .05)]",TRUE,"[108010,117983,114998,104732]",0,4,0.03,100,70,0,10.65,250,50,6250,75,0.07,8.75,7.2,30,15,500,1.2,0.12,55,7.467735503,112759,36287.43275,907,electricity,"[0.15,0.15,0.15,0.15]",lease,0.15,0.1,1,4,Long haul,2035,FY22TechSuccess,600,30,65,80,20,MDHD_programsuccess_2035,,SleeperTractorMidRoof_programsuccess_2035,TRUE,1000,2000,200,400,,,,,TRUE,TRUE,TRUE,TRUE,TRUE,"[260,260,260,260,260,260,260,260,260,260]",,,FALSE,,14741,25,40,1,0,0.1,0.3,"[0.1,0.9]",24,"[0.001,0.0015,0.0020,0.0022,0.0025]",2,100000,"[0.03,0.035,0.04,0.045,0.048]","[0.09,0.09,0.09,0.09,0.09,0.09,0.09,0.09]",./auxiliary/FuelPrices.csv,./auxiliary/tractorweightvars.csv,25,,4,1000
57,"Class 8 Sleeper cab low roof (BEV, 2035, program success)","[(""EPA_Ph2_rural_interstate_65mph.csv"", .86), (""EPA_Ph2_urban_highway_55mph.csv"", .09), (""EPA_Ph2_transient.csv"", .05)]",TRUE,"[108010,117983,114998,104732]",0,4,0.03,100,70,0,10.65,250,50,6250,75,0.07,8.75,7.2,30,15,500,1.2,0.12,55,7.467735503,112759,36287.43275,907,electricity,"[0.15,0.15,0.15,0.15]",lease,0.15,0.1,1,4,Long haul,2035,FY22TechSuccess,600,30,65,80,20,MDHD_programsuccess_2035,,SleeperTractorLowRoof_programsuccess_2035,TRUE,1000,2000,200,400,,,,,TRUE,TRUE,TRUE,TRUE,TRUE,"[260,260,260,260,260,260,260,260,260,260]",,,FALSE,,14741,25,40,1,0,0.1,0.3,"[0.1,0.9]",24,"[0.001,0.0015,0.0020,0.0022,0.0025]",2,100000,"[0.03,0.035,0.04,0.045,0.048]","[0.09,0.09,0.09,0.09,0.09,0.09,0.09,0.09]",./auxiliary/FuelPrices.csv,./auxiliary/tractorweightvars.csv,25,,4,1000
58,"Class 8 Sleeper cab high roof (BEV, 2040, program success)","[(""EPA_Ph2_rural_interstate_65mph.csv"", .86), (""EPA_Ph2_urban_highway_55mph.csv"", .09), (""EPA_Ph2_transient.csv"", .05)]",TRUE,"[108010,117983,114998,104732]",0,4,0.03,100,56,0,8,200,50,6250,70,0.07,8.5,7.2,30,15,500,1.2,0.12,55,7.467735503,112759,36287.43275,907,electricity,"[0.15,0.15,0.15,0.15]",lease,0.15,0.1,1,4,Long haul,2040,FY22TechSuccess,600,30,65,80,20,MDHD_programsuccess_2040,,SleeperTractorHighRoof_programsuccess_2040,FALSE,1000,2000,200,400,,,,,TRUE,TRUE,TRUE,TRUE,TRUE,"[260,260,260,260,260,260,260,260,260,260]",,,FALSE,,14741,25,40,1,0,0.1,0.3,"[0.1,0.9]",24,"[0.001,0.0015,0.0020,0.0022,0.0025]",2,100000,"[0.03,0.035,0.04,0.045,0.048]","[0.09,0.09,0.09,0.09,0.09,0.09,0.09,0.09]",./auxiliary/FuelPrices.csv,./auxiliary/tractorweightvars.csv,25,,4,1000
59,"Class 8 Sleeper cab mid roof (BEV, 2040, program success)","[(""EPA_Ph2_rural_interstate_65mph.csv"", .86), (""EPA_Ph2_urban_highway_55mph.csv"", .09), (""EPA_Ph2_transient.csv"", .05)]",TRUE,"[108010,117983,114998,104732]",0,4,0.03,100,56,0,8,200,50,6250,70,0.07,8.5,7.2,30,15,500,1.2,0.12,55,7.467735503,112759,36287.43275,907,electricity,"[0.15,0.15,0.15,0.15]",lease,0.15,0.1,1,4,Long haul,2040,FY22TechSuccess,600,30,65,80,20,MDHD_programsuccess_2040,,SleeperTractorMidRoof_programsuccess_2040,TRUE,1000,2000,200,400,,,,,TRUE,TRUE,TRUE,TRUE,TRUE,"[260,260,260,260,260,260,260,260,260,260]",,,FALSE,,14741,25,40,1,0,0.1,0.3,"[0.1,0.9]",24,"[0.001,0.0015,0.0020,0.0022,0.0025]",2,100000,"[0.03,0.035,0.04,0.045,0.048]","[0.09,0.09,0.09,0.09,0.09,0.09,0.09,0.09]",./auxiliary/FuelPrices.csv,./auxiliary/tractorweightvars.csv,25,,4,1000
60,"Class 8 Sleeper cab low roof (BEV, 2040, program success)","[(""EPA_Ph2_rural_interstate_65mph.csv"", .86), (""EPA_Ph2_urban_highway_55mph.csv"", .09), (""EPA_Ph2_transient.csv"", .05)]",TRUE,"[108010,117983,114998,104732]",0,4,0.03,100,56,0,8,200,50,6250,70,0.07,8.5,7.2,30,15,500,1.2,0.12,55,7.467735503,112759,36287.43275,907,electricity,"[0.15,0.15,0.15,0.15]",lease,0.15,0.1,1,4,Long haul,2040,FY22TechSuccess,600,30,65,80,20,MDHD_programsuccess_2040,,SleeperTractorLowRoof_programsuccess_2040,TRUE,1000,2000,200,400,,,,,TRUE,TRUE,TRUE,TRUE,TRUE,"[260,260,260,260,260,260,260,260,260,260]",,,FALSE,,14741,25,40,1,0,0.1,0.3,"[0.1,0.9]",24,"[0.001,0.0015,0.0020,0.0022,0.0025]",2,100000,"[0.03,0.035,0.04,0.045,0.048]","[0.09,0.09,0.09,0.09,0.09,0.09,0.09,0.09]",./auxiliary/FuelPrices.csv,./auxiliary/tractorweightvars.csv,25,,4,1000
61,"Class 8 Sleeper cab high roof (BEV, 2050, program success)","[(""EPA_Ph2_rural_interstate_65mph.csv"", .86), (""EPA_Ph2_urban_highway_55mph.csv"", .09), (""EPA_Ph2_transient.csv"", .05)]",TRUE,"[108010,117983,114998,104732]",0,4,0.03,100,50,0,6,133,50,6250,60,0.07,8,7.2,30,15,500,1.2,0.12,55,7.467735503,112759,36287.43275,907,electricity,"[0.15,0.15,0.15,0.15]",lease,0.15,0.1,1,4,Long haul,2050,FY22TechSuccess,600,30,65,80,20,MDHD_programsuccess_2050,,SleeperTractorHighRoof_programsuccess_2050,FALSE,1000,2000,200,400,,,,,TRUE,TRUE,TRUE,TRUE,TRUE,"[260,260,260,260,260,260,260,260,260,260]",,,FALSE,,14741,25,40,1,0,0.1,0.3,"[0.1,0.9]",24,"[0.001,0.0015,0.0020,0.0022,0.0025]",2,100000,"[0.03,0.035,0.04,0.045,0.048]","[0.09,0.09,0.09,0.09,0.09,0.09,0.09,0.09]",./auxiliary/FuelPrices.csv,./auxiliary/tractorweightvars.csv,25,,4,1000
62,"Class 8 Sleeper cab mid roof (BEV, 2050, program success)","[(""EPA_Ph2_rural_interstate_65mph.csv"", .86), (""EPA_Ph2_urban_highway_55mph.csv"", .09), (""EPA_Ph2_transient.csv"", .05)]",TRUE,"[108010,117983,114998,104732]",0,4,0.03,100,50,0,6,133,50,6250,60,0.07,8,7.2,30,15,500,1.2,0.12,55,7.467735503,112759,36287.43275,907,electricity,"[0.15,0.15,0.15,0.15]",lease,0.15,0.1,1,4,Long haul,2050,FY22TechSuccess,600,30,65,80,20,MDHD_programsuccess_2050,,SleeperTractorMidRoof_programsuccess_2050,TRUE,1000,2000,200,400,,,,,TRUE,TRUE,TRUE,TRUE,TRUE,"[260,260,260,260,260,260,260,260,260,260]",,,FALSE,,14741,25,40,1,0,0.1,0.3,"[0.1,0.9]",24,"[0.001,0.0015,0.0020,0.0022,0.0025]",2,100000,"[0.03,0.035,0.04,0.045,0.048]","[0.09,0.09,0.09,0.09,0.09,0.09,0.09,0.09]",./auxiliary/FuelPrices.csv,./auxiliary/tractorweightvars.csv,25,,4,1000
63,"Class 8 Sleeper cab low roof (BEV, 2050, program success)","[(""EPA_Ph2_rural_interstate_65mph.csv"", .86), (""EPA_Ph2_urban_highway_55mph.csv"", .09), (""EPA_Ph2_transient.csv"", .05)]",TRUE,"[108010,117983,114998,104732]",0,4,0.03,100,50,0,6,133,50,6250,60,0.07,8,7.2,30,15,500,1.2,0.12,55,7.467735503,112759,36287.43275,907,electricity,"[0.15,0.15,0.15,0.15]",lease,0.15,0.1,1,4,Long haul,2050,FY22TechSuccess,600,30,65,80,20,MDHD_programsuccess_2050,,SleeperTractorLowRoof_programsuccess_2050,TRUE,1000,2000,200,400,,,,,TRUE,TRUE,TRUE,TRUE,TRUE,"[260,260,260,260,260,260,260,260,260,260]",,,FALSE,,14741,25,40,1,0,0.1,0.3,"[0.1,0.9]",24,"[0.001,0.0015,0.0020,0.0022,0.0025]",2,100000,"[0.03,0.035,0.04,0.045,0.048]","[0.09,0.09,0.09,0.09,0.09,0.09,0.09,0.09]",./auxiliary/FuelPrices.csv,./auxiliary/tractorweightvars.csv,25,,4,1000
64,"Class 8 Sleeper cab high roof (HEV, 2025, no program)","[(""EPA_Ph2_rural_interstate_65mph.csv"", .86), (""EPA_Ph2_urban_highway_55mph.csv"", .09), (""EPA_Ph2_transient.csv"", .05)]",TRUE,"[108010,117983,114998,104732]",0,4,0.03,100,440,0,23,500,50,6250,142,0.07,11,7.2,30,15,500,1.2,0.12,55,7.467735503,112759,36287.43275,0,diesel,"[0.15,0.15,0.15,0.15]",lease,0.15,0.1,1,4,Long haul,2025,FY22NoProgram,600,30,65,80,20,MDHD_noprogram_2025,MDHD_large_noprogram_2025,SleeperTractorHighRoof_noprogram_2025,FALSE,0.001,50,50,200,200,400,,,FALSE,TRUE,TRUE,TRUE,TRUE,"[260,260,260,260,260,260,260,260,260,260]",,,FALSE,,14741,25,40,1,0,0.1,0.3,"[0.1,0.9]",24,"[0.001,0.0015,0.0020,0.0022,0.0025]",2,100000,"[0.03,0.035,0.04,0.045,0.048]","[0.09,0.09,0.09,0.09,0.09,0.09,0.09,0.09]",./auxiliary/FuelPrices.csv,./auxiliary/tractorweightvars.csv,25,,4,1000
65,"Class 8 Sleeper cab mid roof (HEV, 2025, no program)","[(""EPA_Ph2_rural_interstate_65mph.csv"", .86), (""EPA_Ph2_urban_highway_55mph.csv"", .09), (""EPA_Ph2_transient.csv"", .05)]",TRUE,"[108010,117983,114998,104732]",0,4,0.03,100,440,0,23,500,50,6250,142,0.07,11,7.2,30,15,500,1.2,0.12,55,7.467735503,112759,36287.43275,0,diesel,"[0.15,0.15,0.15,0.15]",lease,0.15,0.1,1,4,Long haul,2025,FY22NoProgram,600,30,65,80,20,MDHD_noprogram_2025,MDHD_large_noprogram_2025,SleeperTractorMidRoof_noprogram_2025,TRUE,0.001,50,50,200,200,400,,,FALSE,TRUE,TRUE,TRUE,TRUE,"[260,260,260,260,260,260,260,260,260,260]",,,FALSE,,14741,25,40,1,0,0.1,0.3,"[0.1,0.9]",24,"[0.001,0.0015,0.0020,0.0022,0.0025]",2,100000,"[0.03,0.035,0.04,0.045,0.048]","[0.09,0.09,0.09,0.09,0.09,0.09,0.09,0.09]",./auxiliary/FuelPrices.csv,./auxiliary/tractorweightvars.csv,25,,4,1000
66,"Class 8 Sleeper cab low roof (HEV, 2025, no program)","[(""EPA_Ph2_rural_interstate_65mph.csv"", .86), (""EPA_Ph2_urban_highway_55mph.csv"", .09), (""EPA_Ph2_transient.csv"", .05)]",TRUE,"[108010,117983,114998,104732]",0,4,0.03,100,440,0,23,500,50,6250,142,0.07,11,7.2,30,15,500,1.2,0.12,55,7.467735503,112759,36287.43275,0,diesel,"[0.15,0.15,0.15,0.15]",lease,0.15,0.1,1,4,Long haul,2025,FY22NoProgram,600,30,65,80,20,MDHD_noprogram_2025,MDHD_large_noprogram_2025,SleeperTractorLowRoof_noprogram_2025,TRUE,0.001,50,50,200,200,400,,,FALSE,TRUE,TRUE,TRUE,TRUE,"[260,260,260,260,260,260,260,260,260,260]",,,FALSE,,14741,25,40,1,0,0.1,0.3,"[0.1,0.9]",24,"[0.001,0.0015,0.0020,0.0022,0.0025]",2,100000,"[0.03,0.035,0.04,0.045,0.048]","[0.09,0.09,0.09,0.09,0.09,0.09,0.09,0.09]",./auxiliary/FuelPrices.csv,./auxiliary/tractorweightvars.csv,25,,4,1000
67,"Class 8 Sleeper cab high roof (HEV, 2030, no program)","[(""EPA_Ph2_rural_interstate_65mph.csv"", .86), (""EPA_Ph2_urban_highway_55mph.csv"", .09), (""EPA_Ph2_transient.csv"", .05)]",TRUE,"[108010,117983,114998,104732]",0,4,0.03,100,400,0,18.3,500,50,6250,113,0.07,10,7.2,30,15,500,1.2,0.12,55,7.467735503,112759,36287.43275,0,diesel,"[0.15,0.15,0.15,0.15]",lease,0.15,0.1,1,4,Long haul,2030,FY22NoProgram,600,30,65,80,20,MDHD_noprogram_2030,MDHD_large_noprogram_2030,SleeperTractorHighRoof_noprogram_2030,FALSE,0.001,50,50,200,200,400,,,FALSE,TRUE,TRUE,TRUE,TRUE,"[260,260,260,260,260,260,260,260,260,260]",,,FALSE,,14741,25,40,1,0,0.1,0.3,"[0.1,0.9]",24,"[0.001,0.0015,0.0020,0.0022,0.0025]",2,100000,"[0.03,0.035,0.04,0.045,0.048]","[0.09,0.09,0.09,0.09,0.09,0.09,0.09,0.09]",./auxiliary/FuelPrices.csv,./auxiliary/tractorweightvars.csv,25,,4,1000
68,"Class 8 Sleeper cab mid roof (HEV, 2030, no program)","[(""EPA_Ph2_rural_interstate_65mph.csv"", .86), (""EPA_Ph2_urban_highway_55mph.csv"", .09), (""EPA_Ph2_transient.csv"", .05)]",TRUE,"[108010,117983,114998,104732]",0,4,0.03,100,400,0,18.3,500,50,6250,113,0.07,10,7.2,30,15,500,1.2,0.12,55,7.467735503,112759,36287.43275,0,diesel,"[0.15,0.15,0.15,0.15]",lease,0.15,0.1,1,4,Long haul,2030,FY22NoProgram,600,30,65,80,20,MDHD_noprogram_2030,MDHD_large_noprogram_2030,SleeperTractorMidRoof_noprogram_2030,TRUE,0.001,50,50,200,200,400,,,FALSE,TRUE,TRUE,TRUE,TRUE,"[260,260,260,260,260,260,260,260,260,260]",,,FALSE,,14741,25,40,1,0,0.1,0.3,"[0.1,0.9]",24,"[0.001,0.0015,0.0020,0.0022,0.0025]",2,100000,"[0.03,0.035,0.04,0.045,0.048]","[0.09,0.09,0.09,0.09,0.09,0.09,0.09,0.09]",./auxiliary/FuelPrices.csv,./auxiliary/tractorweightvars.csv,25,,4,1000
69,"Class 8 Sleeper cab low roof (HEV, 2030, no program)","[(""EPA_Ph2_rural_interstate_65mph.csv"", .86), (""EPA_Ph2_urban_highway_55mph.csv"", .09), (""EPA_Ph2_transient.csv"", .05)]",TRUE,"[108010,117983,114998,104732]",0,4,0.03,100,400,0,18.3,500,50,6250,113,0.07,10,7.2,30,15,500,1.2,0.12,55,7.467735503,112759,36287.43275,0,diesel,"[0.15,0.15,0.15,0.15]",lease,0.15,0.1,1,4,Long haul,2030,FY22NoProgram,600,30,65,80,20,MDHD_noprogram_2030,MDHD_large_noprogram_2030,SleeperTractorLowRoof_noprogram_2030,TRUE,0.001,50,50,200,200,400,,,FALSE,TRUE,TRUE,TRUE,TRUE,"[260,260,260,260,260,260,260,260,260,260]",,,FALSE,,14741,25,40,1,0,0.1,0.3,"[0.1,0.9]",24,"[0.001,0.0015,0.0020,0.0022,0.0025]",2,100000,"[0.03,0.035,0.04,0.045,0.048]","[0.09,0.09,0.09,0.09,0.09,0.09,0.09,0.09]",./auxiliary/FuelPrices.csv,./auxiliary/tractorweightvars.csv,25,,4,1000
70,"Class 8 Sleeper cab high roof (HEV, 2035, no program)","[(""EPA_Ph2_rural_interstate_65mph.csv"", .86), (""EPA_Ph2_urban_highway_55mph.csv"", .09), (""EPA_Ph2_transient.csv"", .05)]",TRUE,"[108010,117983,114998,104732]",0,4,0.03,100,370,0,15.65,450,50,6250,99,0.07,9.75,7.2,30,15,500,1.2,0.12,55,7.467735503,112759,36287.43275,0,diesel,"[0.15,0.15,0.15,0.15]",lease,0.15,0.1,1,4,Long haul,2035,FY22NoProgram,600,30,65,80,20,MDHD_noprogram_2035,MDHD_large_noprogram_2035,SleeperTractorHighRoof_noprogram_2035,FALSE,0.001,50,50,200,200,400,,,FALSE,TRUE,TRUE,TRUE,TRUE,"[260,260,260,260,260,260,260,260,260,260]",,,FALSE,,14741,25,40,1,0,0.1,0.3,"[0.1,0.9]",24,"[0.001,0.0015,0.0020,0.0022,0.0025]",2,100000,"[0.03,0.035,0.04,0.045,0.048]","[0.09,0.09,0.09,0.09,0.09,0.09,0.09,0.09]",./auxiliary/FuelPrices.csv,./auxiliary/tractorweightvars.csv,25,,4,1000
71,"Class 8 Sleeper cab mid roof (HEV, 2035, no program)","[(""EPA_Ph2_rural_interstate_65mph.csv"", .86), (""EPA_Ph2_urban_highway_55mph.csv"", .09), (""EPA_Ph2_transient.csv"", .05)]",TRUE,"[108010,117983,114998,104732]",0,4,0.03,100,370,0,15.65,450,50,6250,99,0.07,9.75,7.2,30,15,500,1.2,0.12,55,7.467735503,112759,36287.43275,0,diesel,"[0.15,0.15,0.15,0.15]",lease,0.15,0.1,1,4,Long haul,2035,FY22NoProgram,600,30,65,80,20,MDHD_noprogram_2035,MDHD_large_noprogram_2035,SleeperTractorMidRoof_noprogram_2035,TRUE,0.001,50,50,200,200,400,,,FALSE,TRUE,TRUE,TRUE,TRUE,"[260,260,260,260,260,260,260,260,260,260]",,,FALSE,,14741,25,40,1,0,0.1,0.3,"[0.1,0.9]",24,"[0.001,0.0015,0.0020,0.0022,0.0025]",2,100000,"[0.03,0.035,0.04,0.045,0.048]","[0.09,0.09,0.09,0.09,0.09,0.09,0.09,0.09]",./auxiliary/FuelPrices.csv,./auxiliary/tractorweightvars.csv,25,,4,1000
72,"Class 8 Sleeper cab low roof (HEV, 2035, no program)","[(""EPA_Ph2_rural_interstate_65mph.csv"", .86), (""EPA_Ph2_urban_highway_55mph.csv"", .09), (""EPA_Ph2_transient.csv"", .05)]",TRUE,"[108010,117983,114998,104732]",0,4,0.03,100,370,0,15.65,450,50,6250,99,0.07,9.75,7.2,30,15,500,1.2,0.12,55,7.467735503,112759,36287.43275,0,diesel,"[0.15,0.15,0.15,0.15]",lease,0.15,0.1,1,4,Long haul,2035,FY22NoProgram,600,30,65,80,20,MDHD_noprogram_2035,MDHD_large_noprogram_2035,SleeperTractorLowRoof_noprogram_2035,TRUE,0.001,50,50,200,200,400,,,FALSE,TRUE,TRUE,TRUE,TRUE,"[260,260,260,260,260,260,260,260,260,260]",,,FALSE,,14741,25,40,1,0,0.1,0.3,"[0.1,0.9]",24,"[0.001,0.0015,0.0020,0.0022,0.0025]",2,100000,"[0.03,0.035,0.04,0.045,0.048]","[0.09,0.09,0.09,0.09,0.09,0.09,0.09,0.09]",./auxiliary/FuelPrices.csv,./auxiliary/tractorweightvars.csv,25,,4,1000
73,"Class 8 Sleeper cab high roof (HEV, 2040, no program)","[(""EPA_Ph2_rural_interstate_65mph.csv"", .86), (""EPA_Ph2_urban_highway_55mph.csv"", .09), (""EPA_Ph2_transient.csv"", .05)]",TRUE,"[108010,117983,114998,104732]",0,4,0.03,100,340,0,13,400,50,6250,85,0.07,9.5,7.2,30,15,500,1.2,0.12,55,7.467735503,112759,36287.43275,0,diesel,"[0.15,0.15,0.15,0.15]",lease,0.15,0.1,1,4,Long haul,2040,FY22NoProgram,600,30,65,80,20,MDHD_noprogram_2040,MDHD_large_noprogram_2040,SleeperTractorHighRoof_noprogram_2040,FALSE,0.001,50,50,200,200,400,,,FALSE,TRUE,TRUE,TRUE,TRUE,"[260,260,260,260,260,260,260,260,260,260]",,,FALSE,,14741,25,40,1,0,0.1,0.3,"[0.1,0.9]",24,"[0.001,0.0015,0.0020,0.0022,0.0025]",2,100000,"[0.03,0.035,0.04,0.045,0.048]","[0.09,0.09,0.09,0.09,0.09,0.09,0.09,0.09]",./auxiliary/FuelPrices.csv,./auxiliary/tractorweightvars.csv,25,,4,1000
74,"Class 8 Sleeper cab mid roof (HEV, 2040, no program)","[(""EPA_Ph2_rural_interstate_65mph.csv"", .86), (""EPA_Ph2_urban_highway_55mph.csv"", .09), (""EPA_Ph2_transient.csv"", .05)]",TRUE,"[108010,117983,114998,104732]",0,4,0.03,100,340,0,13,400,50,6250,85,0.07,9.5,7.2,30,15,500,1.2,0.12,55,7.467735503,112759,36287.43275,0,diesel,"[0.15,0.15,0.15,0.15]",lease,0.15,0.1,1,4,Long haul,2040,FY22NoProgram,600,30,65,80,20,MDHD_noprogram_2040,MDHD_large_noprogram_2040,SleeperTractorMidRoof_noprogram_2040,TRUE,0.001,50,50,200,200,400,,,FALSE,TRUE,TRUE,TRUE,TRUE,"[260,260,260,260,260,260,260,260,260,260]",,,FALSE,,14741,25,40,1,0,0.1,0.3,"[0.1,0.9]",24,"[0.001,0.0015,0.0020,0.0022,0.0025]",2,100000,"[0.03,0.035,0.04,0.045,0.048]","[0.09,0.09,0.09,0.09,0.09,0.09,0.09,0.09]",./auxiliary/FuelPrices.csv,./auxiliary/tractorweightvars.csv,25,,4,1000
75,"Class 8 Sleeper cab low roof (HEV, 2040, no program)","[(""EPA_Ph2_rural_interstate_65mph.csv"", .86), (""EPA_Ph2_urban_highway_55mph.csv"", .09), (""EPA_Ph2_transient.csv"", .05)]",TRUE,"[108010,117983,114998,104732]",0,4,0.03,100,340,0,13,400,50,6250,85,0.07,9.5,7.2,30,15,500,1.2,0.12,55,7.467735503,112759,36287.43275,0,diesel,"[0.15,0.15,0.15,0.15]",lease,0.15,0.1,1,4,Long haul,2040,FY22NoProgram,600,30,65,80,20,MDHD_noprogram_2040,MDHD_large_noprogram_2040,SleeperTractorLowRoof_noprogram_2040,TRUE,0.001,50,50,200,200,400,,,FALSE,TRUE,TRUE,TRUE,TRUE,"[260,260,260,260,260,260,260,260,260,260]",,,FALSE,,14741,25,40,1,0,0.1,0.3,"[0.1,0.9]",24,"[0.001,0.0015,0.0020,0.0022,0.0025]",2,100000,"[0.03,0.035,0.04,0.045,0.048]","[0.09,0.09,0.09,0.09,0.09,0.09,0.09,0.09]",./auxiliary/FuelPrices.csv,./auxiliary/tractorweightvars.csv,25,,4,1000
76,"Class 8 Sleeper cab high roof (HEV, 2050, no program)","[(""EPA_Ph2_rural_interstate_65mph.csv"", .86), (""EPA_Ph2_urban_highway_55mph.csv"", .09), (""EPA_Ph2_transient.csv"", .05)]",TRUE,"[108010,117983,114998,104732]",0,4,0.03,100,320,0,11,350,50,6250,85,0.07,9.5,7.2,30,15,500,1.2,0.12,55,7.467735503,112759,36287.43275,0,diesel,"[0.15,0.15,0.15,0.15]",lease,0.15,0.1,1,4,Long haul,2050,FY22NoProgram,600,30,65,80,20,MDHD_noprogram_2050,MDHD_large_noprogram_2050,SleeperTractorHighRoof_noprogram_2050,FALSE,0.001,50,50,200,200,400,,,FALSE,TRUE,TRUE,TRUE,TRUE,"[260,260,260,260,260,260,260,260,260,260]",,,FALSE,,14741,25,40,1,0,0.1,0.3,"[0.1,0.9]",24,"[0.001,0.0015,0.0020,0.0022,0.0025]",2,100000,"[0.03,0.035,0.04,0.045,0.048]","[0.09,0.09,0.09,0.09,0.09,0.09,0.09,0.09]",./auxiliary/FuelPrices.csv,./auxiliary/tractorweightvars.csv,25,,4,1000
77,"Class 8 Sleeper cab mid roof (HEV, 2050, no program)","[(""EPA_Ph2_rural_interstate_65mph.csv"", .86), (""EPA_Ph2_urban_highway_55mph.csv"", .09), (""EPA_Ph2_transient.csv"", .05)]",TRUE,"[108010,117983,114998,104732]",0,4,0.03,100,320,0,11,350,50,6250,85,0.07,9.5,7.2,30,15,500,1.2,0.12,55,7.467735503,112759,36287.43275,0,diesel,"[0.15,0.15,0.15,0.15]",lease,0.15,0.1,1,4,Long haul,2050,FY22NoProgram,600,30,65,80,20,MDHD_noprogram_2050,MDHD_large_noprogram_2050,SleeperTractorMidRoof_noprogram_2050,TRUE,0.001,50,50,200,200,400,,,FALSE,TRUE,TRUE,TRUE,TRUE,"[260,260,260,260,260,260,260,260,260,260]",,,FALSE,,14741,25,40,1,0,0.1,0.3,"[0.1,0.9]",24,"[0.001,0.0015,0.0020,0.0022,0.0025]",2,100000,"[0.03,0.035,0.04,0.045,0.048]","[0.09,0.09,0.09,0.09,0.09,0.09,0.09,0.09]",./auxiliary/FuelPrices.csv,./auxiliary/tractorweightvars.csv,25,,4,1000
78,"Class 8 Sleeper cab low roof (HEV, 2050, no program)","[(""EPA_Ph2_rural_interstate_65mph.csv"", .86), (""EPA_Ph2_urban_highway_55mph.csv"", .09), (""EPA_Ph2_transient.csv"", .05)]",TRUE,"[108010,117983,114998,104732]",0,4,0.03,100,320,0,11,350,50,6250,85,0.07,9.5,7.2,30,15,500,1.2,0.12,55,7.467735503,112759,36287.43275,0,diesel,"[0.15,0.15,0.15,0.15]",lease,0.15,0.1,1,4,Long haul,2050,FY22NoProgram,600,30,65,80,20,MDHD_noprogram_2050,MDHD_large_noprogram_2050,SleeperTractorLowRoof_noprogram_2050,TRUE,0.001,50,50,200,200,400,,,FALSE,TRUE,TRUE,TRUE,TRUE,"[260,260,260,260,260,260,260,260,260,260]",,,FALSE,,14741,25,40,1,0,0.1,0.3,"[0.1,0.9]",24,"[0.001,0.0015,0.0020,0.0022,0.0025]",2,100000,"[0.03,0.035,0.04,0.045,0.048]","[0.09,0.09,0.09,0.09,0.09,0.09,0.09,0.09]",./auxiliary/FuelPrices.csv,./auxiliary/tractorweightvars.csv,25,,4,1000
79,"Class 8 Sleeper cab high roof (HEV, 2025, program success)","[(""EPA_Ph2_rural_interstate_65mph.csv"", .86), (""EPA_Ph2_urban_highway_55mph.csv"", .09), (""EPA_Ph2_transient.csv"", .05)]",TRUE,"[108010,117983,114998,104732]",0,4,0.03,100,420,0,18,300,50,6250,130,0.07,10,7.2,30,15,500,1.2,0.12,55,7.467735503,112759,36287.43275,0,diesel,"[0.15,0.15,0.15,0.15]",lease,0.15,0.1,1,4,Long haul,2025,FY22TechSuccess,600,30,65,80,20,MDHD_programsuccess_2025,MDHD_large_programsuccess_2025,SleeperTractorHighRoof_programsuccess_2025,FALSE,0.001,50,50,200,200,400,,,FALSE,TRUE,TRUE,TRUE,TRUE,"[260,260,260,260,260,260,260,260,260,260]",,,FALSE,,14741,25,40,1,0,0.1,0.3,"[0.1,0.9]",24,"[0.001,0.0015,0.0020,0.0022,0.0025]",2,100000,"[0.03,0.035,0.04,0.045,0.048]","[0.09,0.09,0.09,0.09,0.09,0.09,0.09,0.09]",./auxiliary/FuelPrices.csv,./auxiliary/tractorweightvars.csv,25,,4,1000
80,"Class 8 Sleeper cab mid roof (HEV, 2025, program success)","[(""EPA_Ph2_rural_interstate_65mph.csv"", .86), (""EPA_Ph2_urban_highway_55mph.csv"", .09), (""EPA_Ph2_transient.csv"", .05)]",TRUE,"[108010,117983,114998,104732]",0,4,0.03,100,420,0,18,300,50,6250,130,0.07,10,7.2,30,15,500,1.2,0.12,55,7.467735503,112759,36287.43275,0,diesel,"[0.15,0.15,0.15,0.15]",lease,0.15,0.1,1,4,Long haul,2025,FY22TechSuccess,600,30,65,80,20,MDHD_programsuccess_2025,MDHD_large_programsuccess_2025,SleeperTractorMidRoof_programsuccess_2025,TRUE,0.001,50,50,200,200,400,,,FALSE,TRUE,TRUE,TRUE,TRUE,"[260,260,260,260,260,260,260,260,260,260]",,,FALSE,,14741,25,40,1,0,0.1,0.3,"[0.1,0.9]",24,"[0.001,0.0015,0.0020,0.0022,0.0025]",2,100000,"[0.03,0.035,0.04,0.045,0.048]","[0.09,0.09,0.09,0.09,0.09,0.09,0.09,0.09]",./auxiliary/FuelPrices.csv,./auxiliary/tractorweightvars.csv,25,,4,1000
81,"Class 8 Sleeper cab low roof (HEV, 2025, program success)","[(""EPA_Ph2_rural_interstate_65mph.csv"", .86), (""EPA_Ph2_urban_highway_55mph.csv"", .09), (""EPA_Ph2_transient.csv"", .05)]",TRUE,"[108010,117983,114998,104732]",0,4,0.03,100,420,0,18,300,50,6250,130,0.07,10,7.2,30,15,500,1.2,0.12,55,7.467735503,112759,36287.43275,0,diesel,"[0.15,0.15,0.15,0.15]",lease,0.15,0.1,1,4,Long haul,2025,FY22TechSuccess,600,30,65,80,20,MDHD_programsuccess_2025,MDHD_large_programsuccess_2025,SleeperTractorLowRoof_programsuccess_2025,TRUE,0.001,50,50,200,200,400,,,FALSE,TRUE,TRUE,TRUE,TRUE,"[260,260,260,260,260,260,260,260,260,260]",,,FALSE,,14741,25,40,1,0,0.1,0.3,"[0.1,0.9]",24,"[0.001,0.0015,0.0020,0.0022,0.0025]",2,100000,"[0.03,0.035,0.04,0.045,0.048]","[0.09,0.09,0.09,0.09,0.09,0.09,0.09,0.09]",./auxiliary/FuelPrices.csv,./auxiliary/tractorweightvars.csv,25,,4,1000
82,"Class 8 Sleeper cab high roof (HEV, 2030, program success)","[(""EPA_Ph2_rural_interstate_65mph.csv"", .86), (""EPA_Ph2_urban_highway_55mph.csv"", .09), (""EPA_Ph2_transient.csv"", .05)]",TRUE,"[108010,117983,114998,104732]",0,4,0.03,100,340,0,13.3,300,50,6250,80,0.07,9,7.2,30,15,500,1.2,0.12,55,7.467735503,112759,36287.43275,0,diesel,"[0.15,0.15,0.15,0.15]",lease,0.15,0.1,1,4,Long haul,2030,FY22TechSuccess,600,30,65,80,20,MDHD_programsuccess_2030,MDHD_large_programsuccess_2030,SleeperTractorHighRoof_programsuccess_2030,FALSE,0.001,50,50,200,200,400,,,FALSE,TRUE,TRUE,TRUE,TRUE,"[260,260,260,260,260,260,260,260,260,260]",,,FALSE,,14741,25,40,1,0,0.1,0.3,"[0.1,0.9]",24,"[0.001,0.0015,0.0020,0.0022,0.0025]",2,100000,"[0.03,0.035,0.04,0.045,0.048]","[0.09,0.09,0.09,0.09,0.09,0.09,0.09,0.09]",./auxiliary/FuelPrices.csv,./auxiliary/tractorweightvars.csv,25,,4,1000
83,"Class 8 Sleeper cab mid roof (HEV, 2030, program success)","[(""EPA_Ph2_rural_interstate_65mph.csv"", .86), (""EPA_Ph2_urban_highway_55mph.csv"", .09), (""EPA_Ph2_transient.csv"", .05)]",TRUE,"[108010,117983,114998,104732]",0,4,0.03,100,340,0,13.3,300,50,6250,80,0.07,9,7.2,30,15,500,1.2,0.12,55,7.467735503,112759,36287.43275,0,diesel,"[0.15,0.15,0.15,0.15]",lease,0.15,0.1,1,4,Long haul,2030,FY22TechSuccess,600,30,65,80,20,MDHD_programsuccess_2030,MDHD_large_programsuccess_2030,SleeperTractorMidRoof_programsuccess_2030,TRUE,0.001,50,50,200,200,400,,,FALSE,TRUE,TRUE,TRUE,TRUE,"[260,260,260,260,260,260,260,260,260,260]",,,FALSE,,14741,25,40,1,0,0.1,0.3,"[0.1,0.9]",24,"[0.001,0.0015,0.0020,0.0022,0.0025]",2,100000,"[0.03,0.035,0.04,0.045,0.048]","[0.09,0.09,0.09,0.09,0.09,0.09,0.09,0.09]",./auxiliary/FuelPrices.csv,./auxiliary/tractorweightvars.csv,25,,4,1000
84,"Class 8 Sleeper cab low roof (HEV, 2030, program success)","[(""EPA_Ph2_rural_interstate_65mph.csv"", .86), (""EPA_Ph2_urban_highway_55mph.csv"", .09), (""EPA_Ph2_transient.csv"", .05)]",TRUE,"[108010,117983,114998,104732]",0,4,0.03,100,340,0,13.3,300,50,6250,80,0.07,9,7.2,30,15,500,1.2,0.12,55,7.467735503,112759,36287.43275,0,diesel,"[0.15,0.15,0.15,0.15]",lease,0.15,0.1,1,4,Long haul,2030,FY22TechSuccess,600,30,65,80,20,MDHD_programsuccess_2030,MDHD_large_programsuccess_2030,SleeperTractorLowRoof_programsuccess_2030,TRUE,0.001,50,50,200,200,400,,,FALSE,TRUE,TRUE,TRUE,TRUE,"[260,260,260,260,260,260,260,260,260,260]",,,FALSE,,14741,25,40,1,0,0.1,0.3,"[0.1,0.9]",24,"[0.001,0.0015,0.0020,0.0022,0.0025]",2,100000,"[0.03,0.035,0.04,0.045,0.048]","[0.09,0.09,0.09,0.09,0.09,0.09,0.09,0.09]",./auxiliary/FuelPrices.csv,./auxiliary/tractorweightvars.csv,25,,4,1000
85,"Class 8 Sleeper cab high roof (HEV, 2035, program success)","[(""EPA_Ph2_rural_interstate_65mph.csv"", .86), (""EPA_Ph2_urban_highway_55mph.csv"", .09), (""EPA_Ph2_transient.csv"", .05)]",TRUE,"[108010,117983,114998,104732]",0,4,0.03,100,290,0,10.65,250,50,6250,75,0.07,8.75,7.2,30,15,500,1.2,0.12,55,7.467735503,112759,36287.43275,0,diesel,"[0.15,0.15,0.15,0.15]",lease,0.15,0.1,1,4,Long haul,2035,FY22TechSuccess,600,30,65,80,20,MDHD_programsuccess_2035,MDHD_large_programsuccess_2035,SleeperTractorHighRoof_programsuccess_2035,FALSE,0.001,50,50,200,200,400,,,FALSE,TRUE,TRUE,TRUE,TRUE,"[260,260,260,260,260,260,260,260,260,260]",,,FALSE,,14741,25,40,1,0,0.1,0.3,"[0.1,0.9]",24,"[0.001,0.0015,0.0020,0.0022,0.0025]",2,100000,"[0.03,0.035,0.04,0.045,0.048]","[0.09,0.09,0.09,0.09,0.09,0.09,0.09,0.09]",./auxiliary/FuelPrices.csv,./auxiliary/tractorweightvars.csv,25,,4,1000
86,"Class 8 Sleeper cab mid roof (HEV, 2035, program success)","[(""EPA_Ph2_rural_interstate_65mph.csv"", .86), (""EPA_Ph2_urban_highway_55mph.csv"", .09), (""EPA_Ph2_transient.csv"", .05)]",TRUE,"[108010,117983,114998,104732]",0,4,0.03,100,290,0,10.65,250,50,6250,75,0.07,8.75,7.2,30,15,500,1.2,0.12,55,7.467735503,112759,36287.43275,0,diesel,"[0.15,0.15,0.15,0.15]",lease,0.15,0.1,1,4,Long haul,2035,FY22TechSuccess,600,30,65,80,20,MDHD_programsuccess_2035,MDHD_large_programsuccess_2035,SleeperTractorMidRoof_programsuccess_2035,TRUE,0.001,50,50,200,200,400,,,FALSE,TRUE,TRUE,TRUE,TRUE,"[260,260,260,260,260,260,260,260,260,260]",,,FALSE,,14741,25,40,1,0,0.1,0.3,"[0.1,0.9]",24,"[0.001,0.0015,0.0020,0.0022,0.0025]",2,100000,"[0.03,0.035,0.04,0.045,0.048]","[0.09,0.09,0.09,0.09,0.09,0.09,0.09,0.09]",./auxiliary/FuelPrices.csv,./auxiliary/tractorweightvars.csv,25,,4,1000
87,"Class 8 Sleeper cab low roof (HEV, 2035, program success)","[(""EPA_Ph2_rural_interstate_65mph.csv"", .86), (""EPA_Ph2_urban_highway_55mph.csv"", .09), (""EPA_Ph2_transient.csv"", .05)]",TRUE,"[108010,117983,114998,104732]",0,4,0.03,100,290,0,10.65,250,50,6250,75,0.07,8.75,7.2,30,15,500,1.2,0.12,55,7.467735503,112759,36287.43275,0,diesel,"[0.15,0.15,0.15,0.15]",lease,0.15,0.1,1,4,Long haul,2035,FY22TechSuccess,600,30,65,80,20,MDHD_programsuccess_2035,MDHD_large_programsuccess_2035,SleeperTractorLowRoof_programsuccess_2035,TRUE,0.001,50,50,200,200,400,,,FALSE,TRUE,TRUE,TRUE,TRUE,"[260,260,260,260,260,260,260,260,260,260]",,,FALSE,,14741,25,40,1,0,0.1,0.3,"[0.1,0.9]",24,"[0.001,0.0015,0.0020,0.0022,0.0025]",2,100000,"[0.03,0.035,0.04,0.045,0.048]","[0.09,0.09,0.09,0.09,0.09,0.09,0.09,0.09]",./auxiliary/FuelPrices.csv,./auxiliary/tractorweightvars.csv,25,,4,1000
88,"Class 8 Sleeper cab high roof (HEV, 2040, program success)","[(""EPA_Ph2_rural_interstate_65mph.csv"", .86), (""EPA_Ph2_urban_highway_55mph.csv"", .09), (""EPA_Ph2_transient.csv"", .05)]",TRUE,"[108010,117983,114998,104732]",0,4,0.03,100,240,0,8,200,50,6250,70,0.07,8.5,7.2,30,15,500,1.2,0.12,55,7.467735503,112759,36287.43275,0,diesel,"[0.15,0.15,0.15,0.15]",lease,0.15,0.1,1,4,Long haul,2040,FY22TechSuccess,600,30,65,80,20,MDHD_programsuccess_2040,MDHD_large_programsuccess_2040,SleeperTractorHighRoof_programsuccess_2040,FALSE,0.001,50,50,200,200,400,,,FALSE,TRUE,TRUE,TRUE,TRUE,"[260,260,260,260,260,260,260,260,260,260]",,,FALSE,,14741,25,40,1,0,0.1,0.3,"[0.1,0.9]",24,"[0.001,0.0015,0.0020,0.0022,0.0025]",2,100000,"[0.03,0.035,0.04,0.045,0.048]","[0.09,0.09,0.09,0.09,0.09,0.09,0.09,0.09]",./auxiliary/FuelPrices.csv,./auxiliary/tractorweightvars.csv,25,,4,1000
89,"Class 8 Sleeper cab mid roof (HEV, 2040, program success)","[(""EPA_Ph2_rural_interstate_65mph.csv"", .86), (""EPA_Ph2_urban_highway_55mph.csv"", .09), (""EPA_Ph2_transient.csv"", .05)]",TRUE,"[108010,117983,114998,104732]",0,4,0.03,100,240,0,8,200,50,6250,70,0.07,8.5,7.2,30,15,500,1.2,0.12,55,7.467735503,112759,36287.43275,0,diesel,"[0.15,0.15,0.15,0.15]",lease,0.15,0.1,1,4,Long haul,2040,FY22TechSuccess,600,30,65,80,20,MDHD_programsuccess_2040,MDHD_large_programsuccess_2040,SleeperTractorMidRoof_programsuccess_2040,TRUE,0.001,50,50,200,200,400,,,FALSE,TRUE,TRUE,TRUE,TRUE,"[260,260,260,260,260,260,260,260,260,260]",,,FALSE,,14741,25,40,1,0,0.1,0.3,"[0.1,0.9]",24,"[0.001,0.0015,0.0020,0.0022,0.0025]",2,100000,"[0.03,0.035,0.04,0.045,0.048]","[0.09,0.09,0.09,0.09,0.09,0.09,0.09,0.09]",./auxiliary/FuelPrices.csv,./auxiliary/tractorweightvars.csv,25,,4,1000
90,"Class 8 Sleeper cab low roof (HEV, 2040, program success)","[(""EPA_Ph2_rural_interstate_65mph.csv"", .86), (""EPA_Ph2_urban_highway_55mph.csv"", .09), (""EPA_Ph2_transient.csv"", .05)]",TRUE,"[108010,117983,114998,104732]",0,4,0.03,100,240,0,8,200,50,6250,70,0.07,8.5,7.2,30,15,500,1.2,0.12,55,7.467735503,112759,36287.43275,0,diesel,"[0.15,0.15,0.15,0.15]",lease,0.15,0.1,1,4,Long haul,2040,FY22TechSuccess,600,30,65,80,20,MDHD_programsuccess_2040,MDHD_large_programsuccess_2040,SleeperTractorLowRoof_programsuccess_2040,TRUE,0.001,50,50,200,200,400,,,FALSE,TRUE,TRUE,TRUE,TRUE,"[260,260,260,260,260,260,260,260,260,260]",,,FALSE,,14741,25,40,1,0,0.1,0.3,"[0.1,0.9]",24,"[0.001,0.0015,0.0020,0.0022,0.0025]",2,100000,"[0.03,0.035,0.04,0.045,0.048]","[0.09,0.09,0.09,0.09,0.09,0.09,0.09,0.09]",./auxiliary/FuelPrices.csv,./auxiliary/tractorweightvars.csv,25,,4,1000
91,"Class 8 Sleeper cab high roof (HEV, 2050, program success)","[(""EPA_Ph2_rural_interstate_65mph.csv"", .86), (""EPA_Ph2_urban_highway_55mph.csv"", .09), (""EPA_Ph2_transient.csv"", .05)]",TRUE,"[108010,117983,114998,104732]",0,4,0.03,100,200,0,6,133,50,6250,60,0.07,8,7.2,30,15,500,1.2,0.12,55,7.467735503,112759,36287.43275,0,diesel,"[0.15,0.15,0.15,0.15]",lease,0.15,0.1,1,4,Long haul,2050,FY22TechSuccess,600,30,65,80,20,MDHD_programsuccess_2050,MDHD_large_programsuccess_2050,SleeperTractorHighRoof_programsuccess_2050,FALSE,0.001,50,50,200,200,400,,,FALSE,TRUE,TRUE,TRUE,TRUE,"[260,260,260,260,260,260,260,260,260,260]",,,FALSE,,14741,25,40,1,0,0.1,0.3,"[0.1,0.9]",24,"[0.001,0.0015,0.0020,0.0022,0.0025]",2,100000,"[0.03,0.035,0.04,0.045,0.048]","[0.09,0.09,0.09,0.09,0.09,0.09,0.09,0.09]",./auxiliary/FuelPrices.csv,./auxiliary/tractorweightvars.csv,25,,4,1000
92,"Class 8 Sleeper cab mid roof (HEV, 2050, program success)","[(""EPA_Ph2_rural_interstate_65mph.csv"", .86), (""EPA_Ph2_urban_highway_55mph.csv"", .09), (""EPA_Ph2_transient.csv"", .05)]",TRUE,"[108010,117983,114998,104732]",0,4,0.03,100,200,0,6,133,50,6250,60,0.07,8,7.2,30,15,500,1.2,0.12,55,7.467735503,112759,36287.43275,0,diesel,"[0.15,0.15,0.15,0.15]",lease,0.15,0.1,1,4,Long haul,2050,FY22TechSuccess,600,30,65,80,20,MDHD_programsuccess_2050,MDHD_large_programsuccess_2050,SleeperTractorMidRoof_programsuccess_2050,TRUE,0.001,50,50,200,200,400,,,FALSE,TRUE,TRUE,TRUE,TRUE,"[260,260,260,260,260,260,260,260,260,260]",,,FALSE,,14741,25,40,1,0,0.1,0.3,"[0.1,0.9]",24,"[0.001,0.0015,0.0020,0.0022,0.0025]",2,100000,"[0.03,0.035,0.04,0.045,0.048]","[0.09,0.09,0.09,0.09,0.09,0.09,0.09,0.09]",./auxiliary/FuelPrices.csv,./auxiliary/tractorweightvars.csv,25,,4,1000
93,"Class 8 Sleeper cab low roof (HEV, 2050, program success)","[(""EPA_Ph2_rural_interstate_65mph.csv"", .86), (""EPA_Ph2_urban_highway_55mph.csv"", .09), (""EPA_Ph2_transient.csv"", .05)]",TRUE,"[108010,117983,114998,104732]",0,4,0.03,100,200,0,6,133,50,6250,60,0.07,8,7.2,30,15,500,1.2,0.12,55,7.467735503,112759,36287.43275,0,diesel,"[0.15,0.15,0.15,0.15]",lease,0.15,0.1,1,4,Long haul,2050,FY22TechSuccess,600,30,65,80,20,MDHD_programsuccess_2050,MDHD_large_programsuccess_2050,SleeperTractorLowRoof_programsuccess_2050,TRUE,0.001,50,50,200,200,400,,,FALSE,TRUE,TRUE,TRUE,TRUE,"[260,260,260,260,260,260,260,260,260,260]",,,FALSE,,14741,25,40,1,0,0.1,0.3,"[0.1,0.9]",24,"[0.001,0.0015,0.0020,0.0022,0.0025]",2,100000,"[0.03,0.035,0.04,0.045,0.048]","[0.09,0.09,0.09,0.09,0.09,0.09,0.09,0.09]",./auxiliary/FuelPrices.csv,./auxiliary/tractorweightvars.csv,25,,4,1000
94,"Class 8 Sleeper cab high roof (FCEV, 2025, no program)","[(""EPA_Ph2_rural_interstate_65mph.csv"", .86), (""EPA_Ph2_urban_highway_55mph.csv"", .09), (""EPA_Ph2_transient.csv"", .05)]",TRUE,"[108010,117983,114998,104732]",0,4,0.03,100,440,0,23,500,50,6250,142,0.07,11,7.2,30,15,500,1.2,0.12,55,7.467735503,112759,36287.43275,0,hydrogen,"[0.15,0.15,0.15,0.15]",lease,0.15,0.1,1,4,Long haul,2025,FY22NoProgram,600,30,65,80,20,MDHD_noprogram_2025,,SleeperTractorHighRoof_noprogram_2025,FALSE,0.001,50,200,400,200,400,800,3000,TRUE,TRUE,TRUE,TRUE,TRUE,"[260,260,260,260,260,260,260,260,260,260]",,,FALSE,,14741,25,40,1,0,0.1,0.3,"[0.1,0.9]",24,"[0.001,0.0015,0.0020,0.0022,0.0025]",2,100000,"[0.03,0.035,0.04,0.045,0.048]","[0.09,0.09,0.09,0.09,0.09,0.09,0.09,0.09]",./auxiliary/FuelPrices.csv,./auxiliary/tractorweightvars.csv,25,,4,1000
95,"Class 8 Sleeper cab mid roof (FCEV, 2025, no program)","[(""EPA_Ph2_rural_interstate_65mph.csv"", .86), (""EPA_Ph2_urban_highway_55mph.csv"", .09), (""EPA_Ph2_transient.csv"", .05)]",TRUE,"[108010,117983,114998,104732]",0,4,0.03,100,440,0,23,500,50,6250,142,0.07,11,7.2,30,15,500,1.2,0.12,55,7.467735503,112759,36287.43275,0,hydrogen,"[0.15,0.15,0.15,0.15]",lease,0.15,0.1,1,4,Long haul,2025,FY22NoProgram,600,30,65,80,20,MDHD_noprogram_2025,,SleeperTractorMidRoof_noprogram_2025,TRUE,0.001,50,200,400,200,400,800,3000,TRUE,TRUE,TRUE,TRUE,TRUE,"[260,260,260,260,260,260,260,260,260,260]",,,FALSE,,14741,25,40,1,0,0.1,0.3,"[0.1,0.9]",24,"[0.001,0.0015,0.0020,0.0022,0.0025]",2,100000,"[0.03,0.035,0.04,0.045,0.048]","[0.09,0.09,0.09,0.09,0.09,0.09,0.09,0.09]",./auxiliary/FuelPrices.csv,./auxiliary/tractorweightvars.csv,25,,4,1000
96,"Class 8 Sleeper cab low roof (FCEV, 2025, no program)","[(""EPA_Ph2_rural_interstate_65mph.csv"", .86), (""EPA_Ph2_urban_highway_55mph.csv"", .09), (""EPA_Ph2_transient.csv"", .05)]",TRUE,"[108010,117983,114998,104732]",0,4,0.03,100,440,0,23,500,50,6250,142,0.07,11,7.2,30,15,500,1.2,0.12,55,7.467735503,112759,36287.43275,0,hydrogen,"[0.15,0.15,0.15,0.15]",lease,0.15,0.1,1,4,Long haul,2025,FY22NoProgram,600,30,65,80,20,MDHD_noprogram_2025,,SleeperTractorLowRoof_noprogram_2025,TRUE,0.001,50,200,400,200,400,800,3000,TRUE,TRUE,TRUE,TRUE,TRUE,"[260,260,260,260,260,260,260,260,260,260]",,,FALSE,,14741,25,40,1,0,0.1,0.3,"[0.1,0.9]",24,"[0.001,0.0015,0.0020,0.0022,0.0025]",2,100000,"[0.03,0.035,0.04,0.045,0.048]","[0.09,0.09,0.09,0.09,0.09,0.09,0.09,0.09]",./auxiliary/FuelPrices.csv,./auxiliary/tractorweightvars.csv,25,,4,1000
97,"Class 8 Sleeper cab high roof (FCEV, 2030, no program)","[(""EPA_Ph2_rural_interstate_65mph.csv"", .86), (""EPA_Ph2_urban_highway_55mph.csv"", .09), (""EPA_Ph2_transient.csv"", .05)]",TRUE,"[108010,117983,114998,104732]",0,4,0.03,100,400,0,18.3,500,50,6250,113,0.07,10,7.2,30,15,500,1.2,0.12,55,7.467735503,112759,36287.43275,0,hydrogen,"[0.15,0.15,0.15,0.15]",lease,0.15,0.1,1,4,Long haul,2030,FY22NoProgram,600,30,65,80,20,MDHD_noprogram_2030,,SleeperTractorHighRoof_noprogram_2030,FALSE,0.001,50,200,400,200,400,800,3000,TRUE,TRUE,TRUE,TRUE,TRUE,"[260,260,260,260,260,260,260,260,260,260]",,,FALSE,,14741,25,40,1,0,0.1,0.3,"[0.1,0.9]",24,"[0.001,0.0015,0.0020,0.0022,0.0025]",2,100000,"[0.03,0.035,0.04,0.045,0.048]","[0.09,0.09,0.09,0.09,0.09,0.09,0.09,0.09]",./auxiliary/FuelPrices.csv,./auxiliary/tractorweightvars.csv,25,,4,1000
98,"Class 8 Sleeper cab mid roof (FCEV, 2030, no program)","[(""EPA_Ph2_rural_interstate_65mph.csv"", .86), (""EPA_Ph2_urban_highway_55mph.csv"", .09), (""EPA_Ph2_transient.csv"", .05)]",TRUE,"[108010,117983,114998,104732]",0,4,0.03,100,400,0,18.3,500,50,6250,113,0.07,10,7.2,30,15,500,1.2,0.12,55,7.467735503,112759,36287.43275,0,hydrogen,"[0.15,0.15,0.15,0.15]",lease,0.15,0.1,1,4,Long haul,2030,FY22NoProgram,600,30,65,80,20,MDHD_noprogram_2030,,SleeperTractorMidRoof_noprogram_2030,TRUE,0.001,50,200,400,200,400,800,3000,TRUE,TRUE,TRUE,TRUE,TRUE,"[260,260,260,260,260,260,260,260,260,260]",,,FALSE,,14741,25,40,1,0,0.1,0.3,"[0.1,0.9]",24,"[0.001,0.0015,0.0020,0.0022,0.0025]",2,100000,"[0.03,0.035,0.04,0.045,0.048]","[0.09,0.09,0.09,0.09,0.09,0.09,0.09,0.09]",./auxiliary/FuelPrices.csv,./auxiliary/tractorweightvars.csv,25,,4,1000
99,"Class 8 Sleeper cab low roof (FCEV, 2030, no program)","[(""EPA_Ph2_rural_interstate_65mph.csv"", .86), (""EPA_Ph2_urban_highway_55mph.csv"", .09), (""EPA_Ph2_transient.csv"", .05)]",TRUE,"[108010,117983,114998,104732]",0,4,0.03,100,400,0,18.3,500,50,6250,113,0.07,10,7.2,30,15,500,1.2,0.12,55,7.467735503,112759,36287.43275,0,hydrogen,"[0.15,0.15,0.15,0.15]",lease,0.15,0.1,1,4,Long haul,2030,FY22NoProgram,600,30,65,80,20,MDHD_noprogram_2030,,SleeperTractorLowRoof_noprogram_2030,TRUE,0.001,50,200,400,200,400,800,3000,TRUE,TRUE,TRUE,TRUE,TRUE,"[260,260,260,260,260,260,260,260,260,260]",,,FALSE,,14741,25,40,1,0,0.1,0.3,"[0.1,0.9]",24,"[0.001,0.0015,0.0020,0.0022,0.0025]",2,100000,"[0.03,0.035,0.04,0.045,0.048]","[0.09,0.09,0.09,0.09,0.09,0.09,0.09,0.09]",./auxiliary/FuelPrices.csv,./auxiliary/tractorweightvars.csv,25,,4,1000
100,"Class 8 Sleeper cab high roof (FCEV, 2035, no program)","[(""EPA_Ph2_rural_interstate_65mph.csv"", .86), (""EPA_Ph2_urban_highway_55mph.csv"", .09), (""EPA_Ph2_transient.csv"", .05)]",TRUE,"[108010,117983,114998,104732]",0,4,0.03,100,370,0,15.65,450,50,6250,99,0.07,9.75,7.2,30,15,500,1.2,0.12,55,7.467735503,112759,36287.43275,0,hydrogen,"[0.15,0.15,0.15,0.15]",lease,0.15,0.1,1,4,Long haul,2035,FY22NoProgram,600,30,65,80,20,MDHD_noprogram_2035,,SleeperTractorHighRoof_noprogram_2035,FALSE,0.001,50,200,400,200,400,800,3000,TRUE,TRUE,TRUE,TRUE,TRUE,"[260,260,260,260,260,260,260,260,260,260]",,,FALSE,,14741,25,40,1,0,0.1,0.3,"[0.1,0.9]",24,"[0.001,0.0015,0.0020,0.0022,0.0025]",2,100000,"[0.03,0.035,0.04,0.045,0.048]","[0.09,0.09,0.09,0.09,0.09,0.09,0.09,0.09]",./auxiliary/FuelPrices.csv,./auxiliary/tractorweightvars.csv,25,,4,1000
101,"Class 8 Sleeper cab mid roof (FCEV, 2035, no program)","[(""EPA_Ph2_rural_interstate_65mph.csv"", .86), (""EPA_Ph2_urban_highway_55mph.csv"", .09), (""EPA_Ph2_transient.csv"", .05)]",TRUE,"[108010,117983,114998,104732]",0,4,0.03,100,370,0,15.65,450,50,6250,99,0.07,9.75,7.2,30,15,500,1.2,0.12,55,7.467735503,112759,36287.43275,0,hydrogen,"[0.15,0.15,0.15,0.15]",lease,0.15,0.1,1,4,Long haul,2035,FY22NoProgram,600,30,65,80,20,MDHD_noprogram_2035,,SleeperTractorMidRoof_noprogram_2035,TRUE,0.001,50,200,400,200,400,800,3000,TRUE,TRUE,TRUE,TRUE,TRUE,"[260,260,260,260,260,260,260,260,260,260]",,,FALSE,,14741,25,40,1,0,0.1,0.3,"[0.1,0.9]",24,"[0.001,0.0015,0.0020,0.0022,0.0025]",2,100000,"[0.03,0.035,0.04,0.045,0.048]","[0.09,0.09,0.09,0.09,0.09,0.09,0.09,0.09]",./auxiliary/FuelPrices.csv,./auxiliary/tractorweightvars.csv,25,,4,1000
102,"Class 8 Sleeper cab low roof (FCEV, 2035, no program)","[(""EPA_Ph2_rural_interstate_65mph.csv"", .86), (""EPA_Ph2_urban_highway_55mph.csv"", .09), (""EPA_Ph2_transient.csv"", .05)]",TRUE,"[108010,117983,114998,104732]",0,4,0.03,100,370,0,15.65,450,50,6250,99,0.07,9.75,7.2,30,15,500,1.2,0.12,55,7.467735503,112759,36287.43275,0,hydrogen,"[0.15,0.15,0.15,0.15]",lease,0.15,0.1,1,4,Long haul,2035,FY22NoProgram,600,30,65,80,20,MDHD_noprogram_2035,,SleeperTractorLowRoof_noprogram_2035,TRUE,0.001,50,200,400,200,400,800,3000,TRUE,TRUE,TRUE,TRUE,TRUE,"[260,260,260,260,260,260,260,260,260,260]",,,FALSE,,14741,25,40,1,0,0.1,0.3,"[0.1,0.9]",24,"[0.001,0.0015,0.0020,0.0022,0.0025]",2,100000,"[0.03,0.035,0.04,0.045,0.048]","[0.09,0.09,0.09,0.09,0.09,0.09,0.09,0.09]",./auxiliary/FuelPrices.csv,./auxiliary/tractorweightvars.csv,25,,4,1000
103,"Class 8 Sleeper cab high roof (FCEV, 2040, no program)","[(""EPA_Ph2_rural_interstate_65mph.csv"", .86), (""EPA_Ph2_urban_highway_55mph.csv"", .09), (""EPA_Ph2_transient.csv"", .05)]",TRUE,"[108010,117983,114998,104732]",0,4,0.03,100,340,0,13,400,50,6250,85,0.07,9.5,7.2,30,15,500,1.2,0.12,55,7.467735503,112759,36287.43275,0,hydrogen,"[0.15,0.15,0.15,0.15]",lease,0.15,0.1,1,4,Long haul,2040,FY22NoProgram,600,30,65,80,20,MDHD_noprogram_2040,,SleeperTractorHighRoof_noprogram_2040,FALSE,0.001,50,200,400,200,400,800,3000,TRUE,TRUE,TRUE,TRUE,TRUE,"[260,260,260,260,260,260,260,260,260,260]",,,FALSE,,14741,25,40,1,0,0.1,0.3,"[0.1,0.9]",24,"[0.001,0.0015,0.0020,0.0022,0.0025]",2,100000,"[0.03,0.035,0.04,0.045,0.048]","[0.09,0.09,0.09,0.09,0.09,0.09,0.09,0.09]",./auxiliary/FuelPrices.csv,./auxiliary/tractorweightvars.csv,25,,4,1000
104,"Class 8 Sleeper cab mid roof (FCEV, 2040, no program)","[(""EPA_Ph2_rural_interstate_65mph.csv"", .86), (""EPA_Ph2_urban_highway_55mph.csv"", .09), (""EPA_Ph2_transient.csv"", .05)]",TRUE,"[108010,117983,114998,104732]",0,4,0.03,100,340,0,13,400,50,6250,85,0.07,9.5,7.2,30,15,500,1.2,0.12,55,7.467735503,112759,36287.43275,0,hydrogen,"[0.15,0.15,0.15,0.15]",lease,0.15,0.1,1,4,Long haul,2040,FY22NoProgram,600,30,65,80,20,MDHD_noprogram_2040,,SleeperTractorMidRoof_noprogram_2040,TRUE,0.001,50,200,400,200,400,800,3000,TRUE,TRUE,TRUE,TRUE,TRUE,"[260,260,260,260,260,260,260,260,260,260]",,,FALSE,,14741,25,40,1,0,0.1,0.3,"[0.1,0.9]",24,"[0.001,0.0015,0.0020,0.0022,0.0025]",2,100000,"[0.03,0.035,0.04,0.045,0.048]","[0.09,0.09,0.09,0.09,0.09,0.09,0.09,0.09]",./auxiliary/FuelPrices.csv,./auxiliary/tractorweightvars.csv,25,,4,1000
105,"Class 8 Sleeper cab low roof (FCEV, 2040, no program)","[(""EPA_Ph2_rural_interstate_65mph.csv"", .86), (""EPA_Ph2_urban_highway_55mph.csv"", .09), (""EPA_Ph2_transient.csv"", .05)]",TRUE,"[108010,117983,114998,104732]",0,4,0.03,100,340,0,13,400,50,6250,85,0.07,9.5,7.2,30,15,500,1.2,0.12,55,7.467735503,112759,36287.43275,0,hydrogen,"[0.15,0.15,0.15,0.15]",lease,0.15,0.1,1,4,Long haul,2040,FY22NoProgram,600,30,65,80,20,MDHD_noprogram_2040,,SleeperTractorLowRoof_noprogram_2040,TRUE,0.001,50,200,400,200,400,800,3000,TRUE,TRUE,TRUE,TRUE,TRUE,"[260,260,260,260,260,260,260,260,260,260]",,,FALSE,,14741,25,40,1,0,0.1,0.3,"[0.1,0.9]",24,"[0.001,0.0015,0.0020,0.0022,0.0025]",2,100000,"[0.03,0.035,0.04,0.045,0.048]","[0.09,0.09,0.09,0.09,0.09,0.09,0.09,0.09]",./auxiliary/FuelPrices.csv,./auxiliary/tractorweightvars.csv,25,,4,1000
106,"Class 8 Sleeper cab high roof (FCEV, 2050, no program)","[(""EPA_Ph2_rural_interstate_65mph.csv"", .86), (""EPA_Ph2_urban_highway_55mph.csv"", .09), (""EPA_Ph2_transient.csv"", .05)]",TRUE,"[108010,117983,114998,104732]",0,4,0.03,100,320,0,11,350,50,6250,85,0.07,9.5,7.2,30,15,500,1.2,0.12,55,7.467735503,112759,36287.43275,0,hydrogen,"[0.15,0.15,0.15,0.15]",lease,0.15,0.1,1,4,Long haul,2050,FY22NoProgram,600,30,65,80,20,MDHD_noprogram_2050,,SleeperTractorHighRoof_noprogram_2050,FALSE,0.001,50,200,400,200,400,800,3000,TRUE,TRUE,TRUE,TRUE,TRUE,"[260,260,260,260,260,260,260,260,260,260]",,,FALSE,,14741,25,40,1,0,0.1,0.3,"[0.1,0.9]",24,"[0.001,0.0015,0.0020,0.0022,0.0025]",2,100000,"[0.03,0.035,0.04,0.045,0.048]","[0.09,0.09,0.09,0.09,0.09,0.09,0.09,0.09]",./auxiliary/FuelPrices.csv,./auxiliary/tractorweightvars.csv,25,,4,1000
107,"Class 8 Sleeper cab mid roof (FCEV, 2050, no program)","[(""EPA_Ph2_rural_interstate_65mph.csv"", .86), (""EPA_Ph2_urban_highway_55mph.csv"", .09), (""EPA_Ph2_transient.csv"", .05)]",TRUE,"[108010,117983,114998,104732]",0,4,0.03,100,320,0,11,350,50,6250,85,0.07,9.5,7.2,30,15,500,1.2,0.12,55,7.467735503,112759,36287.43275,0,hydrogen,"[0.15,0.15,0.15,0.15]",lease,0.15,0.1,1,4,Long haul,2050,FY22NoProgram,600,30,65,80,20,MDHD_noprogram_2050,,SleeperTractorMidRoof_noprogram_2050,TRUE,0.001,50,200,400,200,400,800,3000,TRUE,TRUE,TRUE,TRUE,TRUE,"[260,260,260,260,260,260,260,260,260,260]",,,FALSE,,14741,25,40,1,0,0.1,0.3,"[0.1,0.9]",24,"[0.001,0.0015,0.0020,0.0022,0.0025]",2,100000,"[0.03,0.035,0.04,0.045,0.048]","[0.09,0.09,0.09,0.09,0.09,0.09,0.09,0.09]",./auxiliary/FuelPrices.csv,./auxiliary/tractorweightvars.csv,25,,4,1000
108,"Class 8 Sleeper cab low roof (FCEV, 2050, no program)","[(""EPA_Ph2_rural_interstate_65mph.csv"", .86), (""EPA_Ph2_urban_highway_55mph.csv"", .09), (""EPA_Ph2_transient.csv"", .05)]",TRUE,"[108010,117983,114998,104732]",0,4,0.03,100,320,0,11,350,50,6250,85,0.07,9.5,7.2,30,15,500,1.2,0.12,55,7.467735503,112759,36287.43275,0,hydrogen,"[0.15,0.15,0.15,0.15]",lease,0.15,0.1,1,4,Long haul,2050,FY22NoProgram,600,30,65,80,20,MDHD_noprogram_2050,,SleeperTractorLowRoof_noprogram_2050,TRUE,0.001,50,200,400,200,400,800,3000,TRUE,TRUE,TRUE,TRUE,TRUE,"[260,260,260,260,260,260,260,260,260,260]",,,FALSE,,14741,25,40,1,0,0.1,0.3,"[0.1,0.9]",24,"[0.001,0.0015,0.0020,0.0022,0.0025]",2,100000,"[0.03,0.035,0.04,0.045,0.048]","[0.09,0.09,0.09,0.09,0.09,0.09,0.09,0.09]",./auxiliary/FuelPrices.csv,./auxiliary/tractorweightvars.csv,25,,4,1000
109,"Class 8 Sleeper cab high roof (FCEV, 2025, program success)","[(""EPA_Ph2_rural_interstate_65mph.csv"", .86), (""EPA_Ph2_urban_highway_55mph.csv"", .09), (""EPA_Ph2_transient.csv"", .05)]",TRUE,"[108010,117983,114998,104732]",0,4,0.03,100,420,0,18,300,50,6250,130,0.07,10,7.2,30,15,500,1.2,0.12,55,7.467735503,112759,36287.43275,0,hydrogen,"[0.15,0.15,0.15,0.15]",lease,0.15,0.1,1,4,Long haul,2025,FY22TechSuccess,600,30,65,80,20,MDHD_programsuccess_2025,,SleeperTractorHighRoof_programsuccess_2025,FALSE,0.001,50,200,400,200,400,800,3000,TRUE,TRUE,TRUE,TRUE,TRUE,"[260,260,260,260,260,260,260,260,260,260]",,,FALSE,,14741,25,40,1,0,0.1,0.3,"[0.1,0.9]",24,"[0.001,0.0015,0.0020,0.0022,0.0025]",2,100000,"[0.03,0.035,0.04,0.045,0.048]","[0.09,0.09,0.09,0.09,0.09,0.09,0.09,0.09]",./auxiliary/FuelPrices.csv,./auxiliary/tractorweightvars.csv,25,,4,1000
110,"Class 8 Sleeper cab mid roof (FCEV, 2025, program success)","[(""EPA_Ph2_rural_interstate_65mph.csv"", .86), (""EPA_Ph2_urban_highway_55mph.csv"", .09), (""EPA_Ph2_transient.csv"", .05)]",TRUE,"[108010,117983,114998,104732]",0,4,0.03,100,420,0,18,300,50,6250,130,0.07,10,7.2,30,15,500,1.2,0.12,55,7.467735503,112759,36287.43275,0,hydrogen,"[0.15,0.15,0.15,0.15]",lease,0.15,0.1,1,4,Long haul,2025,FY22TechSuccess,600,30,65,80,20,MDHD_programsuccess_2025,,SleeperTractorMidRoof_programsuccess_2025,TRUE,0.001,50,200,400,200,400,800,3000,TRUE,TRUE,TRUE,TRUE,TRUE,"[260,260,260,260,260,260,260,260,260,260]",,,FALSE,,14741,25,40,1,0,0.1,0.3,"[0.1,0.9]",24,"[0.001,0.0015,0.0020,0.0022,0.0025]",2,100000,"[0.03,0.035,0.04,0.045,0.048]","[0.09,0.09,0.09,0.09,0.09,0.09,0.09,0.09]",./auxiliary/FuelPrices.csv,./auxiliary/tractorweightvars.csv,25,,4,1000
111,"Class 8 Sleeper cab low roof (FCEV, 2025, program success)","[(""EPA_Ph2_rural_interstate_65mph.csv"", .86), (""EPA_Ph2_urban_highway_55mph.csv"", .09), (""EPA_Ph2_transient.csv"", .05)]",TRUE,"[108010,117983,114998,104732]",0,4,0.03,100,420,0,18,300,50,6250,130,0.07,10,7.2,30,15,500,1.2,0.12,55,7.467735503,112759,36287.43275,0,hydrogen,"[0.15,0.15,0.15,0.15]",lease,0.15,0.1,1,4,Long haul,2025,FY22TechSuccess,600,30,65,80,20,MDHD_programsuccess_2025,,SleeperTractorLowRoof_programsuccess_2025,TRUE,0.001,50,200,400,200,400,800,3000,TRUE,TRUE,TRUE,TRUE,TRUE,"[260,260,260,260,260,260,260,260,260,260]",,,FALSE,,14741,25,40,1,0,0.1,0.3,"[0.1,0.9]",24,"[0.001,0.0015,0.0020,0.0022,0.0025]",2,100000,"[0.03,0.035,0.04,0.045,0.048]","[0.09,0.09,0.09,0.09,0.09,0.09,0.09,0.09]",./auxiliary/FuelPrices.csv,./auxiliary/tractorweightvars.csv,25,,4,1000
112,"Class 8 Sleeper cab high roof (FCEV, 2030, program success)","[(""EPA_Ph2_rural_interstate_65mph.csv"", .86), (""EPA_Ph2_urban_highway_55mph.csv"", .09), (""EPA_Ph2_transient.csv"", .05)]",TRUE,"[108010,117983,114998,104732]",0,4,0.03,100,340,0,13.3,300,50,6250,80,0.07,9,7.2,30,15,500,1.2,0.12,55,7.467735503,112759,36287.43275,0,hydrogen,"[0.15,0.15,0.15,0.15]",lease,0.15,0.1,1,4,Long haul,2030,FY22TechSuccess,600,30,65,80,20,MDHD_programsuccess_2030,,SleeperTractorHighRoof_programsuccess_2030,FALSE,0.001,50,200,400,200,400,800,3000,TRUE,TRUE,TRUE,TRUE,TRUE,"[260,260,260,260,260,260,260,260,260,260]",,,FALSE,,14741,25,40,1,0,0.1,0.3,"[0.1,0.9]",24,"[0.001,0.0015,0.0020,0.0022,0.0025]",2,100000,"[0.03,0.035,0.04,0.045,0.048]","[0.09,0.09,0.09,0.09,0.09,0.09,0.09,0.09]",./auxiliary/FuelPrices.csv,./auxiliary/tractorweightvars.csv,25,,4,1000
113,"Class 8 Sleeper cab mid roof (FCEV, 2030, program success)","[(""EPA_Ph2_rural_interstate_65mph.csv"", .86), (""EPA_Ph2_urban_highway_55mph.csv"", .09), (""EPA_Ph2_transient.csv"", .05)]",TRUE,"[108010,117983,114998,104732]",0,4,0.03,100,340,0,13.3,300,50,6250,80,0.07,9,7.2,30,15,500,1.2,0.12,55,7.467735503,112759,36287.43275,0,hydrogen,"[0.15,0.15,0.15,0.15]",lease,0.15,0.1,1,4,Long haul,2030,FY22TechSuccess,600,30,65,80,20,MDHD_programsuccess_2030,,SleeperTractorMidRoof_programsuccess_2030,TRUE,0.001,50,200,400,200,400,800,3000,TRUE,TRUE,TRUE,TRUE,TRUE,"[260,260,260,260,260,260,260,260,260,260]",,,FALSE,,14741,25,40,1,0,0.1,0.3,"[0.1,0.9]",24,"[0.001,0.0015,0.0020,0.0022,0.0025]",2,100000,"[0.03,0.035,0.04,0.045,0.048]","[0.09,0.09,0.09,0.09,0.09,0.09,0.09,0.09]",./auxiliary/FuelPrices.csv,./auxiliary/tractorweightvars.csv,25,,4,1000
114,"Class 8 Sleeper cab low roof (FCEV, 2030, program success)","[(""EPA_Ph2_rural_interstate_65mph.csv"", .86), (""EPA_Ph2_urban_highway_55mph.csv"", .09), (""EPA_Ph2_transient.csv"", .05)]",TRUE,"[108010,117983,114998,104732]",0,4,0.03,100,340,0,13.3,300,50,6250,80,0.07,9,7.2,30,15,500,1.2,0.12,55,7.467735503,112759,36287.43275,0,hydrogen,"[0.15,0.15,0.15,0.15]",lease,0.15,0.1,1,4,Long haul,2030,FY22TechSuccess,600,30,65,80,20,MDHD_programsuccess_2030,,SleeperTractorLowRoof_programsuccess_2030,TRUE,0.001,50,200,400,200,400,800,3000,TRUE,TRUE,TRUE,TRUE,TRUE,"[260,260,260,260,260,260,260,260,260,260]",,,FALSE,,14741,25,40,1,0,0.1,0.3,"[0.1,0.9]",24,"[0.001,0.0015,0.0020,0.0022,0.0025]",2,100000,"[0.03,0.035,0.04,0.045,0.048]","[0.09,0.09,0.09,0.09,0.09,0.09,0.09,0.09]",./auxiliary/FuelPrices.csv,./auxiliary/tractorweightvars.csv,25,,4,1000
115,"Class 8 Sleeper cab high roof (FCEV, 2035, program success)","[(""EPA_Ph2_rural_interstate_65mph.csv"", .86), (""EPA_Ph2_urban_highway_55mph.csv"", .09), (""EPA_Ph2_transient.csv"", .05)]",TRUE,"[108010,117983,114998,104732]",0,4,0.03,100,290,0,10.65,250,50,6250,75,0.07,8.75,7.2,30,15,500,1.2,0.12,55,7.467735503,112759,36287.43275,0,hydrogen,"[0.15,0.15,0.15,0.15]",lease,0.15,0.1,1,4,Long haul,2035,FY22TechSuccess,600,30,65,80,20,MDHD_programsuccess_2035,,SleeperTractorHighRoof_programsuccess_2035,FALSE,0.001,50,200,400,200,400,800,3000,TRUE,TRUE,TRUE,TRUE,TRUE,"[260,260,260,260,260,260,260,260,260,260]",,,FALSE,,14741,25,40,1,0,0.1,0.3,"[0.1,0.9]",24,"[0.001,0.0015,0.0020,0.0022,0.0025]",2,100000,"[0.03,0.035,0.04,0.045,0.048]","[0.09,0.09,0.09,0.09,0.09,0.09,0.09,0.09]",./auxiliary/FuelPrices.csv,./auxiliary/tractorweightvars.csv,25,,4,1000
116,"Class 8 Sleeper cab mid roof (FCEV, 2035, program success)","[(""EPA_Ph2_rural_interstate_65mph.csv"", .86), (""EPA_Ph2_urban_highway_55mph.csv"", .09), (""EPA_Ph2_transient.csv"", .05)]",TRUE,"[108010,117983,114998,104732]",0,4,0.03,100,290,0,10.65,250,50,6250,75,0.07,8.75,7.2,30,15,500,1.2,0.12,55,7.467735503,112759,36287.43275,0,hydrogen,"[0.15,0.15,0.15,0.15]",lease,0.15,0.1,1,4,Long haul,2035,FY22TechSuccess,600,30,65,80,20,MDHD_programsuccess_2035,,SleeperTractorMidRoof_programsuccess_2035,TRUE,0.001,50,200,400,200,400,800,3000,TRUE,TRUE,TRUE,TRUE,TRUE,"[260,260,260,260,260,260,260,260,260,260]",,,FALSE,,14741,25,40,1,0,0.1,0.3,"[0.1,0.9]",24,"[0.001,0.0015,0.0020,0.0022,0.0025]",2,100000,"[0.03,0.035,0.04,0.045,0.048]","[0.09,0.09,0.09,0.09,0.09,0.09,0.09,0.09]",./auxiliary/FuelPrices.csv,./auxiliary/tractorweightvars.csv,25,,4,1000
117,"Class 8 Sleeper cab low roof (FCEV, 2035, program success)","[(""EPA_Ph2_rural_interstate_65mph.csv"", .86), (""EPA_Ph2_urban_highway_55mph.csv"", .09), (""EPA_Ph2_transient.csv"", .05)]",TRUE,"[108010,117983,114998,104732]",0,4,0.03,100,290,0,10.65,250,50,6250,75,0.07,8.75,7.2,30,15,500,1.2,0.12,55,7.467735503,112759,36287.43275,0,hydrogen,"[0.15,0.15,0.15,0.15]",lease,0.15,0.1,1,4,Long haul,2035,FY22TechSuccess,600,30,65,80,20,MDHD_programsuccess_2035,,SleeperTractorLowRoof_programsuccess_2035,TRUE,0.001,50,200,400,200,400,800,3000,TRUE,TRUE,TRUE,TRUE,TRUE,"[260,260,260,260,260,260,260,260,260,260]",,,FALSE,,14741,25,40,1,0,0.1,0.3,"[0.1,0.9]",24,"[0.001,0.0015,0.0020,0.0022,0.0025]",2,100000,"[0.03,0.035,0.04,0.045,0.048]","[0.09,0.09,0.09,0.09,0.09,0.09,0.09,0.09]",./auxiliary/FuelPrices.csv,./auxiliary/tractorweightvars.csv,25,,4,1000
118,"Class 8 Sleeper cab high roof (FCEV, 2040, program success)","[(""EPA_Ph2_rural_interstate_65mph.csv"", .86), (""EPA_Ph2_urban_highway_55mph.csv"", .09), (""EPA_Ph2_transient.csv"", .05)]",TRUE,"[108010,117983,114998,104732]",0,4,0.03,100,240,0,8,200,50,6250,70,0.07,8.5,7.2,30,15,500,1.2,0.12,55,7.467735503,112759,36287.43275,0,hydrogen,"[0.15,0.15,0.15,0.15]",lease,0.15,0.1,1,4,Long haul,2040,FY22TechSuccess,600,30,65,80,20,MDHD_programsuccess_2040,,SleeperTractorHighRoof_programsuccess_2040,FALSE,0.001,50,200,400,200,400,800,3000,TRUE,TRUE,TRUE,TRUE,TRUE,"[260,260,260,260,260,260,260,260,260,260]",,,FALSE,,14741,25,40,1,0,0.1,0.3,"[0.1,0.9]",24,"[0.001,0.0015,0.0020,0.0022,0.0025]",2,100000,"[0.03,0.035,0.04,0.045,0.048]","[0.09,0.09,0.09,0.09,0.09,0.09,0.09,0.09]",./auxiliary/FuelPrices.csv,./auxiliary/tractorweightvars.csv,25,,4,1000
119,"Class 8 Sleeper cab mid roof (FCEV, 2040, program success)","[(""EPA_Ph2_rural_interstate_65mph.csv"", .86), (""EPA_Ph2_urban_highway_55mph.csv"", .09), (""EPA_Ph2_transient.csv"", .05)]",TRUE,"[108010,117983,114998,104732]",0,4,0.03,100,240,0,8,200,50,6250,70,0.07,8.5,7.2,30,15,500,1.2,0.12,55,7.467735503,112759,36287.43275,0,hydrogen,"[0.15,0.15,0.15,0.15]",lease,0.15,0.1,1,4,Long haul,2040,FY22TechSuccess,600,30,65,80,20,MDHD_programsuccess_2040,,SleeperTractorMidRoof_programsuccess_2040,TRUE,0.001,50,200,400,200,400,800,3000,TRUE,TRUE,TRUE,TRUE,TRUE,"[260,260,260,260,260,260,260,260,260,260]",,,FALSE,,14741,25,40,1,0,0.1,0.3,"[0.1,0.9]",24,"[0.001,0.0015,0.0020,0.0022,0.0025]",2,100000,"[0.03,0.035,0.04,0.045,0.048]","[0.09,0.09,0.09,0.09,0.09,0.09,0.09,0.09]",./auxiliary/FuelPrices.csv,./auxiliary/tractorweightvars.csv,25,,4,1000
120,"Class 8 Sleeper cab low roof (FCEV, 2040, program success)","[(""EPA_Ph2_rural_interstate_65mph.csv"", .86), (""EPA_Ph2_urban_highway_55mph.csv"", .09), (""EPA_Ph2_transient.csv"", .05)]",TRUE,"[108010,117983,114998,104732]",0,4,0.03,100,240,0,8,200,50,6250,70,0.07,8.5,7.2,30,15,500,1.2,0.12,55,7.467735503,112759,36287.43275,0,hydrogen,"[0.15,0.15,0.15,0.15]",lease,0.15,0.1,1,4,Long haul,2040,FY22TechSuccess,600,30,65,80,20,MDHD_programsuccess_2040,,SleeperTractorLowRoof_programsuccess_2040,TRUE,0.001,50,200,400,200,400,800,3000,TRUE,TRUE,TRUE,TRUE,TRUE,"[260,260,260,260,260,260,260,260,260,260]",,,FALSE,,14741,25,40,1,0,0.1,0.3,"[0.1,0.9]",24,"[0.001,0.0015,0.0020,0.0022,0.0025]",2,100000,"[0.03,0.035,0.04,0.045,0.048]","[0.09,0.09,0.09,0.09,0.09,0.09,0.09,0.09]",./auxiliary/FuelPrices.csv,./auxiliary/tractorweightvars.csv,25,,4,1000
121,"Class 8 Sleeper cab high roof (FCEV, 2050, program success)","[(""EPA_Ph2_rural_interstate_65mph.csv"", .86), (""EPA_Ph2_urban_highway_55mph.csv"", .09), (""EPA_Ph2_transient.csv"", .05)]",TRUE,"[108010,117983,114998,104732]",0,4,0.03,100,200,0,6,133,50,6250,60,0.07,8,7.2,30,15,500,1.2,0.12,55,7.467735503,112759,36287.43275,0,hydrogen,"[0.15,0.15,0.15,0.15]",lease,0.15,0.1,1,4,Long haul,2050,FY22TechSuccess,600,30,65,80,20,MDHD_programsuccess_2050,,SleeperTractorHighRoof_programsuccess_2050,FALSE,0.001,50,200,400,200,400,800,3000,TRUE,TRUE,TRUE,TRUE,TRUE,"[260,260,260,260,260,260,260,260,260,260]",,,FALSE,,14741,25,40,1,0,0.1,0.3,"[0.1,0.9]",24,"[0.001,0.0015,0.0020,0.0022,0.0025]",2,100000,"[0.03,0.035,0.04,0.045,0.048]","[0.09,0.09,0.09,0.09,0.09,0.09,0.09,0.09]",./auxiliary/FuelPrices.csv,./auxiliary/tractorweightvars.csv,25,,4,1000
122,"Class 8 Sleeper cab mid roof (FCEV, 2050, program success)","[(""EPA_Ph2_rural_interstate_65mph.csv"", .86), (""EPA_Ph2_urban_highway_55mph.csv"", .09), (""EPA_Ph2_transient.csv"", .05)]",TRUE,"[108010,117983,114998,104732]",0,4,0.03,100,200,0,6,133,50,6250,60,0.07,8,7.2,30,15,500,1.2,0.12,55,7.467735503,112759,36287.43275,0,hydrogen,"[0.15,0.15,0.15,0.15]",lease,0.15,0.1,1,4,Long haul,2050,FY22TechSuccess,600,30,65,80,20,MDHD_programsuccess_2050,,SleeperTractorMidRoof_programsuccess_2050,TRUE,0.001,50,200,400,200,400,800,3000,TRUE,TRUE,TRUE,TRUE,TRUE,"[260,260,260,260,260,260,260,260,260,260]",,,FALSE,,14741,25,40,1,0,0.1,0.3,"[0.1,0.9]",24,"[0.001,0.0015,0.0020,0.0022,0.0025]",2,100000,"[0.03,0.035,0.04,0.045,0.048]","[0.09,0.09,0.09,0.09,0.09,0.09,0.09,0.09]",./auxiliary/FuelPrices.csv,./auxiliary/tractorweightvars.csv,25,,4,1000
123,"Class 8 Sleeper cab low roof (FCEV, 2050, program success)","[(""EPA_Ph2_rural_interstate_65mph.csv"", .86), (""EPA_Ph2_urban_highway_55mph.csv"", .09), (""EPA_Ph2_transient.csv"", .05)]",TRUE,"[108010,117983,114998,104732]",0,4,0.03,100,200,0,6,133,50,6250,60,0.07,8,7.2,30,15,500,1.2,0.12,55,7.467735503,112759,36287.43275,0,hydrogen,"[0.15,0.15,0.15,0.15]",lease,0.15,0.1,1,4,Long haul,2050,FY22TechSuccess,600,30,65,80,20,MDHD_programsuccess_2050,,SleeperTractorLowRoof_programsuccess_2050,TRUE,0.001,50,200,400,200,400,800,3000,TRUE,TRUE,TRUE,TRUE,TRUE,"[260,260,260,260,260,260,260,260,260,260]",,,FALSE,,14741,25,40,1,0,0.1,0.3,"[0.1,0.9]",24,"[0.001,0.0015,0.0020,0.0022,0.0025]",2,100000,"[0.03,0.035,0.04,0.045,0.048]","[0.09,0.09,0.09,0.09,0.09,0.09,0.09,0.09]",./auxiliary/FuelPrices.csv,./auxiliary/tractorweightvars.csv,25,,4,1000
124,"Class 8 Day cab high roof (Diesel, 2020, no program)","[(""EPA_Ph2_rural_interstate_65mph.csv"", .64), (""EPA_Ph2_urban_highway_55mph.csv"", .17), (""EPA_Ph2_transient.csv"", .19)]",TRUE,"[74563,73479,71710,68573]",0,4,0.03,100,270,0,27,750,50,6250,185,0.07,11.35,7.2,30,15,500,1.2,0.12,55,7.467735503,94095,36287.43275,0,diesel,"[0.15,0.15,0.15,0.15]",lease,0.15,0.1,1,4,Regional haul,2020,FY22NoProgram,150,30,65,80,20,MDHD_noprogram_2020,MDHD_large_noprogram_2020,DayCabTractorHighRoof_noprogram_2021,TRUE,,,,,280,400,,,FALSE,TRUE,TRUE,TRUE,FALSE,"[260,260,260,260,260,260,260,260,260,260]",,,FALSE,,14741,25,40,1,0,0.1,0.3,"[0.1,0.9]",24,"[0.001,0.0015,0.0020,0.0022,0.0025]",2,100000,"[0.03,0.035,0.04,0.045,0.048]","[0.09,0.09,0.09,0.09,0.09,0.09,0.09,0.09]",./auxiliary/FuelPrices.csv,./auxiliary/tractorweightvars.csv,25,,4,1000
125,"Class 8 Day cab mid roof (Diesel, 2020, no program)","[(""EPA_Ph2_rural_interstate_65mph.csv"", .64), (""EPA_Ph2_urban_highway_55mph.csv"", .17), (""EPA_Ph2_transient.csv"", .19)]",TRUE,"[74563,73479,71710,68573]",0,4,0.03,100,270,0,27,750,50,6250,185,0.07,11.35,7.2,30,15,500,1.2,0.12,55,7.467735503,94095,36287.43275,0,diesel,"[0.15,0.15,0.15,0.15]",lease,0.15,0.1,1,4,Regional haul,2020,FY22NoProgram,150,30,65,80,20,MDHD_noprogram_2020,MDHD_large_noprogram_2020,DayCabTractorMidRoof_noprogram_2021,TRUE,,,,,280,400,,,FALSE,TRUE,TRUE,TRUE,FALSE,"[260,260,260,260,260,260,260,260,260,260]",,,FALSE,,14741,25,40,1,0,0.1,0.3,"[0.1,0.9]",24,"[0.001,0.0015,0.0020,0.0022,0.0025]",2,100000,"[0.03,0.035,0.04,0.045,0.048]","[0.09,0.09,0.09,0.09,0.09,0.09,0.09,0.09]",./auxiliary/FuelPrices.csv,./auxiliary/tractorweightvars.csv,25,,4,1000
126,"Class 8 Day cab low roof (Diesel, 2020, no program)","[(""EPA_Ph2_rural_interstate_65mph.csv"", .64), (""EPA_Ph2_urban_highway_55mph.csv"", .17), (""EPA_Ph2_transient.csv"", .19)]",TRUE,"[74563,73479,71710,68573]",0,4,0.03,100,270,0,27,750,50,6250,185,0.07,11.35,7.2,30,15,500,1.2,0.12,55,7.467735503,94095,36287.43275,0,diesel,"[0.15,0.15,0.15,0.15]",lease,0.15,0.1,1,4,Regional haul,2020,FY22NoProgram,150,30,65,80,20,MDHD_noprogram_2020,MDHD_large_noprogram_2020,DayCabTractorLowRoof_noprogram_2021,TRUE,,,,,280,400,,,FALSE,TRUE,TRUE,TRUE,FALSE,"[260,260,260,260,260,260,260,260,260,260]",,,FALSE,,14741,25,40,1,0,0.1,0.3,"[0.1,0.9]",24,"[0.001,0.0015,0.0020,0.0022,0.0025]",2,100000,"[0.03,0.035,0.04,0.045,0.048]","[0.09,0.09,0.09,0.09,0.09,0.09,0.09,0.09]",./auxiliary/FuelPrices.csv,./auxiliary/tractorweightvars.csv,25,,4,1000
127,"Class 8 Day cab high roof (Diesel, 2025, no program)","[(""EPA_Ph2_rural_interstate_65mph.csv"", .64), (""EPA_Ph2_urban_highway_55mph.csv"", .17), (""EPA_Ph2_transient.csv"", .19)]",TRUE,"[74563,73479,71710,68573]",0,4,0.03,100,190,0,23,500,50,6250,142,0.07,11,7.2,30,15,500,1.2,0.12,55,7.467735503,94095,36287.43275,0,diesel,"[0.15,0.15,0.15,0.15]",lease,0.15,0.1,1,4,Regional haul,2025,FY22NoProgram,150,30,65,80,20,MDHD_noprogram_2025,MDHD_large_noprogram_2025,DayCabTractorHighRoof_noprogram_2025,FALSE,,,,,280,400,,,FALSE,TRUE,TRUE,TRUE,FALSE,"[260,260,260,260,260,260,260,260,260,260]",,,FALSE,,14741,25,40,1,0,0.1,0.3,"[0.1,0.9]",24,"[0.001,0.0015,0.0020,0.0022,0.0025]",2,100000,"[0.03,0.035,0.04,0.045,0.048]","[0.09,0.09,0.09,0.09,0.09,0.09,0.09,0.09]",./auxiliary/FuelPrices.csv,./auxiliary/tractorweightvars.csv,25,,4,1000
128,"Class 8 Day cab mid roof (Diesel, 2025, no program)","[(""EPA_Ph2_rural_interstate_65mph.csv"", .64), (""EPA_Ph2_urban_highway_55mph.csv"", .17), (""EPA_Ph2_transient.csv"", .19)]",TRUE,"[74563,73479,71710,68573]",0,4,0.03,100,190,0,23,500,50,6250,142,0.07,11,7.2,30,15,500,1.2,0.12,55,7.467735503,94095,36287.43275,0,diesel,"[0.15,0.15,0.15,0.15]",lease,0.15,0.1,1,4,Regional haul,2025,FY22NoProgram,150,30,65,80,20,MDHD_noprogram_2025,MDHD_large_noprogram_2025,DayCabTractorMidRoof_noprogram_2025,TRUE,,,,,280,400,,,FALSE,TRUE,TRUE,TRUE,FALSE,"[260,260,260,260,260,260,260,260,260,260]",,,FALSE,,14741,25,40,1,0,0.1,0.3,"[0.1,0.9]",24,"[0.001,0.0015,0.0020,0.0022,0.0025]",2,100000,"[0.03,0.035,0.04,0.045,0.048]","[0.09,0.09,0.09,0.09,0.09,0.09,0.09,0.09]",./auxiliary/FuelPrices.csv,./auxiliary/tractorweightvars.csv,25,,4,1000
129,"Class 8 Day cab low roof (Diesel, 2025, no program)","[(""EPA_Ph2_rural_interstate_65mph.csv"", .64), (""EPA_Ph2_urban_highway_55mph.csv"", .17), (""EPA_Ph2_transient.csv"", .19)]",TRUE,"[74563,73479,71710,68573]",0,4,0.03,100,190,0,23,500,50,6250,142,0.07,11,7.2,30,15,500,1.2,0.12,55,7.467735503,94095,36287.43275,0,diesel,"[0.15,0.15,0.15,0.15]",lease,0.15,0.1,1,4,Regional haul,2025,FY22NoProgram,150,30,65,80,20,MDHD_noprogram_2025,MDHD_large_noprogram_2025,DayCabTractorLowRoof_noprogram_2025,TRUE,,,,,280,400,,,FALSE,TRUE,TRUE,TRUE,FALSE,"[260,260,260,260,260,260,260,260,260,260]",,,FALSE,,14741,25,40,1,0,0.1,0.3,"[0.1,0.9]",24,"[0.001,0.0015,0.0020,0.0022,0.0025]",2,100000,"[0.03,0.035,0.04,0.045,0.048]","[0.09,0.09,0.09,0.09,0.09,0.09,0.09,0.09]",./auxiliary/FuelPrices.csv,./auxiliary/tractorweightvars.csv,25,,4,1000
130,"Class 8 Day cab high roof (Diesel, 2030, no program)","[(""EPA_Ph2_rural_interstate_65mph.csv"", .64), (""EPA_Ph2_urban_highway_55mph.csv"", .17), (""EPA_Ph2_transient.csv"", .19)]",TRUE,"[74563,73479,71710,68573]",0,4,0.03,100,120,0,18.3,500,50,6250,113,0.07,10,7.2,30,15,500,1.2,0.12,55,7.467735503,94095,36287.43275,0,diesel,"[0.15,0.15,0.15,0.15]",lease,0.15,0.1,1,4,Regional haul,2030,FY22NoProgram,150,30,65,80,20,MDHD_noprogram_2030,MDHD_large_noprogram_2030,DayCabTractorHighRoof_noprogram_2030,FALSE,,,,,280,400,,,FALSE,TRUE,TRUE,TRUE,FALSE,"[260,260,260,260,260,260,260,260,260,260]",,,FALSE,,14741,25,40,1,0,0.1,0.3,"[0.1,0.9]",24,"[0.001,0.0015,0.0020,0.0022,0.0025]",2,100000,"[0.03,0.035,0.04,0.045,0.048]","[0.09,0.09,0.09,0.09,0.09,0.09,0.09,0.09]",./auxiliary/FuelPrices.csv,./auxiliary/tractorweightvars.csv,25,,4,1000
131,"Class 8 Day cab mid roof (Diesel, 2030, no program)","[(""EPA_Ph2_rural_interstate_65mph.csv"", .64), (""EPA_Ph2_urban_highway_55mph.csv"", .17), (""EPA_Ph2_transient.csv"", .19)]",TRUE,"[74563,73479,71710,68573]",0,4,0.03,100,120,0,18.3,500,50,6250,113,0.07,10,7.2,30,15,500,1.2,0.12,55,7.467735503,94095,36287.43275,0,diesel,"[0.15,0.15,0.15,0.15]",lease,0.15,0.1,1,4,Regional haul,2030,FY22NoProgram,150,30,65,80,20,MDHD_noprogram_2030,MDHD_large_noprogram_2030,DayCabTractorMidRoof_noprogram_2030,TRUE,,,,,280,400,,,FALSE,TRUE,TRUE,TRUE,FALSE,"[260,260,260,260,260,260,260,260,260,260]",,,FALSE,,14741,25,40,1,0,0.1,0.3,"[0.1,0.9]",24,"[0.001,0.0015,0.0020,0.0022,0.0025]",2,100000,"[0.03,0.035,0.04,0.045,0.048]","[0.09,0.09,0.09,0.09,0.09,0.09,0.09,0.09]",./auxiliary/FuelPrices.csv,./auxiliary/tractorweightvars.csv,25,,4,1000
132,"Class 8 Day cab low roof (Diesel, 2030, no program)","[(""EPA_Ph2_rural_interstate_65mph.csv"", .64), (""EPA_Ph2_urban_highway_55mph.csv"", .17), (""EPA_Ph2_transient.csv"", .19)]",TRUE,"[74563,73479,71710,68573]",0,4,0.03,100,120,0,18.3,500,50,6250,113,0.07,10,7.2,30,15,500,1.2,0.12,55,7.467735503,94095,36287.43275,0,diesel,"[0.15,0.15,0.15,0.15]",lease,0.15,0.1,1,4,Regional haul,2030,FY22NoProgram,150,30,65,80,20,MDHD_noprogram_2030,MDHD_large_noprogram_2030,DayCabTractorLowRoof_noprogram_2030,TRUE,,,,,280,400,,,FALSE,TRUE,TRUE,TRUE,FALSE,"[260,260,260,260,260,260,260,260,260,260]",,,FALSE,,14741,25,40,1,0,0.1,0.3,"[0.1,0.9]",24,"[0.001,0.0015,0.0020,0.0022,0.0025]",2,100000,"[0.03,0.035,0.04,0.045,0.048]","[0.09,0.09,0.09,0.09,0.09,0.09,0.09,0.09]",./auxiliary/FuelPrices.csv,./auxiliary/tractorweightvars.csv,25,,4,1000
133,"Class 8 Day cab high roof (Diesel, 2035, no program)","[(""EPA_Ph2_rural_interstate_65mph.csv"", .64), (""EPA_Ph2_urban_highway_55mph.csv"", .17), (""EPA_Ph2_transient.csv"", .19)]",TRUE,"[74563,73479,71710,68573]",0,4,0.03,100,105,0,15.65,450,50,6250,99,0.07,9.75,7.2,30,15,500,1.2,0.12,55,7.467735503,94095,36287.43275,0,diesel,"[0.15,0.15,0.15,0.15]",lease,0.15,0.1,1,4,Regional haul,2035,FY22NoProgram,150,30,65,80,20,MDHD_noprogram_2035,MDHD_large_noprogram_2035,DayCabTractorHighRoof_noprogram_2035,FALSE,,,,,280,400,,,FALSE,TRUE,TRUE,TRUE,FALSE,"[260,260,260,260,260,260,260,260,260,260]",,,FALSE,,14741,25,40,1,0,0.1,0.3,"[0.1,0.9]",24,"[0.001,0.0015,0.0020,0.0022,0.0025]",2,100000,"[0.03,0.035,0.04,0.045,0.048]","[0.09,0.09,0.09,0.09,0.09,0.09,0.09,0.09]",./auxiliary/FuelPrices.csv,./auxiliary/tractorweightvars.csv,25,,4,1000
134,"Class 8 Day cab mid roof (Diesel, 2035, no program)","[(""EPA_Ph2_rural_interstate_65mph.csv"", .64), (""EPA_Ph2_urban_highway_55mph.csv"", .17), (""EPA_Ph2_transient.csv"", .19)]",TRUE,"[74563,73479,71710,68573]",0,4,0.03,100,105,0,15.65,450,50,6250,99,0.07,9.75,7.2,30,15,500,1.2,0.12,55,7.467735503,94095,36287.43275,0,diesel,"[0.15,0.15,0.15,0.15]",lease,0.15,0.1,1,4,Regional haul,2035,FY22NoProgram,150,30,65,80,20,MDHD_noprogram_2035,MDHD_large_noprogram_2035,DayCabTractorMidRoof_noprogram_2035,TRUE,,,,,280,400,,,FALSE,TRUE,TRUE,TRUE,FALSE,"[260,260,260,260,260,260,260,260,260,260]",,,FALSE,,14741,25,40,1,0,0.1,0.3,"[0.1,0.9]",24,"[0.001,0.0015,0.0020,0.0022,0.0025]",2,100000,"[0.03,0.035,0.04,0.045,0.048]","[0.09,0.09,0.09,0.09,0.09,0.09,0.09,0.09]",./auxiliary/FuelPrices.csv,./auxiliary/tractorweightvars.csv,25,,4,1000
135,"Class 8 Day cab low roof (Diesel, 2035, no program)","[(""EPA_Ph2_rural_interstate_65mph.csv"", .64), (""EPA_Ph2_urban_highway_55mph.csv"", .17), (""EPA_Ph2_transient.csv"", .19)]",TRUE,"[74563,73479,71710,68573]",0,4,0.03,100,105,0,15.65,450,50,6250,99,0.07,9.75,7.2,30,15,500,1.2,0.12,55,7.467735503,94095,36287.43275,0,diesel,"[0.15,0.15,0.15,0.15]",lease,0.15,0.1,1,4,Regional haul,2035,FY22NoProgram,150,30,65,80,20,MDHD_noprogram_2035,MDHD_large_noprogram_2035,DayCabTractorLowRoof_noprogram_2035,TRUE,,,,,280,400,,,FALSE,TRUE,TRUE,TRUE,FALSE,"[260,260,260,260,260,260,260,260,260,260]",,,FALSE,,14741,25,40,1,0,0.1,0.3,"[0.1,0.9]",24,"[0.001,0.0015,0.0020,0.0022,0.0025]",2,100000,"[0.03,0.035,0.04,0.045,0.048]","[0.09,0.09,0.09,0.09,0.09,0.09,0.09,0.09]",./auxiliary/FuelPrices.csv,./auxiliary/tractorweightvars.csv,25,,4,1000
136,"Class 8 Day cab high roof (Diesel, 2040, no program)","[(""EPA_Ph2_rural_interstate_65mph.csv"", .64), (""EPA_Ph2_urban_highway_55mph.csv"", .17), (""EPA_Ph2_transient.csv"", .19)]",TRUE,"[74563,73479,71710,68573]",0,4,0.03,100,90,0,13,400,50,6250,85,0.07,9.5,7.2,30,15,500,1.2,0.12,55,7.467735503,94095,36287.43275,0,diesel,"[0.15,0.15,0.15,0.15]",lease,0.15,0.1,1,4,Regional haul,2040,FY22NoProgram,150,30,65,80,20,MDHD_noprogram_2040,MDHD_large_noprogram_2040,DayCabTractorHighRoof_noprogram_2040,FALSE,,,,,280,400,,,FALSE,TRUE,TRUE,TRUE,FALSE,"[260,260,260,260,260,260,260,260,260,260]",,,FALSE,,14741,25,40,1,0,0.1,0.3,"[0.1,0.9]",24,"[0.001,0.0015,0.0020,0.0022,0.0025]",2,100000,"[0.03,0.035,0.04,0.045,0.048]","[0.09,0.09,0.09,0.09,0.09,0.09,0.09,0.09]",./auxiliary/FuelPrices.csv,./auxiliary/tractorweightvars.csv,25,,4,1000
137,"Class 8 Day cab mid roof (Diesel, 2040, no program)","[(""EPA_Ph2_rural_interstate_65mph.csv"", .64), (""EPA_Ph2_urban_highway_55mph.csv"", .17), (""EPA_Ph2_transient.csv"", .19)]",TRUE,"[74563,73479,71710,68573]",0,4,0.03,100,90,0,13,400,50,6250,85,0.07,9.5,7.2,30,15,500,1.2,0.12,55,7.467735503,94095,36287.43275,0,diesel,"[0.15,0.15,0.15,0.15]",lease,0.15,0.1,1,4,Regional haul,2040,FY22NoProgram,150,30,65,80,20,MDHD_noprogram_2040,MDHD_large_noprogram_2040,DayCabTractorMidRoof_noprogram_2040,TRUE,,,,,280,400,,,FALSE,TRUE,TRUE,TRUE,FALSE,"[260,260,260,260,260,260,260,260,260,260]",,,FALSE,,14741,25,40,1,0,0.1,0.3,"[0.1,0.9]",24,"[0.001,0.0015,0.0020,0.0022,0.0025]",2,100000,"[0.03,0.035,0.04,0.045,0.048]","[0.09,0.09,0.09,0.09,0.09,0.09,0.09,0.09]",./auxiliary/FuelPrices.csv,./auxiliary/tractorweightvars.csv,25,,4,1000
138,"Class 8 Day cab low roof (Diesel, 2040, no program)","[(""EPA_Ph2_rural_interstate_65mph.csv"", .64), (""EPA_Ph2_urban_highway_55mph.csv"", .17), (""EPA_Ph2_transient.csv"", .19)]",TRUE,"[74563,73479,71710,68573]",0,4,0.03,100,90,0,13,400,50,6250,85,0.07,9.5,7.2,30,15,500,1.2,0.12,55,7.467735503,94095,36287.43275,0,diesel,"[0.15,0.15,0.15,0.15]",lease,0.15,0.1,1,4,Regional haul,2040,FY22NoProgram,150,30,65,80,20,MDHD_noprogram_2040,MDHD_large_noprogram_2040,DayCabTractorLowRoof_noprogram_2040,TRUE,,,,,280,400,,,FALSE,TRUE,TRUE,TRUE,FALSE,"[260,260,260,260,260,260,260,260,260,260]",,,FALSE,,14741,25,40,1,0,0.1,0.3,"[0.1,0.9]",24,"[0.001,0.0015,0.0020,0.0022,0.0025]",2,100000,"[0.03,0.035,0.04,0.045,0.048]","[0.09,0.09,0.09,0.09,0.09,0.09,0.09,0.09]",./auxiliary/FuelPrices.csv,./auxiliary/tractorweightvars.csv,25,,4,1000
139,"Class 8 Day cab high roof (Diesel, 2050, no program)","[(""EPA_Ph2_rural_interstate_65mph.csv"", .64), (""EPA_Ph2_urban_highway_55mph.csv"", .17), (""EPA_Ph2_transient.csv"", .19)]",TRUE,"[74563,73479,71710,68573]",0,4,0.03,100,85,0,11,350,50,6250,85,0.07,9.5,7.2,30,15,500,1.2,0.12,55,7.467735503,94095,36287.43275,0,diesel,"[0.15,0.15,0.15,0.15]",lease,0.15,0.1,1,4,Regional haul,2050,FY22NoProgram,150,30,65,80,20,MDHD_noprogram_2050,MDHD_large_noprogram_2050,DayCabTractorHighRoof_noprogram_2050,FALSE,,,,,280,400,,,FALSE,TRUE,TRUE,TRUE,FALSE,"[260,260,260,260,260,260,260,260,260,260]",,,FALSE,,14741,25,40,1,0,0.1,0.3,"[0.1,0.9]",24,"[0.001,0.0015,0.0020,0.0022,0.0025]",2,100000,"[0.03,0.035,0.04,0.045,0.048]","[0.09,0.09,0.09,0.09,0.09,0.09,0.09,0.09]",./auxiliary/FuelPrices.csv,./auxiliary/tractorweightvars.csv,25,,4,1000
140,"Class 8 Day cab mid roof (Diesel, 2050, no program)","[(""EPA_Ph2_rural_interstate_65mph.csv"", .64), (""EPA_Ph2_urban_highway_55mph.csv"", .17), (""EPA_Ph2_transient.csv"", .19)]",TRUE,"[74563,73479,71710,68573]",0,4,0.03,100,85,0,11,350,50,6250,85,0.07,9.5,7.2,30,15,500,1.2,0.12,55,7.467735503,94095,36287.43275,0,diesel,"[0.15,0.15,0.15,0.15]",lease,0.15,0.1,1,4,Regional haul,2050,FY22NoProgram,150,30,65,80,20,MDHD_noprogram_2050,MDHD_large_noprogram_2050,DayCabTractorMidRoof_noprogram_2050,TRUE,,,,,280,400,,,FALSE,TRUE,TRUE,TRUE,FALSE,"[260,260,260,260,260,260,260,260,260,260]",,,FALSE,,14741,25,40,1,0,0.1,0.3,"[0.1,0.9]",24,"[0.001,0.0015,0.0020,0.0022,0.0025]",2,100000,"[0.03,0.035,0.04,0.045,0.048]","[0.09,0.09,0.09,0.09,0.09,0.09,0.09,0.09]",./auxiliary/FuelPrices.csv,./auxiliary/tractorweightvars.csv,25,,4,1000
141,"Class 8 Day cab low roof (Diesel, 2050, no program)","[(""EPA_Ph2_rural_interstate_65mph.csv"", .64), (""EPA_Ph2_urban_highway_55mph.csv"", .17), (""EPA_Ph2_transient.csv"", .19)]",TRUE,"[74563,73479,71710,68573]",0,4,0.03,100,85,0,11,350,50,6250,85,0.07,9.5,7.2,30,15,500,1.2,0.12,55,7.467735503,94095,36287.43275,0,diesel,"[0.15,0.15,0.15,0.15]",lease,0.15,0.1,1,4,Regional haul,2050,FY22NoProgram,150,30,65,80,20,MDHD_noprogram_2050,MDHD_large_noprogram_2050,DayCabTractorLowRoof_noprogram_2050,TRUE,,,,,280,400,,,FALSE,TRUE,TRUE,TRUE,FALSE,"[260,260,260,260,260,260,260,260,260,260]",,,FALSE,,14741,25,40,1,0,0.1,0.3,"[0.1,0.9]",24,"[0.001,0.0015,0.0020,0.0022,0.0025]",2,100000,"[0.03,0.035,0.04,0.045,0.048]","[0.09,0.09,0.09,0.09,0.09,0.09,0.09,0.09]",./auxiliary/FuelPrices.csv,./auxiliary/tractorweightvars.csv,25,,4,1000
142,"Class 8 Day cab high roof (Diesel, 2025, program success)","[(""EPA_Ph2_rural_interstate_65mph.csv"", .64), (""EPA_Ph2_urban_highway_55mph.csv"", .17), (""EPA_Ph2_transient.csv"", .19)]",TRUE,"[74563,73479,71710,68573]",0,4,0.03,100,177,0,18,300,50,6250,130,0.07,10,7.2,30,15,500,1.2,0.12,55,7.467735503,94095,36287.43275,0,diesel,"[0.15,0.15,0.15,0.15]",lease,0.15,0.1,1,4,Regional haul,2025,FY22TechSuccess,150,30,65,80,20,MDHD_programsuccess_2025,MDHD_large_programsuccess_2025,DayCabTractorHighRoof_programsuccess_2025,FALSE,,,,,280,400,,,FALSE,TRUE,TRUE,TRUE,FALSE,"[260,260,260,260,260,260,260,260,260,260]",,,FALSE,,14741,25,40,1,0,0.1,0.3,"[0.1,0.9]",24,"[0.001,0.0015,0.0020,0.0022,0.0025]",2,100000,"[0.03,0.035,0.04,0.045,0.048]","[0.09,0.09,0.09,0.09,0.09,0.09,0.09,0.09]",./auxiliary/FuelPrices.csv,./auxiliary/tractorweightvars.csv,25,,4,1000
143,"Class 8 Day cab mid roof (Diesel, 2025, program success)","[(""EPA_Ph2_rural_interstate_65mph.csv"", .64), (""EPA_Ph2_urban_highway_55mph.csv"", .17), (""EPA_Ph2_transient.csv"", .19)]",TRUE,"[74563,73479,71710,68573]",0,4,0.03,100,177,0,18,300,50,6250,130,0.07,10,7.2,30,15,500,1.2,0.12,55,7.467735503,94095,36287.43275,0,diesel,"[0.15,0.15,0.15,0.15]",lease,0.15,0.1,1,4,Regional haul,2025,FY22TechSuccess,150,30,65,80,20,MDHD_programsuccess_2025,MDHD_large_programsuccess_2025,DayCabTractorMidRoof_programsuccess_2025,TRUE,,,,,280,400,,,FALSE,TRUE,TRUE,TRUE,FALSE,"[260,260,260,260,260,260,260,260,260,260]",,,FALSE,,14741,25,40,1,0,0.1,0.3,"[0.1,0.9]",24,"[0.001,0.0015,0.0020,0.0022,0.0025]",2,100000,"[0.03,0.035,0.04,0.045,0.048]","[0.09,0.09,0.09,0.09,0.09,0.09,0.09,0.09]",./auxiliary/FuelPrices.csv,./auxiliary/tractorweightvars.csv,25,,4,1000
144,"Class 8 Day cab low roof (Diesel, 2025, program success)","[(""EPA_Ph2_rural_interstate_65mph.csv"", .64), (""EPA_Ph2_urban_highway_55mph.csv"", .17), (""EPA_Ph2_transient.csv"", .19)]",TRUE,"[74563,73479,71710,68573]",0,4,0.03,100,177,0,18,300,50,6250,130,0.07,10,7.2,30,15,500,1.2,0.12,55,7.467735503,94095,36287.43275,0,diesel,"[0.15,0.15,0.15,0.15]",lease,0.15,0.1,1,4,Regional haul,2025,FY22TechSuccess,150,30,65,80,20,MDHD_programsuccess_2025,MDHD_large_programsuccess_2025,DayCabTractorLowRoof_programsuccess_2025,TRUE,,,,,280,400,,,FALSE,TRUE,TRUE,TRUE,FALSE,"[260,260,260,260,260,260,260,260,260,260]",,,FALSE,,14741,25,40,1,0,0.1,0.3,"[0.1,0.9]",24,"[0.001,0.0015,0.0020,0.0022,0.0025]",2,100000,"[0.03,0.035,0.04,0.045,0.048]","[0.09,0.09,0.09,0.09,0.09,0.09,0.09,0.09]",./auxiliary/FuelPrices.csv,./auxiliary/tractorweightvars.csv,25,,4,1000
145,"Class 8 Day cab high roof (Diesel, 2030, program success)","[(""EPA_Ph2_rural_interstate_65mph.csv"", .64), (""EPA_Ph2_urban_highway_55mph.csv"", .17), (""EPA_Ph2_transient.csv"", .19)]",TRUE,"[74563,73479,71710,68573]",0,4,0.03,100,84,0,13.3,300,50,6250,80,0.07,9,7.2,30,15,500,1.2,0.12,55,7.467735503,94095,36287.43275,0,diesel,"[0.15,0.15,0.15,0.15]",lease,0.15,0.1,1,4,Regional haul,2030,FY22TechSuccess,150,30,65,80,20,MDHD_programsuccess_2030,MDHD_large_programsuccess_2030,DayCabTractorHighRoof_programsuccess_2030,FALSE,,,,,280,400,,,FALSE,TRUE,TRUE,TRUE,FALSE,"[260,260,260,260,260,260,260,260,260,260]",,,FALSE,,14741,25,40,1,0,0.1,0.3,"[0.1,0.9]",24,"[0.001,0.0015,0.0020,0.0022,0.0025]",2,100000,"[0.03,0.035,0.04,0.045,0.048]","[0.09,0.09,0.09,0.09,0.09,0.09,0.09,0.09]",./auxiliary/FuelPrices.csv,./auxiliary/tractorweightvars.csv,25,,4,1000
146,"Class 8 Day cab mid roof (Diesel, 2030, program success)","[(""EPA_Ph2_rural_interstate_65mph.csv"", .64), (""EPA_Ph2_urban_highway_55mph.csv"", .17), (""EPA_Ph2_transient.csv"", .19)]",TRUE,"[74563,73479,71710,68573]",0,4,0.03,100,84,0,13.3,300,50,6250,80,0.07,9,7.2,30,15,500,1.2,0.12,55,7.467735503,94095,36287.43275,0,diesel,"[0.15,0.15,0.15,0.15]",lease,0.15,0.1,1,4,Regional haul,2030,FY22TechSuccess,150,30,65,80,20,MDHD_programsuccess_2030,MDHD_large_programsuccess_2030,DayCabTractorMidRoof_programsuccess_2030,TRUE,,,,,280,400,,,FALSE,TRUE,TRUE,TRUE,FALSE,"[260,260,260,260,260,260,260,260,260,260]",,,FALSE,,14741,25,40,1,0,0.1,0.3,"[0.1,0.9]",24,"[0.001,0.0015,0.0020,0.0022,0.0025]",2,100000,"[0.03,0.035,0.04,0.045,0.048]","[0.09,0.09,0.09,0.09,0.09,0.09,0.09,0.09]",./auxiliary/FuelPrices.csv,./auxiliary/tractorweightvars.csv,25,,4,1000
147,"Class 8 Day cab low roof (Diesel, 2030, program success)","[(""EPA_Ph2_rural_interstate_65mph.csv"", .64), (""EPA_Ph2_urban_highway_55mph.csv"", .17), (""EPA_Ph2_transient.csv"", .19)]",TRUE,"[74563,73479,71710,68573]",0,4,0.03,100,84,0,13.3,300,50,6250,80,0.07,9,7.2,30,15,500,1.2,0.12,55,7.467735503,94095,36287.43275,0,diesel,"[0.15,0.15,0.15,0.15]",lease,0.15,0.1,1,4,Regional haul,2030,FY22TechSuccess,150,30,65,80,20,MDHD_programsuccess_2030,MDHD_large_programsuccess_2030,DayCabTractorLowRoof_programsuccess_2030,TRUE,,,,,280,400,,,FALSE,TRUE,TRUE,TRUE,FALSE,"[260,260,260,260,260,260,260,260,260,260]",,,FALSE,,14741,25,40,1,0,0.1,0.3,"[0.1,0.9]",24,"[0.001,0.0015,0.0020,0.0022,0.0025]",2,100000,"[0.03,0.035,0.04,0.045,0.048]","[0.09,0.09,0.09,0.09,0.09,0.09,0.09,0.09]",./auxiliary/FuelPrices.csv,./auxiliary/tractorweightvars.csv,25,,4,1000
148,"Class 8 Day cab high roof (Diesel, 2035, program success)","[(""EPA_Ph2_rural_interstate_65mph.csv"", .64), (""EPA_Ph2_urban_highway_55mph.csv"", .17), (""EPA_Ph2_transient.csv"", .19)]",TRUE,"[74563,73479,71710,68573]",0,4,0.03,100,70,0,10.65,250,50,6250,75,0.07,8.75,7.2,30,15,500,1.2,0.12,55,7.467735503,94095,36287.43275,0,diesel,"[0.15,0.15,0.15,0.15]",lease,0.15,0.1,1,4,Regional haul,2035,FY22TechSuccess,150,30,65,80,20,MDHD_programsuccess_2035,MDHD_large_programsuccess_2035,DayCabTractorHighRoof_programsuccess_2035,FALSE,,,,,280,400,,,FALSE,TRUE,TRUE,TRUE,FALSE,"[260,260,260,260,260,260,260,260,260,260]",,,FALSE,,14741,25,40,1,0,0.1,0.3,"[0.1,0.9]",24,"[0.001,0.0015,0.0020,0.0022,0.0025]",2,100000,"[0.03,0.035,0.04,0.045,0.048]","[0.09,0.09,0.09,0.09,0.09,0.09,0.09,0.09]",./auxiliary/FuelPrices.csv,./auxiliary/tractorweightvars.csv,25,,4,1000
149,"Class 8 Day cab mid roof (Diesel, 2035, program success)","[(""EPA_Ph2_rural_interstate_65mph.csv"", .64), (""EPA_Ph2_urban_highway_55mph.csv"", .17), (""EPA_Ph2_transient.csv"", .19)]",TRUE,"[74563,73479,71710,68573]",0,4,0.03,100,70,0,10.65,250,50,6250,75,0.07,8.75,7.2,30,15,500,1.2,0.12,55,7.467735503,94095,36287.43275,0,diesel,"[0.15,0.15,0.15,0.15]",lease,0.15,0.1,1,4,Regional haul,2035,FY22TechSuccess,150,30,65,80,20,MDHD_programsuccess_2035,MDHD_large_programsuccess_2035,DayCabTractorMidRoof_programsuccess_2035,TRUE,,,,,280,400,,,FALSE,TRUE,TRUE,TRUE,FALSE,"[260,260,260,260,260,260,260,260,260,260]",,,FALSE,,14741,25,40,1,0,0.1,0.3,"[0.1,0.9]",24,"[0.001,0.0015,0.0020,0.0022,0.0025]",2,100000,"[0.03,0.035,0.04,0.045,0.048]","[0.09,0.09,0.09,0.09,0.09,0.09,0.09,0.09]",./auxiliary/FuelPrices.csv,./auxiliary/tractorweightvars.csv,25,,4,1000
150,"Class 8 Day cab low roof (Diesel, 2035, program success)","[(""EPA_Ph2_rural_interstate_65mph.csv"", .64), (""EPA_Ph2_urban_highway_55mph.csv"", .17), (""EPA_Ph2_transient.csv"", .19)]",TRUE,"[74563,73479,71710,68573]",0,4,0.03,100,70,0,10.65,250,50,6250,75,0.07,8.75,7.2,30,15,500,1.2,0.12,55,7.467735503,94095,36287.43275,0,diesel,"[0.15,0.15,0.15,0.15]",lease,0.15,0.1,1,4,Regional haul,2035,FY22TechSuccess,150,30,65,80,20,MDHD_programsuccess_2035,MDHD_large_programsuccess_2035,DayCabTractorLowRoof_programsuccess_2035,TRUE,,,,,280,400,,,FALSE,TRUE,TRUE,TRUE,FALSE,"[260,260,260,260,260,260,260,260,260,260]",,,FALSE,,14741,25,40,1,0,0.1,0.3,"[0.1,0.9]",24,"[0.001,0.0015,0.0020,0.0022,0.0025]",2,100000,"[0.03,0.035,0.04,0.045,0.048]","[0.09,0.09,0.09,0.09,0.09,0.09,0.09,0.09]",./auxiliary/FuelPrices.csv,./auxiliary/tractorweightvars.csv,25,,4,1000
151,"Class 8 Day cab high roof (Diesel, 2040, program success)","[(""EPA_Ph2_rural_interstate_65mph.csv"", .64), (""EPA_Ph2_urban_highway_55mph.csv"", .17), (""EPA_Ph2_transient.csv"", .19)]",TRUE,"[74563,73479,71710,68573]",0,4,0.03,100,56,0,8,200,50,6250,70,0.07,8.5,7.2,30,15,500,1.2,0.12,55,7.467735503,94095,36287.43275,0,diesel,"[0.15,0.15,0.15,0.15]",lease,0.15,0.1,1,4,Regional haul,2040,FY22TechSuccess,150,30,65,80,20,MDHD_programsuccess_2040,MDHD_large_programsuccess_2040,DayCabTractorHighRoof_programsuccess_2040,FALSE,,,,,280,400,,,FALSE,TRUE,TRUE,TRUE,FALSE,"[260,260,260,260,260,260,260,260,260,260]",,,FALSE,,14741,25,40,1,0,0.1,0.3,"[0.1,0.9]",24,"[0.001,0.0015,0.0020,0.0022,0.0025]",2,100000,"[0.03,0.035,0.04,0.045,0.048]","[0.09,0.09,0.09,0.09,0.09,0.09,0.09,0.09]",./auxiliary/FuelPrices.csv,./auxiliary/tractorweightvars.csv,25,,4,1000
152,"Class 8 Day cab mid roof (Diesel, 2040, program success)","[(""EPA_Ph2_rural_interstate_65mph.csv"", .64), (""EPA_Ph2_urban_highway_55mph.csv"", .17), (""EPA_Ph2_transient.csv"", .19)]",TRUE,"[74563,73479,71710,68573]",0,4,0.03,100,56,0,8,200,50,6250,70,0.07,8.5,7.2,30,15,500,1.2,0.12,55,7.467735503,94095,36287.43275,0,diesel,"[0.15,0.15,0.15,0.15]",lease,0.15,0.1,1,4,Regional haul,2040,FY22TechSuccess,150,30,65,80,20,MDHD_programsuccess_2040,MDHD_large_programsuccess_2040,DayCabTractorMidRoof_programsuccess_2040,TRUE,,,,,280,400,,,FALSE,TRUE,TRUE,TRUE,FALSE,"[260,260,260,260,260,260,260,260,260,260]",,,FALSE,,14741,25,40,1,0,0.1,0.3,"[0.1,0.9]",24,"[0.001,0.0015,0.0020,0.0022,0.0025]",2,100000,"[0.03,0.035,0.04,0.045,0.048]","[0.09,0.09,0.09,0.09,0.09,0.09,0.09,0.09]",./auxiliary/FuelPrices.csv,./auxiliary/tractorweightvars.csv,25,,4,1000
153,"Class 8 Day cab low roof (Diesel, 2040, program success)","[(""EPA_Ph2_rural_interstate_65mph.csv"", .64), (""EPA_Ph2_urban_highway_55mph.csv"", .17), (""EPA_Ph2_transient.csv"", .19)]",TRUE,"[74563,73479,71710,68573]",0,4,0.03,100,56,0,8,200,50,6250,70,0.07,8.5,7.2,30,15,500,1.2,0.12,55,7.467735503,94095,36287.43275,0,diesel,"[0.15,0.15,0.15,0.15]",lease,0.15,0.1,1,4,Regional haul,2040,FY22TechSuccess,150,30,65,80,20,MDHD_programsuccess_2040,MDHD_large_programsuccess_2040,DayCabTractorLowRoof_programsuccess_2040,TRUE,,,,,280,400,,,FALSE,TRUE,TRUE,TRUE,FALSE,"[260,260,260,260,260,260,260,260,260,260]",,,FALSE,,14741,25,40,1,0,0.1,0.3,"[0.1,0.9]",24,"[0.001,0.0015,0.0020,0.0022,0.0025]",2,100000,"[0.03,0.035,0.04,0.045,0.048]","[0.09,0.09,0.09,0.09,0.09,0.09,0.09,0.09]",./auxiliary/FuelPrices.csv,./auxiliary/tractorweightvars.csv,25,,4,1000
154,"Class 8 Day cab high roof (Diesel, 2050, program success)","[(""EPA_Ph2_rural_interstate_65mph.csv"", .64), (""EPA_Ph2_urban_highway_55mph.csv"", .17), (""EPA_Ph2_transient.csv"", .19)]",TRUE,"[74563,73479,71710,68573]",0,4,0.03,100,50,0,6,133,50,6250,60,0.07,8,7.2,30,15,500,1.2,0.12,55,7.467735503,94095,36287.43275,0,diesel,"[0.15,0.15,0.15,0.15]",lease,0.15,0.1,1,4,Regional haul,2050,FY22TechSuccess,150,30,65,80,20,MDHD_programsuccess_2050,MDHD_large_programsuccess_2050,DayCabTractorHighRoof_programsuccess_2050,FALSE,,,,,280,400,,,FALSE,TRUE,TRUE,TRUE,FALSE,"[260,260,260,260,260,260,260,260,260,260]",,,FALSE,,14741,25,40,1,0,0.1,0.3,"[0.1,0.9]",24,"[0.001,0.0015,0.0020,0.0022,0.0025]",2,100000,"[0.03,0.035,0.04,0.045,0.048]","[0.09,0.09,0.09,0.09,0.09,0.09,0.09,0.09]",./auxiliary/FuelPrices.csv,./auxiliary/tractorweightvars.csv,25,,4,1000
155,"Class 8 Day cab mid roof (Diesel, 2050, program success)","[(""EPA_Ph2_rural_interstate_65mph.csv"", .64), (""EPA_Ph2_urban_highway_55mph.csv"", .17), (""EPA_Ph2_transient.csv"", .19)]",TRUE,"[74563,73479,71710,68573]",0,4,0.03,100,50,0,6,133,50,6250,60,0.07,8,7.2,30,15,500,1.2,0.12,55,7.467735503,94095,36287.43275,0,diesel,"[0.15,0.15,0.15,0.15]",lease,0.15,0.1,1,4,Regional haul,2050,FY22TechSuccess,150,30,65,80,20,MDHD_programsuccess_2050,MDHD_large_programsuccess_2050,DayCabTractorMidRoof_programsuccess_2050,TRUE,,,,,280,400,,,FALSE,TRUE,TRUE,TRUE,FALSE,"[260,260,260,260,260,260,260,260,260,260]",,,FALSE,,14741,25,40,1,0,0.1,0.3,"[0.1,0.9]",24,"[0.001,0.0015,0.0020,0.0022,0.0025]",2,100000,"[0.03,0.035,0.04,0.045,0.048]","[0.09,0.09,0.09,0.09,0.09,0.09,0.09,0.09]",./auxiliary/FuelPrices.csv,./auxiliary/tractorweightvars.csv,25,,4,1000
156,"Class 8 Day cab low roof (Diesel, 2050, program success)","[(""EPA_Ph2_rural_interstate_65mph.csv"", .64), (""EPA_Ph2_urban_highway_55mph.csv"", .17), (""EPA_Ph2_transient.csv"", .19)]",TRUE,"[74563,73479,71710,68573]",0,4,0.03,100,50,0,6,133,50,6250,60,0.07,8,7.2,30,15,500,1.2,0.12,55,7.467735503,94095,36287.43275,0,diesel,"[0.15,0.15,0.15,0.15]",lease,0.15,0.1,1,4,Regional haul,2050,FY22TechSuccess,150,30,65,80,20,MDHD_programsuccess_2050,MDHD_large_programsuccess_2050,DayCabTractorLowRoof_programsuccess_2050,TRUE,,,,,280,400,,,FALSE,TRUE,TRUE,TRUE,FALSE,"[260,260,260,260,260,260,260,260,260,260]",,,FALSE,,14741,25,40,1,0,0.1,0.3,"[0.1,0.9]",24,"[0.001,0.0015,0.0020,0.0022,0.0025]",2,100000,"[0.03,0.035,0.04,0.045,0.048]","[0.09,0.09,0.09,0.09,0.09,0.09,0.09,0.09]",./auxiliary/FuelPrices.csv,./auxiliary/tractorweightvars.csv,25,,4,1000
157,"Class 8 Day cab high roof (BEV, 2025, no program)","[(""EPA_Ph2_rural_interstate_65mph.csv"", .64), (""EPA_Ph2_urban_highway_55mph.csv"", .17), (""EPA_Ph2_transient.csv"", .19)]",TRUE,"[74563,73479,71710,68573]",0,4,0.03,100,190,0,23,500,50,6250,142,0.07,11,7.2,30,15,500,1.2,0.12,55,7.467735503,94095,36287.43275,907,electricity,"[0.15,0.15,0.15,0.15]",lease,0.15,0.1,1,4,Regional haul,2025,FY22NoProgram,150,30,65,80,20,MDHD_noprogram_2025,,DayCabTractorHighRoof_noprogram_2025,FALSE,0.001,500,200,400,,,,,TRUE,TRUE,TRUE,TRUE,TRUE,"[260,260,260,260,260,260,260,260,260,260]",,,FALSE,,14741,25,40,1,0,0.1,0.3,"[0.1,0.9]",24,"[0.001,0.0015,0.0020,0.0022,0.0025]",2,100000,"[0.03,0.035,0.04,0.045,0.048]","[0.09,0.09,0.09,0.09,0.09,0.09,0.09,0.09]",./auxiliary/FuelPrices.csv,./auxiliary/tractorweightvars.csv,25,,4,1000
158,"Class 8 Day cab mid roof (BEV, 2025, no program)","[(""EPA_Ph2_rural_interstate_65mph.csv"", .64), (""EPA_Ph2_urban_highway_55mph.csv"", .17), (""EPA_Ph2_transient.csv"", .19)]",TRUE,"[74563,73479,71710,68573]",0,4,0.03,100,190,0,23,500,50,6250,142,0.07,11,7.2,30,15,500,1.2,0.12,55,7.467735503,94095,36287.43275,907,electricity,"[0.15,0.15,0.15,0.15]",lease,0.15,0.1,1,4,Regional haul,2025,FY22NoProgram,150,30,65,80,20,MDHD_noprogram_2025,,DayCabTractorMidRoof_noprogram_2025,TRUE,0.001,500,200,400,,,,,TRUE,TRUE,TRUE,TRUE,TRUE,"[260,260,260,260,260,260,260,260,260,260]",,,FALSE,,14741,25,40,1,0,0.1,0.3,"[0.1,0.9]",24,"[0.001,0.0015,0.0020,0.0022,0.0025]",2,100000,"[0.03,0.035,0.04,0.045,0.048]","[0.09,0.09,0.09,0.09,0.09,0.09,0.09,0.09]",./auxiliary/FuelPrices.csv,./auxiliary/tractorweightvars.csv,25,,4,1000
159,"Class 8 Day cab low roof (BEV, 2025, no program)","[(""EPA_Ph2_rural_interstate_65mph.csv"", .64), (""EPA_Ph2_urban_highway_55mph.csv"", .17), (""EPA_Ph2_transient.csv"", .19)]",TRUE,"[74563,73479,71710,68573]",0,4,0.03,100,190,0,23,500,50,6250,142,0.07,11,7.2,30,15,500,1.2,0.12,55,7.467735503,94095,36287.43275,907,electricity,"[0.15,0.15,0.15,0.15]",lease,0.15,0.1,1,4,Regional haul,2025,FY22NoProgram,150,30,65,80,20,MDHD_noprogram_2025,,DayCabTractorLowRoof_noprogram_2025,TRUE,0.001,500,200,400,,,,,TRUE,TRUE,TRUE,TRUE,TRUE,"[260,260,260,260,260,260,260,260,260,260]",,,FALSE,,14741,25,40,1,0,0.1,0.3,"[0.1,0.9]",24,"[0.001,0.0015,0.0020,0.0022,0.0025]",2,100000,"[0.03,0.035,0.04,0.045,0.048]","[0.09,0.09,0.09,0.09,0.09,0.09,0.09,0.09]",./auxiliary/FuelPrices.csv,./auxiliary/tractorweightvars.csv,25,,4,1000
160,"Class 8 Day cab high roof (BEV, 2030, no program)","[(""EPA_Ph2_rural_interstate_65mph.csv"", .64), (""EPA_Ph2_urban_highway_55mph.csv"", .17), (""EPA_Ph2_transient.csv"", .19)]",TRUE,"[74563,73479,71710,68573]",0,4,0.03,100,120,0,18.3,500,50,6250,113,0.07,10,7.2,30,15,500,1.2,0.12,55,7.467735503,94095,36287.43275,907,electricity,"[0.15,0.15,0.15,0.15]",lease,0.15,0.1,1,4,Regional haul,2030,FY22NoProgram,150,30,65,80,20,MDHD_noprogram_2030,,DayCabTractorHighRoof_noprogram_2030,FALSE,0.001,500,200,400,,,,,TRUE,TRUE,TRUE,TRUE,TRUE,"[260,260,260,260,260,260,260,260,260,260]",,,FALSE,,14741,25,40,1,0,0.1,0.3,"[0.1,0.9]",24,"[0.001,0.0015,0.0020,0.0022,0.0025]",2,100000,"[0.03,0.035,0.04,0.045,0.048]","[0.09,0.09,0.09,0.09,0.09,0.09,0.09,0.09]",./auxiliary/FuelPrices.csv,./auxiliary/tractorweightvars.csv,25,,4,1000
161,"Class 8 Day cab mid roof (BEV, 2030, no program)","[(""EPA_Ph2_rural_interstate_65mph.csv"", .64), (""EPA_Ph2_urban_highway_55mph.csv"", .17), (""EPA_Ph2_transient.csv"", .19)]",TRUE,"[74563,73479,71710,68573]",0,4,0.03,100,120,0,18.3,500,50,6250,113,0.07,10,7.2,30,15,500,1.2,0.12,55,7.467735503,94095,36287.43275,907,electricity,"[0.15,0.15,0.15,0.15]",lease,0.15,0.1,1,4,Regional haul,2030,FY22NoProgram,150,30,65,80,20,MDHD_noprogram_2030,,DayCabTractorMidRoof_noprogram_2030,TRUE,0.001,500,200,400,,,,,TRUE,TRUE,TRUE,TRUE,TRUE,"[260,260,260,260,260,260,260,260,260,260]",,,FALSE,,14741,25,40,1,0,0.1,0.3,"[0.1,0.9]",24,"[0.001,0.0015,0.0020,0.0022,0.0025]",2,100000,"[0.03,0.035,0.04,0.045,0.048]","[0.09,0.09,0.09,0.09,0.09,0.09,0.09,0.09]",./auxiliary/FuelPrices.csv,./auxiliary/tractorweightvars.csv,25,,4,1000
162,"Class 8 Day cab low roof (BEV, 2030, no program)","[(""EPA_Ph2_rural_interstate_65mph.csv"", .64), (""EPA_Ph2_urban_highway_55mph.csv"", .17), (""EPA_Ph2_transient.csv"", .19)]",TRUE,"[74563,73479,71710,68573]",0,4,0.03,100,120,0,18.3,500,50,6250,113,0.07,10,7.2,30,15,500,1.2,0.12,55,7.467735503,94095,36287.43275,907,electricity,"[0.15,0.15,0.15,0.15]",lease,0.15,0.1,1,4,Regional haul,2030,FY22NoProgram,150,30,65,80,20,MDHD_noprogram_2030,,DayCabTractorLowRoof_noprogram_2030,TRUE,0.001,500,200,400,,,,,TRUE,TRUE,TRUE,TRUE,TRUE,"[260,260,260,260,260,260,260,260,260,260]",,,FALSE,,14741,25,40,1,0,0.1,0.3,"[0.1,0.9]",24,"[0.001,0.0015,0.0020,0.0022,0.0025]",2,100000,"[0.03,0.035,0.04,0.045,0.048]","[0.09,0.09,0.09,0.09,0.09,0.09,0.09,0.09]",./auxiliary/FuelPrices.csv,./auxiliary/tractorweightvars.csv,25,,4,1000
163,"Class 8 Day cab high roof (BEV, 2035, no program)","[(""EPA_Ph2_rural_interstate_65mph.csv"", .64), (""EPA_Ph2_urban_highway_55mph.csv"", .17), (""EPA_Ph2_transient.csv"", .19)]",TRUE,"[74563,73479,71710,68573]",0,4,0.03,100,105,0,15.65,450,50,6250,99,0.07,9.75,7.2,30,15,500,1.2,0.12,55,7.467735503,94095,36287.43275,907,electricity,"[0.15,0.15,0.15,0.15]",lease,0.15,0.1,1,4,Regional haul,2035,FY22NoProgram,150,30,65,80,20,MDHD_noprogram_2035,,DayCabTractorHighRoof_noprogram_2035,FALSE,0.001,500,200,400,,,,,TRUE,TRUE,TRUE,TRUE,TRUE,"[260,260,260,260,260,260,260,260,260,260]",,,FALSE,,14741,25,40,1,0,0.1,0.3,"[0.1,0.9]",24,"[0.001,0.0015,0.0020,0.0022,0.0025]",2,100000,"[0.03,0.035,0.04,0.045,0.048]","[0.09,0.09,0.09,0.09,0.09,0.09,0.09,0.09]",./auxiliary/FuelPrices.csv,./auxiliary/tractorweightvars.csv,25,,4,1000
164,"Class 8 Day cab mid roof (BEV, 2035, no program)","[(""EPA_Ph2_rural_interstate_65mph.csv"", .64), (""EPA_Ph2_urban_highway_55mph.csv"", .17), (""EPA_Ph2_transient.csv"", .19)]",TRUE,"[74563,73479,71710,68573]",0,4,0.03,100,105,0,15.65,450,50,6250,99,0.07,9.75,7.2,30,15,500,1.2,0.12,55,7.467735503,94095,36287.43275,907,electricity,"[0.15,0.15,0.15,0.15]",lease,0.15,0.1,1,4,Regional haul,2035,FY22NoProgram,150,30,65,80,20,MDHD_noprogram_2035,,DayCabTractorMidRoof_noprogram_2035,TRUE,0.001,500,200,400,,,,,TRUE,TRUE,TRUE,TRUE,TRUE,"[260,260,260,260,260,260,260,260,260,260]",,,FALSE,,14741,25,40,1,0,0.1,0.3,"[0.1,0.9]",24,"[0.001,0.0015,0.0020,0.0022,0.0025]",2,100000,"[0.03,0.035,0.04,0.045,0.048]","[0.09,0.09,0.09,0.09,0.09,0.09,0.09,0.09]",./auxiliary/FuelPrices.csv,./auxiliary/tractorweightvars.csv,25,,4,1000
165,"Class 8 Day cab low roof (BEV, 2035, no program)","[(""EPA_Ph2_rural_interstate_65mph.csv"", .64), (""EPA_Ph2_urban_highway_55mph.csv"", .17), (""EPA_Ph2_transient.csv"", .19)]",TRUE,"[74563,73479,71710,68573]",0,4,0.03,100,105,0,15.65,450,50,6250,99,0.07,9.75,7.2,30,15,500,1.2,0.12,55,7.467735503,94095,36287.43275,907,electricity,"[0.15,0.15,0.15,0.15]",lease,0.15,0.1,1,4,Regional haul,2035,FY22NoProgram,150,30,65,80,20,MDHD_noprogram_2035,,DayCabTractorLowRoof_noprogram_2035,TRUE,0.001,500,200,400,,,,,TRUE,TRUE,TRUE,TRUE,TRUE,"[260,260,260,260,260,260,260,260,260,260]",,,FALSE,,14741,25,40,1,0,0.1,0.3,"[0.1,0.9]",24,"[0.001,0.0015,0.0020,0.0022,0.0025]",2,100000,"[0.03,0.035,0.04,0.045,0.048]","[0.09,0.09,0.09,0.09,0.09,0.09,0.09,0.09]",./auxiliary/FuelPrices.csv,./auxiliary/tractorweightvars.csv,25,,4,1000
166,"Class 8 Day cab high roof (BEV, 2040, no program)","[(""EPA_Ph2_rural_interstate_65mph.csv"", .64), (""EPA_Ph2_urban_highway_55mph.csv"", .17), (""EPA_Ph2_transient.csv"", .19)]",TRUE,"[74563,73479,71710,68573]",0,4,0.03,100,90,0,13,400,50,6250,85,0.07,9.5,7.2,30,15,500,1.2,0.12,55,7.467735503,94095,36287.43275,907,electricity,"[0.15,0.15,0.15,0.15]",lease,0.15,0.1,1,4,Regional haul,2040,FY22NoProgram,150,30,65,80,20,MDHD_noprogram_2040,,DayCabTractorHighRoof_noprogram_2040,FALSE,0.001,500,200,400,,,,,TRUE,TRUE,TRUE,TRUE,TRUE,"[260,260,260,260,260,260,260,260,260,260]",,,FALSE,,14741,25,40,1,0,0.1,0.3,"[0.1,0.9]",24,"[0.001,0.0015,0.0020,0.0022,0.0025]",2,100000,"[0.03,0.035,0.04,0.045,0.048]","[0.09,0.09,0.09,0.09,0.09,0.09,0.09,0.09]",./auxiliary/FuelPrices.csv,./auxiliary/tractorweightvars.csv,25,,4,1000
167,"Class 8 Day cab mid roof (BEV, 2040, no program)","[(""EPA_Ph2_rural_interstate_65mph.csv"", .64), (""EPA_Ph2_urban_highway_55mph.csv"", .17), (""EPA_Ph2_transient.csv"", .19)]",TRUE,"[74563,73479,71710,68573]",0,4,0.03,100,90,0,13,400,50,6250,85,0.07,9.5,7.2,30,15,500,1.2,0.12,55,7.467735503,94095,36287.43275,907,electricity,"[0.15,0.15,0.15,0.15]",lease,0.15,0.1,1,4,Regional haul,2040,FY22NoProgram,150,30,65,80,20,MDHD_noprogram_2040,,DayCabTractorMidRoof_noprogram_2040,TRUE,0.001,500,200,400,,,,,TRUE,TRUE,TRUE,TRUE,TRUE,"[260,260,260,260,260,260,260,260,260,260]",,,FALSE,,14741,25,40,1,0,0.1,0.3,"[0.1,0.9]",24,"[0.001,0.0015,0.0020,0.0022,0.0025]",2,100000,"[0.03,0.035,0.04,0.045,0.048]","[0.09,0.09,0.09,0.09,0.09,0.09,0.09,0.09]",./auxiliary/FuelPrices.csv,./auxiliary/tractorweightvars.csv,25,,4,1000
168,"Class 8 Day cab low roof (BEV, 2040, no program)","[(""EPA_Ph2_rural_interstate_65mph.csv"", .64), (""EPA_Ph2_urban_highway_55mph.csv"", .17), (""EPA_Ph2_transient.csv"", .19)]",TRUE,"[74563,73479,71710,68573]",0,4,0.03,100,90,0,13,400,50,6250,85,0.07,9.5,7.2,30,15,500,1.2,0.12,55,7.467735503,94095,36287.43275,907,electricity,"[0.15,0.15,0.15,0.15]",lease,0.15,0.1,1,4,Regional haul,2040,FY22NoProgram,150,30,65,80,20,MDHD_noprogram_2040,,DayCabTractorLowRoof_noprogram_2040,TRUE,0.001,500,200,400,,,,,TRUE,TRUE,TRUE,TRUE,TRUE,"[260,260,260,260,260,260,260,260,260,260]",,,FALSE,,14741,25,40,1,0,0.1,0.3,"[0.1,0.9]",24,"[0.001,0.0015,0.0020,0.0022,0.0025]",2,100000,"[0.03,0.035,0.04,0.045,0.048]","[0.09,0.09,0.09,0.09,0.09,0.09,0.09,0.09]",./auxiliary/FuelPrices.csv,./auxiliary/tractorweightvars.csv,25,,4,1000
169,"Class 8 Day cab high roof (BEV, 2050, no program)","[(""EPA_Ph2_rural_interstate_65mph.csv"", .64), (""EPA_Ph2_urban_highway_55mph.csv"", .17), (""EPA_Ph2_transient.csv"", .19)]",TRUE,"[74563,73479,71710,68573]",0,4,0.03,100,85,0,11,350,50,6250,85,0.07,9.5,7.2,30,15,500,1.2,0.12,55,7.467735503,94095,36287.43275,907,electricity,"[0.15,0.15,0.15,0.15]",lease,0.15,0.1,1,4,Regional haul,2050,FY22NoProgram,150,30,65,80,20,MDHD_noprogram_2050,,DayCabTractorHighRoof_noprogram_2050,FALSE,0.001,500,200,400,,,,,TRUE,TRUE,TRUE,TRUE,TRUE,"[260,260,260,260,260,260,260,260,260,260]",,,FALSE,,14741,25,40,1,0,0.1,0.3,"[0.1,0.9]",24,"[0.001,0.0015,0.0020,0.0022,0.0025]",2,100000,"[0.03,0.035,0.04,0.045,0.048]","[0.09,0.09,0.09,0.09,0.09,0.09,0.09,0.09]",./auxiliary/FuelPrices.csv,./auxiliary/tractorweightvars.csv,25,,4,1000
170,"Class 8 Day cab mid roof (BEV, 2050, no program)","[(""EPA_Ph2_rural_interstate_65mph.csv"", .64), (""EPA_Ph2_urban_highway_55mph.csv"", .17), (""EPA_Ph2_transient.csv"", .19)]",TRUE,"[74563,73479,71710,68573]",0,4,0.03,100,85,0,11,350,50,6250,85,0.07,9.5,7.2,30,15,500,1.2,0.12,55,7.467735503,94095,36287.43275,907,electricity,"[0.15,0.15,0.15,0.15]",lease,0.15,0.1,1,4,Regional haul,2050,FY22NoProgram,150,30,65,80,20,MDHD_noprogram_2050,,DayCabTractorMidRoof_noprogram_2050,TRUE,0.001,500,200,400,,,,,TRUE,TRUE,TRUE,TRUE,TRUE,"[260,260,260,260,260,260,260,260,260,260]",,,FALSE,,14741,25,40,1,0,0.1,0.3,"[0.1,0.9]",24,"[0.001,0.0015,0.0020,0.0022,0.0025]",2,100000,"[0.03,0.035,0.04,0.045,0.048]","[0.09,0.09,0.09,0.09,0.09,0.09,0.09,0.09]",./auxiliary/FuelPrices.csv,./auxiliary/tractorweightvars.csv,25,,4,1000
171,"Class 8 Day cab low roof (BEV, 2050, no program)","[(""EPA_Ph2_rural_interstate_65mph.csv"", .64), (""EPA_Ph2_urban_highway_55mph.csv"", .17), (""EPA_Ph2_transient.csv"", .19)]",TRUE,"[74563,73479,71710,68573]",0,4,0.03,100,85,0,11,350,50,6250,85,0.07,9.5,7.2,30,15,500,1.2,0.12,55,7.467735503,94095,36287.43275,907,electricity,"[0.15,0.15,0.15,0.15]",lease,0.15,0.1,1,4,Regional haul,2050,FY22NoProgram,150,30,65,80,20,MDHD_noprogram_2050,,DayCabTractorLowRoof_noprogram_2050,TRUE,0.001,500,200,400,,,,,TRUE,TRUE,TRUE,TRUE,TRUE,"[260,260,260,260,260,260,260,260,260,260]",,,FALSE,,14741,25,40,1,0,0.1,0.3,"[0.1,0.9]",24,"[0.001,0.0015,0.0020,0.0022,0.0025]",2,100000,"[0.03,0.035,0.04,0.045,0.048]","[0.09,0.09,0.09,0.09,0.09,0.09,0.09,0.09]",./auxiliary/FuelPrices.csv,./auxiliary/tractorweightvars.csv,25,,4,1000
172,"Class 8 Day cab high roof (BEV, 2025, program success)","[(""EPA_Ph2_rural_interstate_65mph.csv"", .64), (""EPA_Ph2_urban_highway_55mph.csv"", .17), (""EPA_Ph2_transient.csv"", .19)]",TRUE,"[74563,73479,71710,68573]",0,4,0.03,100,177,0,18,300,50,6250,130,0.07,10,7.2,30,15,500,1.2,0.12,55,7.467735503,94095,36287.43275,907,electricity,"[0.15,0.15,0.15,0.15]",lease,0.15,0.1,1,4,Regional haul,2025,FY22TechSuccess,150,30,65,80,20,MDHD_programsuccess_2025,,DayCabTractorHighRoof_programsuccess_2025,FALSE,0.001,500,200,400,,,,,TRUE,TRUE,TRUE,TRUE,TRUE,"[260,260,260,260,260,260,260,260,260,260]",,,FALSE,,14741,25,40,1,0,0.1,0.3,"[0.1,0.9]",24,"[0.001,0.0015,0.0020,0.0022,0.0025]",2,100000,"[0.03,0.035,0.04,0.045,0.048]","[0.09,0.09,0.09,0.09,0.09,0.09,0.09,0.09]",./auxiliary/FuelPrices.csv,./auxiliary/tractorweightvars.csv,25,,4,1000
173,"Class 8 Day cab mid roof (BEV, 2025, program success)","[(""EPA_Ph2_rural_interstate_65mph.csv"", .64), (""EPA_Ph2_urban_highway_55mph.csv"", .17), (""EPA_Ph2_transient.csv"", .19)]",TRUE,"[74563,73479,71710,68573]",0,4,0.03,100,177,0,18,300,50,6250,130,0.07,10,7.2,30,15,500,1.2,0.12,55,7.467735503,94095,36287.43275,907,electricity,"[0.15,0.15,0.15,0.15]",lease,0.15,0.1,1,4,Regional haul,2025,FY22TechSuccess,150,30,65,80,20,MDHD_programsuccess_2025,,DayCabTractorMidRoof_programsuccess_2025,TRUE,0.001,500,200,400,,,,,TRUE,TRUE,TRUE,TRUE,TRUE,"[260,260,260,260,260,260,260,260,260,260]",,,FALSE,,14741,25,40,1,0,0.1,0.3,"[0.1,0.9]",24,"[0.001,0.0015,0.0020,0.0022,0.0025]",2,100000,"[0.03,0.035,0.04,0.045,0.048]","[0.09,0.09,0.09,0.09,0.09,0.09,0.09,0.09]",./auxiliary/FuelPrices.csv,./auxiliary/tractorweightvars.csv,25,,4,1000
174,"Class 8 Day cab low roof (BEV, 2025, program success)","[(""EPA_Ph2_rural_interstate_65mph.csv"", .64), (""EPA_Ph2_urban_highway_55mph.csv"", .17), (""EPA_Ph2_transient.csv"", .19)]",TRUE,"[74563,73479,71710,68573]",0,4,0.03,100,177,0,18,300,50,6250,130,0.07,10,7.2,30,15,500,1.2,0.12,55,7.467735503,94095,36287.43275,907,electricity,"[0.15,0.15,0.15,0.15]",lease,0.15,0.1,1,4,Regional haul,2025,FY22TechSuccess,150,30,65,80,20,MDHD_programsuccess_2025,,DayCabTractorLowRoof_programsuccess_2025,TRUE,0.001,500,200,400,,,,,TRUE,TRUE,TRUE,TRUE,TRUE,"[260,260,260,260,260,260,260,260,260,260]",,,FALSE,,14741,25,40,1,0,0.1,0.3,"[0.1,0.9]",24,"[0.001,0.0015,0.0020,0.0022,0.0025]",2,100000,"[0.03,0.035,0.04,0.045,0.048]","[0.09,0.09,0.09,0.09,0.09,0.09,0.09,0.09]",./auxiliary/FuelPrices.csv,./auxiliary/tractorweightvars.csv,25,,4,1000
175,"Class 8 Day cab high roof (BEV, 2030, program success)","[(""EPA_Ph2_rural_interstate_65mph.csv"", .64), (""EPA_Ph2_urban_highway_55mph.csv"", .17), (""EPA_Ph2_transient.csv"", .19)]",TRUE,"[74563,73479,71710,68573]",0,4,0.03,100,84,0,13.3,300,50,6250,80,0.07,9,7.2,30,15,500,1.2,0.12,55,7.467735503,94095,36287.43275,907,electricity,"[0.15,0.15,0.15,0.15]",lease,0.15,0.1,1,4,Regional haul,2030,FY22TechSuccess,150,30,65,80,20,MDHD_programsuccess_2030,,DayCabTractorHighRoof_programsuccess_2030,FALSE,0.001,500,200,400,,,,,TRUE,TRUE,TRUE,TRUE,TRUE,"[260,260,260,260,260,260,260,260,260,260]",,,FALSE,,14741,25,40,1,0,0.1,0.3,"[0.1,0.9]",24,"[0.001,0.0015,0.0020,0.0022,0.0025]",2,100000,"[0.03,0.035,0.04,0.045,0.048]","[0.09,0.09,0.09,0.09,0.09,0.09,0.09,0.09]",./auxiliary/FuelPrices.csv,./auxiliary/tractorweightvars.csv,25,,4,1000
176,"Class 8 Day cab mid roof (BEV, 2030, program success)","[(""EPA_Ph2_rural_interstate_65mph.csv"", .64), (""EPA_Ph2_urban_highway_55mph.csv"", .17), (""EPA_Ph2_transient.csv"", .19)]",TRUE,"[74563,73479,71710,68573]",0,4,0.03,100,84,0,13.3,300,50,6250,80,0.07,9,7.2,30,15,500,1.2,0.12,55,7.467735503,94095,36287.43275,907,electricity,"[0.15,0.15,0.15,0.15]",lease,0.15,0.1,1,4,Regional haul,2030,FY22TechSuccess,150,30,65,80,20,MDHD_programsuccess_2030,,DayCabTractorMidRoof_programsuccess_2030,TRUE,0.001,500,200,400,,,,,TRUE,TRUE,TRUE,TRUE,TRUE,"[260,260,260,260,260,260,260,260,260,260]",,,FALSE,,14741,25,40,1,0,0.1,0.3,"[0.1,0.9]",24,"[0.001,0.0015,0.0020,0.0022,0.0025]",2,100000,"[0.03,0.035,0.04,0.045,0.048]","[0.09,0.09,0.09,0.09,0.09,0.09,0.09,0.09]",./auxiliary/FuelPrices.csv,./auxiliary/tractorweightvars.csv,25,,4,1000
177,"Class 8 Day cab low roof (BEV, 2030, program success)","[(""EPA_Ph2_rural_interstate_65mph.csv"", .64), (""EPA_Ph2_urban_highway_55mph.csv"", .17), (""EPA_Ph2_transient.csv"", .19)]",TRUE,"[74563,73479,71710,68573]",0,4,0.03,100,84,0,13.3,300,50,6250,80,0.07,9,7.2,30,15,500,1.2,0.12,55,7.467735503,94095,36287.43275,907,electricity,"[0.15,0.15,0.15,0.15]",lease,0.15,0.1,1,4,Regional haul,2030,FY22TechSuccess,150,30,65,80,20,MDHD_programsuccess_2030,,DayCabTractorLowRoof_programsuccess_2030,TRUE,0.001,500,200,400,,,,,TRUE,TRUE,TRUE,TRUE,TRUE,"[260,260,260,260,260,260,260,260,260,260]",,,FALSE,,14741,25,40,1,0,0.1,0.3,"[0.1,0.9]",24,"[0.001,0.0015,0.0020,0.0022,0.0025]",2,100000,"[0.03,0.035,0.04,0.045,0.048]","[0.09,0.09,0.09,0.09,0.09,0.09,0.09,0.09]",./auxiliary/FuelPrices.csv,./auxiliary/tractorweightvars.csv,25,,4,1000
178,"Class 8 Day cab high roof (BEV, 2035, program success)","[(""EPA_Ph2_rural_interstate_65mph.csv"", .64), (""EPA_Ph2_urban_highway_55mph.csv"", .17), (""EPA_Ph2_transient.csv"", .19)]",TRUE,"[74563,73479,71710,68573]",0,4,0.03,100,70,0,10.65,250,50,6250,75,0.07,8.75,7.2,30,15,500,1.2,0.12,55,7.467735503,94095,36287.43275,907,electricity,"[0.15,0.15,0.15,0.15]",lease,0.15,0.1,1,4,Regional haul,2035,FY22TechSuccess,150,30,65,80,20,MDHD_programsuccess_2035,,DayCabTractorHighRoof_programsuccess_2035,FALSE,0.001,500,200,400,,,,,TRUE,TRUE,TRUE,TRUE,TRUE,"[260,260,260,260,260,260,260,260,260,260]",,,FALSE,,14741,25,40,1,0,0.1,0.3,"[0.1,0.9]",24,"[0.001,0.0015,0.0020,0.0022,0.0025]",2,100000,"[0.03,0.035,0.04,0.045,0.048]","[0.09,0.09,0.09,0.09,0.09,0.09,0.09,0.09]",./auxiliary/FuelPrices.csv,./auxiliary/tractorweightvars.csv,25,,4,1000
179,"Class 8 Day cab mid roof (BEV, 2035, program success)","[(""EPA_Ph2_rural_interstate_65mph.csv"", .64), (""EPA_Ph2_urban_highway_55mph.csv"", .17), (""EPA_Ph2_transient.csv"", .19)]",TRUE,"[74563,73479,71710,68573]",0,4,0.03,100,70,0,10.65,250,50,6250,75,0.07,8.75,7.2,30,15,500,1.2,0.12,55,7.467735503,94095,36287.43275,907,electricity,"[0.15,0.15,0.15,0.15]",lease,0.15,0.1,1,4,Regional haul,2035,FY22TechSuccess,150,30,65,80,20,MDHD_programsuccess_2035,,DayCabTractorMidRoof_programsuccess_2035,TRUE,0.001,500,200,400,,,,,TRUE,TRUE,TRUE,TRUE,TRUE,"[260,260,260,260,260,260,260,260,260,260]",,,FALSE,,14741,25,40,1,0,0.1,0.3,"[0.1,0.9]",24,"[0.001,0.0015,0.0020,0.0022,0.0025]",2,100000,"[0.03,0.035,0.04,0.045,0.048]","[0.09,0.09,0.09,0.09,0.09,0.09,0.09,0.09]",./auxiliary/FuelPrices.csv,./auxiliary/tractorweightvars.csv,25,,4,1000
180,"Class 8 Day cab low roof (BEV, 2035, program success)","[(""EPA_Ph2_rural_interstate_65mph.csv"", .64), (""EPA_Ph2_urban_highway_55mph.csv"", .17), (""EPA_Ph2_transient.csv"", .19)]",TRUE,"[74563,73479,71710,68573]",0,4,0.03,100,70,0,10.65,250,50,6250,75,0.07,8.75,7.2,30,15,500,1.2,0.12,55,7.467735503,94095,36287.43275,907,electricity,"[0.15,0.15,0.15,0.15]",lease,0.15,0.1,1,4,Regional haul,2035,FY22TechSuccess,150,30,65,80,20,MDHD_programsuccess_2035,,DayCabTractorLowRoof_programsuccess_2035,TRUE,0.001,500,200,400,,,,,TRUE,TRUE,TRUE,TRUE,TRUE,"[260,260,260,260,260,260,260,260,260,260]",,,FALSE,,14741,25,40,1,0,0.1,0.3,"[0.1,0.9]",24,"[0.001,0.0015,0.0020,0.0022,0.0025]",2,100000,"[0.03,0.035,0.04,0.045,0.048]","[0.09,0.09,0.09,0.09,0.09,0.09,0.09,0.09]",./auxiliary/FuelPrices.csv,./auxiliary/tractorweightvars.csv,25,,4,1000
181,"Class 8 Day cab high roof (BEV, 2040, program success)","[(""EPA_Ph2_rural_interstate_65mph.csv"", .64), (""EPA_Ph2_urban_highway_55mph.csv"", .17), (""EPA_Ph2_transient.csv"", .19)]",TRUE,"[74563,73479,71710,68573]",0,4,0.03,100,56,0,8,200,50,6250,70,0.07,8.5,7.2,30,15,500,1.2,0.12,55,7.467735503,94095,36287.43275,907,electricity,"[0.15,0.15,0.15,0.15]",lease,0.15,0.1,1,4,Regional haul,2040,FY22TechSuccess,150,30,65,80,20,MDHD_programsuccess_2040,,DayCabTractorHighRoof_programsuccess_2040,FALSE,0.001,500,200,400,,,,,TRUE,TRUE,TRUE,TRUE,TRUE,"[260,260,260,260,260,260,260,260,260,260]",,,FALSE,,14741,25,40,1,0,0.1,0.3,"[0.1,0.9]",24,"[0.001,0.0015,0.0020,0.0022,0.0025]",2,100000,"[0.03,0.035,0.04,0.045,0.048]","[0.09,0.09,0.09,0.09,0.09,0.09,0.09,0.09]",./auxiliary/FuelPrices.csv,./auxiliary/tractorweightvars.csv,25,,4,1000
182,"Class 8 Day cab mid roof (BEV, 2040, program success)","[(""EPA_Ph2_rural_interstate_65mph.csv"", .64), (""EPA_Ph2_urban_highway_55mph.csv"", .17), (""EPA_Ph2_transient.csv"", .19)]",TRUE,"[74563,73479,71710,68573]",0,4,0.03,100,56,0,8,200,50,6250,70,0.07,8.5,7.2,30,15,500,1.2,0.12,55,7.467735503,94095,36287.43275,907,electricity,"[0.15,0.15,0.15,0.15]",lease,0.15,0.1,1,4,Regional haul,2040,FY22TechSuccess,150,30,65,80,20,MDHD_programsuccess_2040,,DayCabTractorMidRoof_programsuccess_2040,TRUE,0.001,500,200,400,,,,,TRUE,TRUE,TRUE,TRUE,TRUE,"[260,260,260,260,260,260,260,260,260,260]",,,FALSE,,14741,25,40,1,0,0.1,0.3,"[0.1,0.9]",24,"[0.001,0.0015,0.0020,0.0022,0.0025]",2,100000,"[0.03,0.035,0.04,0.045,0.048]","[0.09,0.09,0.09,0.09,0.09,0.09,0.09,0.09]",./auxiliary/FuelPrices.csv,./auxiliary/tractorweightvars.csv,25,,4,1000
183,"Class 8 Day cab low roof (BEV, 2040, program success)","[(""EPA_Ph2_rural_interstate_65mph.csv"", .64), (""EPA_Ph2_urban_highway_55mph.csv"", .17), (""EPA_Ph2_transient.csv"", .19)]",TRUE,"[74563,73479,71710,68573]",0,4,0.03,100,56,0,8,200,50,6250,70,0.07,8.5,7.2,30,15,500,1.2,0.12,55,7.467735503,94095,36287.43275,907,electricity,"[0.15,0.15,0.15,0.15]",lease,0.15,0.1,1,4,Regional haul,2040,FY22TechSuccess,150,30,65,80,20,MDHD_programsuccess_2040,,DayCabTractorLowRoof_programsuccess_2040,TRUE,0.001,500,200,400,,,,,TRUE,TRUE,TRUE,TRUE,TRUE,"[260,260,260,260,260,260,260,260,260,260]",,,FALSE,,14741,25,40,1,0,0.1,0.3,"[0.1,0.9]",24,"[0.001,0.0015,0.0020,0.0022,0.0025]",2,100000,"[0.03,0.035,0.04,0.045,0.048]","[0.09,0.09,0.09,0.09,0.09,0.09,0.09,0.09]",./auxiliary/FuelPrices.csv,./auxiliary/tractorweightvars.csv,25,,4,1000
184,"Class 8 Day cab high roof (BEV, 2050, program success)","[(""EPA_Ph2_rural_interstate_65mph.csv"", .64), (""EPA_Ph2_urban_highway_55mph.csv"", .17), (""EPA_Ph2_transient.csv"", .19)]",TRUE,"[74563,73479,71710,68573]",0,4,0.03,100,50,0,6,133,50,6250,60,0.07,8,7.2,30,15,500,1.2,0.12,55,7.467735503,94095,36287.43275,907,electricity,"[0.15,0.15,0.15,0.15]",lease,0.15,0.1,1,4,Regional haul,2050,FY22TechSuccess,150,30,65,80,20,MDHD_programsuccess_2050,,DayCabTractorHighRoof_programsuccess_2050,FALSE,0.001,500,200,400,,,,,TRUE,TRUE,TRUE,TRUE,TRUE,"[260,260,260,260,260,260,260,260,260,260]",,,FALSE,,14741,25,40,1,0,0.1,0.3,"[0.1,0.9]",24,"[0.001,0.0015,0.0020,0.0022,0.0025]",2,100000,"[0.03,0.035,0.04,0.045,0.048]","[0.09,0.09,0.09,0.09,0.09,0.09,0.09,0.09]",./auxiliary/FuelPrices.csv,./auxiliary/tractorweightvars.csv,25,,4,1000
185,"Class 8 Day cab mid roof (BEV, 2050, program success)","[(""EPA_Ph2_rural_interstate_65mph.csv"", .64), (""EPA_Ph2_urban_highway_55mph.csv"", .17), (""EPA_Ph2_transient.csv"", .19)]",TRUE,"[74563,73479,71710,68573]",0,4,0.03,100,50,0,6,133,50,6250,60,0.07,8,7.2,30,15,500,1.2,0.12,55,7.467735503,94095,36287.43275,907,electricity,"[0.15,0.15,0.15,0.15]",lease,0.15,0.1,1,4,Regional haul,2050,FY22TechSuccess,150,30,65,80,20,MDHD_programsuccess_2050,,DayCabTractorMidRoof_programsuccess_2050,TRUE,0.001,500,200,400,,,,,TRUE,TRUE,TRUE,TRUE,TRUE,"[260,260,260,260,260,260,260,260,260,260]",,,FALSE,,14741,25,40,1,0,0.1,0.3,"[0.1,0.9]",24,"[0.001,0.0015,0.0020,0.0022,0.0025]",2,100000,"[0.03,0.035,0.04,0.045,0.048]","[0.09,0.09,0.09,0.09,0.09,0.09,0.09,0.09]",./auxiliary/FuelPrices.csv,./auxiliary/tractorweightvars.csv,25,,4,1000
186,"Class 8 Day cab low roof (BEV, 2050, program success)","[(""EPA_Ph2_rural_interstate_65mph.csv"", .64), (""EPA_Ph2_urban_highway_55mph.csv"", .17), (""EPA_Ph2_transient.csv"", .19)]",TRUE,"[74563,73479,71710,68573]",0,4,0.03,100,50,0,6,133,50,6250,60,0.07,8,7.2,30,15,500,1.2,0.12,55,7.467735503,94095,36287.43275,907,electricity,"[0.15,0.15,0.15,0.15]",lease,0.15,0.1,1,4,Regional haul,2050,FY22TechSuccess,150,30,65,80,20,MDHD_programsuccess_2050,,DayCabTractorLowRoof_programsuccess_2050,TRUE,0.001,500,200,400,,,,,TRUE,TRUE,TRUE,TRUE,TRUE,"[260,260,260,260,260,260,260,260,260,260]",,,FALSE,,14741,25,40,1,0,0.1,0.3,"[0.1,0.9]",24,"[0.001,0.0015,0.0020,0.0022,0.0025]",2,100000,"[0.03,0.035,0.04,0.045,0.048]","[0.09,0.09,0.09,0.09,0.09,0.09,0.09,0.09]",./auxiliary/FuelPrices.csv,./auxiliary/tractorweightvars.csv,25,,4,1000
187,"Class 8 Day cab high roof (HEV, 2025, no program)","[(""EPA_Ph2_rural_interstate_65mph.csv"", .64), (""EPA_Ph2_urban_highway_55mph.csv"", .17), (""EPA_Ph2_transient.csv"", .19)]",TRUE,"[74563,73479,71710,68573]",0,4,0.03,100,440,0,23,500,50,6250,142,0.07,11,7.2,30,15,500,1.2,0.12,55,7.467735503,94095,36287.43275,0,diesel,"[0.15,0.15,0.15,0.15]",lease,0.15,0.1,1,4,Regional haul,2025,FY22NoProgram,150,30,65,80,20,MDHD_noprogram_2025,MDHD_large_noprogram_2025,DayCabTractorHighRoof_noprogram_2025,FALSE,0.001,50,50,200,200,400,,,FALSE,TRUE,TRUE,TRUE,TRUE,"[260,260,260,260,260,260,260,260,260,260]",,,FALSE,,14741,25,40,1,0,0.1,0.3,"[0.1,0.9]",24,"[0.001,0.0015,0.0020,0.0022,0.0025]",2,100000,"[0.03,0.035,0.04,0.045,0.048]","[0.09,0.09,0.09,0.09,0.09,0.09,0.09,0.09]",./auxiliary/FuelPrices.csv,./auxiliary/tractorweightvars.csv,25,,4,1000
188,"Class 8 Day cab mid roof (HEV, 2025, no program)","[(""EPA_Ph2_rural_interstate_65mph.csv"", .64), (""EPA_Ph2_urban_highway_55mph.csv"", .17), (""EPA_Ph2_transient.csv"", .19)]",TRUE,"[74563,73479,71710,68573]",0,4,0.03,100,440,0,23,500,50,6250,142,0.07,11,7.2,30,15,500,1.2,0.12,55,7.467735503,94095,36287.43275,0,diesel,"[0.15,0.15,0.15,0.15]",lease,0.15,0.1,1,4,Regional haul,2025,FY22NoProgram,150,30,65,80,20,MDHD_noprogram_2025,MDHD_large_noprogram_2025,DayCabTractorMidRoof_noprogram_2025,TRUE,0.001,50,50,200,200,400,,,FALSE,TRUE,TRUE,TRUE,TRUE,"[260,260,260,260,260,260,260,260,260,260]",,,FALSE,,14741,25,40,1,0,0.1,0.3,"[0.1,0.9]",24,"[0.001,0.0015,0.0020,0.0022,0.0025]",2,100000,"[0.03,0.035,0.04,0.045,0.048]","[0.09,0.09,0.09,0.09,0.09,0.09,0.09,0.09]",./auxiliary/FuelPrices.csv,./auxiliary/tractorweightvars.csv,25,,4,1000
189,"Class 8 Day cab low roof (HEV, 2025, no program)","[(""EPA_Ph2_rural_interstate_65mph.csv"", .64), (""EPA_Ph2_urban_highway_55mph.csv"", .17), (""EPA_Ph2_transient.csv"", .19)]",TRUE,"[74563,73479,71710,68573]",0,4,0.03,100,440,0,23,500,50,6250,142,0.07,11,7.2,30,15,500,1.2,0.12,55,7.467735503,94095,36287.43275,0,diesel,"[0.15,0.15,0.15,0.15]",lease,0.15,0.1,1,4,Regional haul,2025,FY22NoProgram,150,30,65,80,20,MDHD_noprogram_2025,MDHD_large_noprogram_2025,DayCabTractorLowRoof_noprogram_2025,TRUE,0.001,50,50,200,200,400,,,FALSE,TRUE,TRUE,TRUE,TRUE,"[260,260,260,260,260,260,260,260,260,260]",,,FALSE,,14741,25,40,1,0,0.1,0.3,"[0.1,0.9]",24,"[0.001,0.0015,0.0020,0.0022,0.0025]",2,100000,"[0.03,0.035,0.04,0.045,0.048]","[0.09,0.09,0.09,0.09,0.09,0.09,0.09,0.09]",./auxiliary/FuelPrices.csv,./auxiliary/tractorweightvars.csv,25,,4,1000
190,"Class 8 Day cab high roof (HEV, 2030, no program)","[(""EPA_Ph2_rural_interstate_65mph.csv"", .64), (""EPA_Ph2_urban_highway_55mph.csv"", .17), (""EPA_Ph2_transient.csv"", .19)]",TRUE,"[74563,73479,71710,68573]",0,4,0.03,100,400,0,18.3,500,50,6250,113,0.07,10,7.2,30,15,500,1.2,0.12,55,7.467735503,94095,36287.43275,0,diesel,"[0.15,0.15,0.15,0.15]",lease,0.15,0.1,1,4,Regional haul,2030,FY22NoProgram,150,30,65,80,20,MDHD_noprogram_2030,MDHD_large_noprogram_2030,DayCabTractorHighRoof_noprogram_2030,FALSE,0.001,50,50,200,200,400,,,FALSE,TRUE,TRUE,TRUE,TRUE,"[260,260,260,260,260,260,260,260,260,260]",,,FALSE,,14741,25,40,1,0,0.1,0.3,"[0.1,0.9]",24,"[0.001,0.0015,0.0020,0.0022,0.0025]",2,100000,"[0.03,0.035,0.04,0.045,0.048]","[0.09,0.09,0.09,0.09,0.09,0.09,0.09,0.09]",./auxiliary/FuelPrices.csv,./auxiliary/tractorweightvars.csv,25,,4,1000
191,"Class 8 Day cab mid roof (HEV, 2030, no program)","[(""EPA_Ph2_rural_interstate_65mph.csv"", .64), (""EPA_Ph2_urban_highway_55mph.csv"", .17), (""EPA_Ph2_transient.csv"", .19)]",TRUE,"[74563,73479,71710,68573]",0,4,0.03,100,400,0,18.3,500,50,6250,113,0.07,10,7.2,30,15,500,1.2,0.12,55,7.467735503,94095,36287.43275,0,diesel,"[0.15,0.15,0.15,0.15]",lease,0.15,0.1,1,4,Regional haul,2030,FY22NoProgram,150,30,65,80,20,MDHD_noprogram_2030,MDHD_large_noprogram_2030,DayCabTractorMidRoof_noprogram_2030,TRUE,0.001,50,50,200,200,400,,,FALSE,TRUE,TRUE,TRUE,TRUE,"[260,260,260,260,260,260,260,260,260,260]",,,FALSE,,14741,25,40,1,0,0.1,0.3,"[0.1,0.9]",24,"[0.001,0.0015,0.0020,0.0022,0.0025]",2,100000,"[0.03,0.035,0.04,0.045,0.048]","[0.09,0.09,0.09,0.09,0.09,0.09,0.09,0.09]",./auxiliary/FuelPrices.csv,./auxiliary/tractorweightvars.csv,25,,4,1000
192,"Class 8 Day cab low roof (HEV, 2030, no program)","[(""EPA_Ph2_rural_interstate_65mph.csv"", .64), (""EPA_Ph2_urban_highway_55mph.csv"", .17), (""EPA_Ph2_transient.csv"", .19)]",TRUE,"[74563,73479,71710,68573]",0,4,0.03,100,400,0,18.3,500,50,6250,113,0.07,10,7.2,30,15,500,1.2,0.12,55,7.467735503,94095,36287.43275,0,diesel,"[0.15,0.15,0.15,0.15]",lease,0.15,0.1,1,4,Regional haul,2030,FY22NoProgram,150,30,65,80,20,MDHD_noprogram_2030,MDHD_large_noprogram_2030,DayCabTractorLowRoof_noprogram_2030,TRUE,0.001,50,50,200,200,400,,,FALSE,TRUE,TRUE,TRUE,TRUE,"[260,260,260,260,260,260,260,260,260,260]",,,FALSE,,14741,25,40,1,0,0.1,0.3,"[0.1,0.9]",24,"[0.001,0.0015,0.0020,0.0022,0.0025]",2,100000,"[0.03,0.035,0.04,0.045,0.048]","[0.09,0.09,0.09,0.09,0.09,0.09,0.09,0.09]",./auxiliary/FuelPrices.csv,./auxiliary/tractorweightvars.csv,25,,4,1000
193,"Class 8 Day cab high roof (HEV, 2035, no program)","[(""EPA_Ph2_rural_interstate_65mph.csv"", .64), (""EPA_Ph2_urban_highway_55mph.csv"", .17), (""EPA_Ph2_transient.csv"", .19)]",TRUE,"[74563,73479,71710,68573]",0,4,0.03,100,370,0,15.65,450,50,6250,99,0.07,9.75,7.2,30,15,500,1.2,0.12,55,7.467735503,94095,36287.43275,0,diesel,"[0.15,0.15,0.15,0.15]",lease,0.15,0.1,1,4,Regional haul,2035,FY22NoProgram,150,30,65,80,20,MDHD_noprogram_2035,MDHD_large_noprogram_2035,DayCabTractorHighRoof_noprogram_2035,FALSE,0.001,50,50,200,200,400,,,FALSE,TRUE,TRUE,TRUE,TRUE,"[260,260,260,260,260,260,260,260,260,260]",,,FALSE,,14741,25,40,1,0,0.1,0.3,"[0.1,0.9]",24,"[0.001,0.0015,0.0020,0.0022,0.0025]",2,100000,"[0.03,0.035,0.04,0.045,0.048]","[0.09,0.09,0.09,0.09,0.09,0.09,0.09,0.09]",./auxiliary/FuelPrices.csv,./auxiliary/tractorweightvars.csv,25,,4,1000
194,"Class 8 Day cab mid roof (HEV, 2035, no program)","[(""EPA_Ph2_rural_interstate_65mph.csv"", .64), (""EPA_Ph2_urban_highway_55mph.csv"", .17), (""EPA_Ph2_transient.csv"", .19)]",TRUE,"[74563,73479,71710,68573]",0,4,0.03,100,370,0,15.65,450,50,6250,99,0.07,9.75,7.2,30,15,500,1.2,0.12,55,7.467735503,94095,36287.43275,0,diesel,"[0.15,0.15,0.15,0.15]",lease,0.15,0.1,1,4,Regional haul,2035,FY22NoProgram,150,30,65,80,20,MDHD_noprogram_2035,MDHD_large_noprogram_2035,DayCabTractorMidRoof_noprogram_2035,TRUE,0.001,50,50,200,200,400,,,FALSE,TRUE,TRUE,TRUE,TRUE,"[260,260,260,260,260,260,260,260,260,260]",,,FALSE,,14741,25,40,1,0,0.1,0.3,"[0.1,0.9]",24,"[0.001,0.0015,0.0020,0.0022,0.0025]",2,100000,"[0.03,0.035,0.04,0.045,0.048]","[0.09,0.09,0.09,0.09,0.09,0.09,0.09,0.09]",./auxiliary/FuelPrices.csv,./auxiliary/tractorweightvars.csv,25,,4,1000
195,"Class 8 Day cab low roof (HEV, 2035, no program)","[(""EPA_Ph2_rural_interstate_65mph.csv"", .64), (""EPA_Ph2_urban_highway_55mph.csv"", .17), (""EPA_Ph2_transient.csv"", .19)]",TRUE,"[74563,73479,71710,68573]",0,4,0.03,100,370,0,15.65,450,50,6250,99,0.07,9.75,7.2,30,15,500,1.2,0.12,55,7.467735503,94095,36287.43275,0,diesel,"[0.15,0.15,0.15,0.15]",lease,0.15,0.1,1,4,Regional haul,2035,FY22NoProgram,150,30,65,80,20,MDHD_noprogram_2035,MDHD_large_noprogram_2035,DayCabTractorLowRoof_noprogram_2035,TRUE,0.001,50,50,200,200,400,,,FALSE,TRUE,TRUE,TRUE,TRUE,"[260,260,260,260,260,260,260,260,260,260]",,,FALSE,,14741,25,40,1,0,0.1,0.3,"[0.1,0.9]",24,"[0.001,0.0015,0.0020,0.0022,0.0025]",2,100000,"[0.03,0.035,0.04,0.045,0.048]","[0.09,0.09,0.09,0.09,0.09,0.09,0.09,0.09]",./auxiliary/FuelPrices.csv,./auxiliary/tractorweightvars.csv,25,,4,1000
196,"Class 8 Day cab high roof (HEV, 2040, no program)","[(""EPA_Ph2_rural_interstate_65mph.csv"", .64), (""EPA_Ph2_urban_highway_55mph.csv"", .17), (""EPA_Ph2_transient.csv"", .19)]",TRUE,"[74563,73479,71710,68573]",0,4,0.03,100,340,0,13,400,50,6250,85,0.07,9.5,7.2,30,15,500,1.2,0.12,55,7.467735503,94095,36287.43275,0,diesel,"[0.15,0.15,0.15,0.15]",lease,0.15,0.1,1,4,Regional haul,2040,FY22NoProgram,150,30,65,80,20,MDHD_noprogram_2040,MDHD_large_noprogram_2040,DayCabTractorHighRoof_noprogram_2040,FALSE,0.001,50,50,200,200,400,,,FALSE,TRUE,TRUE,TRUE,TRUE,"[260,260,260,260,260,260,260,260,260,260]",,,FALSE,,14741,25,40,1,0,0.1,0.3,"[0.1,0.9]",24,"[0.001,0.0015,0.0020,0.0022,0.0025]",2,100000,"[0.03,0.035,0.04,0.045,0.048]","[0.09,0.09,0.09,0.09,0.09,0.09,0.09,0.09]",./auxiliary/FuelPrices.csv,./auxiliary/tractorweightvars.csv,25,,4,1000
197,"Class 8 Day cab mid roof (HEV, 2040, no program)","[(""EPA_Ph2_rural_interstate_65mph.csv"", .64), (""EPA_Ph2_urban_highway_55mph.csv"", .17), (""EPA_Ph2_transient.csv"", .19)]",TRUE,"[74563,73479,71710,68573]",0,4,0.03,100,340,0,13,400,50,6250,85,0.07,9.5,7.2,30,15,500,1.2,0.12,55,7.467735503,94095,36287.43275,0,diesel,"[0.15,0.15,0.15,0.15]",lease,0.15,0.1,1,4,Regional haul,2040,FY22NoProgram,150,30,65,80,20,MDHD_noprogram_2040,MDHD_large_noprogram_2040,DayCabTractorMidRoof_noprogram_2040,TRUE,0.001,50,50,200,200,400,,,FALSE,TRUE,TRUE,TRUE,TRUE,"[260,260,260,260,260,260,260,260,260,260]",,,FALSE,,14741,25,40,1,0,0.1,0.3,"[0.1,0.9]",24,"[0.001,0.0015,0.0020,0.0022,0.0025]",2,100000,"[0.03,0.035,0.04,0.045,0.048]","[0.09,0.09,0.09,0.09,0.09,0.09,0.09,0.09]",./auxiliary/FuelPrices.csv,./auxiliary/tractorweightvars.csv,25,,4,1000
198,"Class 8 Day cab low roof (HEV, 2040, no program)","[(""EPA_Ph2_rural_interstate_65mph.csv"", .64), (""EPA_Ph2_urban_highway_55mph.csv"", .17), (""EPA_Ph2_transient.csv"", .19)]",TRUE,"[74563,73479,71710,68573]",0,4,0.03,100,340,0,13,400,50,6250,85,0.07,9.5,7.2,30,15,500,1.2,0.12,55,7.467735503,94095,36287.43275,0,diesel,"[0.15,0.15,0.15,0.15]",lease,0.15,0.1,1,4,Regional haul,2040,FY22NoProgram,150,30,65,80,20,MDHD_noprogram_2040,MDHD_large_noprogram_2040,DayCabTractorLowRoof_noprogram_2040,TRUE,0.001,50,50,200,200,400,,,FALSE,TRUE,TRUE,TRUE,TRUE,"[260,260,260,260,260,260,260,260,260,260]",,,FALSE,,14741,25,40,1,0,0.1,0.3,"[0.1,0.9]",24,"[0.001,0.0015,0.0020,0.0022,0.0025]",2,100000,"[0.03,0.035,0.04,0.045,0.048]","[0.09,0.09,0.09,0.09,0.09,0.09,0.09,0.09]",./auxiliary/FuelPrices.csv,./auxiliary/tractorweightvars.csv,25,,4,1000
199,"Class 8 Day cab high roof (HEV, 2050, no program)","[(""EPA_Ph2_rural_interstate_65mph.csv"", .64), (""EPA_Ph2_urban_highway_55mph.csv"", .17), (""EPA_Ph2_transient.csv"", .19)]",TRUE,"[74563,73479,71710,68573]",0,4,0.03,100,320,0,11,350,50,6250,85,0.07,9.5,7.2,30,15,500,1.2,0.12,55,7.467735503,94095,36287.43275,0,diesel,"[0.15,0.15,0.15,0.15]",lease,0.15,0.1,1,4,Regional haul,2050,FY22NoProgram,150,30,65,80,20,MDHD_noprogram_2050,MDHD_large_noprogram_2050,DayCabTractorHighRoof_noprogram_2050,FALSE,0.001,50,50,200,200,400,,,FALSE,TRUE,TRUE,TRUE,TRUE,"[260,260,260,260,260,260,260,260,260,260]",,,FALSE,,14741,25,40,1,0,0.1,0.3,"[0.1,0.9]",24,"[0.001,0.0015,0.0020,0.0022,0.0025]",2,100000,"[0.03,0.035,0.04,0.045,0.048]","[0.09,0.09,0.09,0.09,0.09,0.09,0.09,0.09]",./auxiliary/FuelPrices.csv,./auxiliary/tractorweightvars.csv,25,,4,1000
200,"Class 8 Day cab mid roof (HEV, 2050, no program)","[(""EPA_Ph2_rural_interstate_65mph.csv"", .64), (""EPA_Ph2_urban_highway_55mph.csv"", .17), (""EPA_Ph2_transient.csv"", .19)]",TRUE,"[74563,73479,71710,68573]",0,4,0.03,100,320,0,11,350,50,6250,85,0.07,9.5,7.2,30,15,500,1.2,0.12,55,7.467735503,94095,36287.43275,0,diesel,"[0.15,0.15,0.15,0.15]",lease,0.15,0.1,1,4,Regional haul,2050,FY22NoProgram,150,30,65,80,20,MDHD_noprogram_2050,MDHD_large_noprogram_2050,DayCabTractorMidRoof_noprogram_2050,TRUE,0.001,50,50,200,200,400,,,FALSE,TRUE,TRUE,TRUE,TRUE,"[260,260,260,260,260,260,260,260,260,260]",,,FALSE,,14741,25,40,1,0,0.1,0.3,"[0.1,0.9]",24,"[0.001,0.0015,0.0020,0.0022,0.0025]",2,100000,"[0.03,0.035,0.04,0.045,0.048]","[0.09,0.09,0.09,0.09,0.09,0.09,0.09,0.09]",./auxiliary/FuelPrices.csv,./auxiliary/tractorweightvars.csv,25,,4,1000
201,"Class 8 Day cab low roof (HEV, 2050, no program)","[(""EPA_Ph2_rural_interstate_65mph.csv"", .64), (""EPA_Ph2_urban_highway_55mph.csv"", .17), (""EPA_Ph2_transient.csv"", .19)]",TRUE,"[74563,73479,71710,68573]",0,4,0.03,100,320,0,11,350,50,6250,85,0.07,9.5,7.2,30,15,500,1.2,0.12,55,7.467735503,94095,36287.43275,0,diesel,"[0.15,0.15,0.15,0.15]",lease,0.15,0.1,1,4,Regional haul,2050,FY22NoProgram,150,30,65,80,20,MDHD_noprogram_2050,MDHD_large_noprogram_2050,DayCabTractorLowRoof_noprogram_2050,TRUE,0.001,50,50,200,200,400,,,FALSE,TRUE,TRUE,TRUE,TRUE,"[260,260,260,260,260,260,260,260,260,260]",,,FALSE,,14741,25,40,1,0,0.1,0.3,"[0.1,0.9]",24,"[0.001,0.0015,0.0020,0.0022,0.0025]",2,100000,"[0.03,0.035,0.04,0.045,0.048]","[0.09,0.09,0.09,0.09,0.09,0.09,0.09,0.09]",./auxiliary/FuelPrices.csv,./auxiliary/tractorweightvars.csv,25,,4,1000
202,"Class 8 Day cab high roof (HEV, 2025, program success)","[(""EPA_Ph2_rural_interstate_65mph.csv"", .64), (""EPA_Ph2_urban_highway_55mph.csv"", .17), (""EPA_Ph2_transient.csv"", .19)]",TRUE,"[74563,73479,71710,68573]",0,4,0.03,100,420,0,18,300,50,6250,130,0.07,10,7.2,30,15,500,1.2,0.12,55,7.467735503,94095,36287.43275,0,diesel,"[0.15,0.15,0.15,0.15]",lease,0.15,0.1,1,4,Regional haul,2025,FY22TechSuccess,150,30,65,80,20,MDHD_programsuccess_2025,MDHD_large_programsuccess_2025,DayCabTractorHighRoof_programsuccess_2025,FALSE,0.001,50,50,200,200,400,,,FALSE,TRUE,TRUE,TRUE,TRUE,"[260,260,260,260,260,260,260,260,260,260]",,,FALSE,,14741,25,40,1,0,0.1,0.3,"[0.1,0.9]",24,"[0.001,0.0015,0.0020,0.0022,0.0025]",2,100000,"[0.03,0.035,0.04,0.045,0.048]","[0.09,0.09,0.09,0.09,0.09,0.09,0.09,0.09]",./auxiliary/FuelPrices.csv,./auxiliary/tractorweightvars.csv,25,,4,1000
203,"Class 8 Day cab mid roof (HEV, 2025, program success)","[(""EPA_Ph2_rural_interstate_65mph.csv"", .64), (""EPA_Ph2_urban_highway_55mph.csv"", .17), (""EPA_Ph2_transient.csv"", .19)]",TRUE,"[74563,73479,71710,68573]",0,4,0.03,100,420,0,18,300,50,6250,130,0.07,10,7.2,30,15,500,1.2,0.12,55,7.467735503,94095,36287.43275,0,diesel,"[0.15,0.15,0.15,0.15]",lease,0.15,0.1,1,4,Regional haul,2025,FY22TechSuccess,150,30,65,80,20,MDHD_programsuccess_2025,MDHD_large_programsuccess_2025,DayCabTractorMidRoof_programsuccess_2025,TRUE,0.001,50,50,200,200,400,,,FALSE,TRUE,TRUE,TRUE,TRUE,"[260,260,260,260,260,260,260,260,260,260]",,,FALSE,,14741,25,40,1,0,0.1,0.3,"[0.1,0.9]",24,"[0.001,0.0015,0.0020,0.0022,0.0025]",2,100000,"[0.03,0.035,0.04,0.045,0.048]","[0.09,0.09,0.09,0.09,0.09,0.09,0.09,0.09]",./auxiliary/FuelPrices.csv,./auxiliary/tractorweightvars.csv,25,,4,1000
204,"Class 8 Day cab low roof (HEV, 2025, program success)","[(""EPA_Ph2_rural_interstate_65mph.csv"", .64), (""EPA_Ph2_urban_highway_55mph.csv"", .17), (""EPA_Ph2_transient.csv"", .19)]",TRUE,"[74563,73479,71710,68573]",0,4,0.03,100,420,0,18,300,50,6250,130,0.07,10,7.2,30,15,500,1.2,0.12,55,7.467735503,94095,36287.43275,0,diesel,"[0.15,0.15,0.15,0.15]",lease,0.15,0.1,1,4,Regional haul,2025,FY22TechSuccess,150,30,65,80,20,MDHD_programsuccess_2025,MDHD_large_programsuccess_2025,DayCabTractorLowRoof_programsuccess_2025,TRUE,0.001,50,50,200,200,400,,,FALSE,TRUE,TRUE,TRUE,TRUE,"[260,260,260,260,260,260,260,260,260,260]",,,FALSE,,14741,25,40,1,0,0.1,0.3,"[0.1,0.9]",24,"[0.001,0.0015,0.0020,0.0022,0.0025]",2,100000,"[0.03,0.035,0.04,0.045,0.048]","[0.09,0.09,0.09,0.09,0.09,0.09,0.09,0.09]",./auxiliary/FuelPrices.csv,./auxiliary/tractorweightvars.csv,25,,4,1000
205,"Class 8 Day cab high roof (HEV, 2030, program success)","[(""EPA_Ph2_rural_interstate_65mph.csv"", .64), (""EPA_Ph2_urban_highway_55mph.csv"", .17), (""EPA_Ph2_transient.csv"", .19)]",TRUE,"[74563,73479,71710,68573]",0,4,0.03,100,340,0,13.3,300,50,6250,80,0.07,9,7.2,30,15,500,1.2,0.12,55,7.467735503,94095,36287.43275,0,diesel,"[0.15,0.15,0.15,0.15]",lease,0.15,0.1,1,4,Regional haul,2030,FY22TechSuccess,150,30,65,80,20,MDHD_programsuccess_2030,MDHD_large_programsuccess_2030,DayCabTractorHighRoof_programsuccess_2030,FALSE,0.001,50,50,200,200,400,,,FALSE,TRUE,TRUE,TRUE,TRUE,"[260,260,260,260,260,260,260,260,260,260]",,,FALSE,,14741,25,40,1,0,0.1,0.3,"[0.1,0.9]",24,"[0.001,0.0015,0.0020,0.0022,0.0025]",2,100000,"[0.03,0.035,0.04,0.045,0.048]","[0.09,0.09,0.09,0.09,0.09,0.09,0.09,0.09]",./auxiliary/FuelPrices.csv,./auxiliary/tractorweightvars.csv,25,,4,1000
206,"Class 8 Day cab mid roof (HEV, 2030, program success)","[(""EPA_Ph2_rural_interstate_65mph.csv"", .64), (""EPA_Ph2_urban_highway_55mph.csv"", .17), (""EPA_Ph2_transient.csv"", .19)]",TRUE,"[74563,73479,71710,68573]",0,4,0.03,100,340,0,13.3,300,50,6250,80,0.07,9,7.2,30,15,500,1.2,0.12,55,7.467735503,94095,36287.43275,0,diesel,"[0.15,0.15,0.15,0.15]",lease,0.15,0.1,1,4,Regional haul,2030,FY22TechSuccess,150,30,65,80,20,MDHD_programsuccess_2030,MDHD_large_programsuccess_2030,DayCabTractorMidRoof_programsuccess_2030,TRUE,0.001,50,50,200,200,400,,,FALSE,TRUE,TRUE,TRUE,TRUE,"[260,260,260,260,260,260,260,260,260,260]",,,FALSE,,14741,25,40,1,0,0.1,0.3,"[0.1,0.9]",24,"[0.001,0.0015,0.0020,0.0022,0.0025]",2,100000,"[0.03,0.035,0.04,0.045,0.048]","[0.09,0.09,0.09,0.09,0.09,0.09,0.09,0.09]",./auxiliary/FuelPrices.csv,./auxiliary/tractorweightvars.csv,25,,4,1000
207,"Class 8 Day cab low roof (HEV, 2030, program success)","[(""EPA_Ph2_rural_interstate_65mph.csv"", .64), (""EPA_Ph2_urban_highway_55mph.csv"", .17), (""EPA_Ph2_transient.csv"", .19)]",TRUE,"[74563,73479,71710,68573]",0,4,0.03,100,340,0,13.3,300,50,6250,80,0.07,9,7.2,30,15,500,1.2,0.12,55,7.467735503,94095,36287.43275,0,diesel,"[0.15,0.15,0.15,0.15]",lease,0.15,0.1,1,4,Regional haul,2030,FY22TechSuccess,150,30,65,80,20,MDHD_programsuccess_2030,MDHD_large_programsuccess_2030,DayCabTractorLowRoof_programsuccess_2030,TRUE,0.001,50,50,200,200,400,,,FALSE,TRUE,TRUE,TRUE,TRUE,"[260,260,260,260,260,260,260,260,260,260]",,,FALSE,,14741,25,40,1,0,0.1,0.3,"[0.1,0.9]",24,"[0.001,0.0015,0.0020,0.0022,0.0025]",2,100000,"[0.03,0.035,0.04,0.045,0.048]","[0.09,0.09,0.09,0.09,0.09,0.09,0.09,0.09]",./auxiliary/FuelPrices.csv,./auxiliary/tractorweightvars.csv,25,,4,1000
208,"Class 8 Day cab high roof (HEV, 2035, program success)","[(""EPA_Ph2_rural_interstate_65mph.csv"", .64), (""EPA_Ph2_urban_highway_55mph.csv"", .17), (""EPA_Ph2_transient.csv"", .19)]",TRUE,"[74563,73479,71710,68573]",0,4,0.03,100,290,0,10.65,250,50,6250,75,0.07,8.75,7.2,30,15,500,1.2,0.12,55,7.467735503,94095,36287.43275,0,diesel,"[0.15,0.15,0.15,0.15]",lease,0.15,0.1,1,4,Regional haul,2035,FY22TechSuccess,150,30,65,80,20,MDHD_programsuccess_2035,MDHD_large_programsuccess_2035,DayCabTractorHighRoof_programsuccess_2035,FALSE,0.001,50,50,200,200,400,,,FALSE,TRUE,TRUE,TRUE,TRUE,"[260,260,260,260,260,260,260,260,260,260]",,,FALSE,,14741,25,40,1,0,0.1,0.3,"[0.1,0.9]",24,"[0.001,0.0015,0.0020,0.0022,0.0025]",2,100000,"[0.03,0.035,0.04,0.045,0.048]","[0.09,0.09,0.09,0.09,0.09,0.09,0.09,0.09]",./auxiliary/FuelPrices.csv,./auxiliary/tractorweightvars.csv,25,,4,1000
209,"Class 8 Day cab mid roof (HEV, 2035, program success)","[(""EPA_Ph2_rural_interstate_65mph.csv"", .64), (""EPA_Ph2_urban_highway_55mph.csv"", .17), (""EPA_Ph2_transient.csv"", .19)]",TRUE,"[74563,73479,71710,68573]",0,4,0.03,100,290,0,10.65,250,50,6250,75,0.07,8.75,7.2,30,15,500,1.2,0.12,55,7.467735503,94095,36287.43275,0,diesel,"[0.15,0.15,0.15,0.15]",lease,0.15,0.1,1,4,Regional haul,2035,FY22TechSuccess,150,30,65,80,20,MDHD_programsuccess_2035,MDHD_large_programsuccess_2035,DayCabTractorMidRoof_programsuccess_2035,TRUE,0.001,50,50,200,200,400,,,FALSE,TRUE,TRUE,TRUE,TRUE,"[260,260,260,260,260,260,260,260,260,260]",,,FALSE,,14741,25,40,1,0,0.1,0.3,"[0.1,0.9]",24,"[0.001,0.0015,0.0020,0.0022,0.0025]",2,100000,"[0.03,0.035,0.04,0.045,0.048]","[0.09,0.09,0.09,0.09,0.09,0.09,0.09,0.09]",./auxiliary/FuelPrices.csv,./auxiliary/tractorweightvars.csv,25,,4,1000
210,"Class 8 Day cab low roof (HEV, 2035, program success)","[(""EPA_Ph2_rural_interstate_65mph.csv"", .64), (""EPA_Ph2_urban_highway_55mph.csv"", .17), (""EPA_Ph2_transient.csv"", .19)]",TRUE,"[74563,73479,71710,68573]",0,4,0.03,100,290,0,10.65,250,50,6250,75,0.07,8.75,7.2,30,15,500,1.2,0.12,55,7.467735503,94095,36287.43275,0,diesel,"[0.15,0.15,0.15,0.15]",lease,0.15,0.1,1,4,Regional haul,2035,FY22TechSuccess,150,30,65,80,20,MDHD_programsuccess_2035,MDHD_large_programsuccess_2035,DayCabTractorLowRoof_programsuccess_2035,TRUE,0.001,50,50,200,200,400,,,FALSE,TRUE,TRUE,TRUE,TRUE,"[260,260,260,260,260,260,260,260,260,260]",,,FALSE,,14741,25,40,1,0,0.1,0.3,"[0.1,0.9]",24,"[0.001,0.0015,0.0020,0.0022,0.0025]",2,100000,"[0.03,0.035,0.04,0.045,0.048]","[0.09,0.09,0.09,0.09,0.09,0.09,0.09,0.09]",./auxiliary/FuelPrices.csv,./auxiliary/tractorweightvars.csv,25,,4,1000
211,"Class 8 Day cab high roof (HEV, 2040, program success)","[(""EPA_Ph2_rural_interstate_65mph.csv"", .64), (""EPA_Ph2_urban_highway_55mph.csv"", .17), (""EPA_Ph2_transient.csv"", .19)]",TRUE,"[74563,73479,71710,68573]",0,4,0.03,100,240,0,8,200,50,6250,70,0.07,8.5,7.2,30,15,500,1.2,0.12,55,7.467735503,94095,36287.43275,0,diesel,"[0.15,0.15,0.15,0.15]",lease,0.15,0.1,1,4,Regional haul,2040,FY22TechSuccess,150,30,65,80,20,MDHD_programsuccess_2040,MDHD_large_programsuccess_2040,DayCabTractorHighRoof_programsuccess_2040,FALSE,0.001,50,50,200,200,400,,,FALSE,TRUE,TRUE,TRUE,TRUE,"[260,260,260,260,260,260,260,260,260,260]",,,FALSE,,14741,25,40,1,0,0.1,0.3,"[0.1,0.9]",24,"[0.001,0.0015,0.0020,0.0022,0.0025]",2,100000,"[0.03,0.035,0.04,0.045,0.048]","[0.09,0.09,0.09,0.09,0.09,0.09,0.09,0.09]",./auxiliary/FuelPrices.csv,./auxiliary/tractorweightvars.csv,25,,4,1000
212,"Class 8 Day cab mid roof (HEV, 2040, program success)","[(""EPA_Ph2_rural_interstate_65mph.csv"", .64), (""EPA_Ph2_urban_highway_55mph.csv"", .17), (""EPA_Ph2_transient.csv"", .19)]",TRUE,"[74563,73479,71710,68573]",0,4,0.03,100,240,0,8,200,50,6250,70,0.07,8.5,7.2,30,15,500,1.2,0.12,55,7.467735503,94095,36287.43275,0,diesel,"[0.15,0.15,0.15,0.15]",lease,0.15,0.1,1,4,Regional haul,2040,FY22TechSuccess,150,30,65,80,20,MDHD_programsuccess_2040,MDHD_large_programsuccess_2040,DayCabTractorMidRoof_programsuccess_2040,TRUE,0.001,50,50,200,200,400,,,FALSE,TRUE,TRUE,TRUE,TRUE,"[260,260,260,260,260,260,260,260,260,260]",,,FALSE,,14741,25,40,1,0,0.1,0.3,"[0.1,0.9]",24,"[0.001,0.0015,0.0020,0.0022,0.0025]",2,100000,"[0.03,0.035,0.04,0.045,0.048]","[0.09,0.09,0.09,0.09,0.09,0.09,0.09,0.09]",./auxiliary/FuelPrices.csv,./auxiliary/tractorweightvars.csv,25,,4,1000
213,"Class 8 Day cab low roof (HEV, 2040, program success)","[(""EPA_Ph2_rural_interstate_65mph.csv"", .64), (""EPA_Ph2_urban_highway_55mph.csv"", .17), (""EPA_Ph2_transient.csv"", .19)]",TRUE,"[74563,73479,71710,68573]",0,4,0.03,100,240,0,8,200,50,6250,70,0.07,8.5,7.2,30,15,500,1.2,0.12,55,7.467735503,94095,36287.43275,0,diesel,"[0.15,0.15,0.15,0.15]",lease,0.15,0.1,1,4,Regional haul,2040,FY22TechSuccess,150,30,65,80,20,MDHD_programsuccess_2040,MDHD_large_programsuccess_2040,DayCabTractorLowRoof_programsuccess_2040,TRUE,0.001,50,50,200,200,400,,,FALSE,TRUE,TRUE,TRUE,TRUE,"[260,260,260,260,260,260,260,260,260,260]",,,FALSE,,14741,25,40,1,0,0.1,0.3,"[0.1,0.9]",24,"[0.001,0.0015,0.0020,0.0022,0.0025]",2,100000,"[0.03,0.035,0.04,0.045,0.048]","[0.09,0.09,0.09,0.09,0.09,0.09,0.09,0.09]",./auxiliary/FuelPrices.csv,./auxiliary/tractorweightvars.csv,25,,4,1000
214,"Class 8 Day cab high roof (HEV, 2050, program success)","[(""EPA_Ph2_rural_interstate_65mph.csv"", .64), (""EPA_Ph2_urban_highway_55mph.csv"", .17), (""EPA_Ph2_transient.csv"", .19)]",TRUE,"[74563,73479,71710,68573]",0,4,0.03,100,200,0,6,133,50,6250,60,0.07,8,7.2,30,15,500,1.2,0.12,55,7.467735503,94095,36287.43275,0,diesel,"[0.15,0.15,0.15,0.15]",lease,0.15,0.1,1,4,Regional haul,2050,FY22TechSuccess,150,30,65,80,20,MDHD_programsuccess_2050,MDHD_large_programsuccess_2050,DayCabTractorHighRoof_programsuccess_2050,FALSE,0.001,50,50,200,200,400,,,FALSE,TRUE,TRUE,TRUE,TRUE,"[260,260,260,260,260,260,260,260,260,260]",,,FALSE,,14741,25,40,1,0,0.1,0.3,"[0.1,0.9]",24,"[0.001,0.0015,0.0020,0.0022,0.0025]",2,100000,"[0.03,0.035,0.04,0.045,0.048]","[0.09,0.09,0.09,0.09,0.09,0.09,0.09,0.09]",./auxiliary/FuelPrices.csv,./auxiliary/tractorweightvars.csv,25,,4,1000
215,"Class 8 Day cab mid roof (HEV, 2050, program success)","[(""EPA_Ph2_rural_interstate_65mph.csv"", .64), (""EPA_Ph2_urban_highway_55mph.csv"", .17), (""EPA_Ph2_transient.csv"", .19)]",TRUE,"[74563,73479,71710,68573]",0,4,0.03,100,200,0,6,133,50,6250,60,0.07,8,7.2,30,15,500,1.2,0.12,55,7.467735503,94095,36287.43275,0,diesel,"[0.15,0.15,0.15,0.15]",lease,0.15,0.1,1,4,Regional haul,2050,FY22TechSuccess,150,30,65,80,20,MDHD_programsuccess_2050,MDHD_large_programsuccess_2050,DayCabTractorMidRoof_programsuccess_2050,TRUE,0.001,50,50,200,200,400,,,FALSE,TRUE,TRUE,TRUE,TRUE,"[260,260,260,260,260,260,260,260,260,260]",,,FALSE,,14741,25,40,1,0,0.1,0.3,"[0.1,0.9]",24,"[0.001,0.0015,0.0020,0.0022,0.0025]",2,100000,"[0.03,0.035,0.04,0.045,0.048]","[0.09,0.09,0.09,0.09,0.09,0.09,0.09,0.09]",./auxiliary/FuelPrices.csv,./auxiliary/tractorweightvars.csv,25,,4,1000
216,"Class 8 Day cab low roof (HEV, 2050, program success)","[(""EPA_Ph2_rural_interstate_65mph.csv"", .64), (""EPA_Ph2_urban_highway_55mph.csv"", .17), (""EPA_Ph2_transient.csv"", .19)]",TRUE,"[74563,73479,71710,68573]",0,4,0.03,100,200,0,6,133,50,6250,60,0.07,8,7.2,30,15,500,1.2,0.12,55,7.467735503,94095,36287.43275,0,diesel,"[0.15,0.15,0.15,0.15]",lease,0.15,0.1,1,4,Regional haul,2050,FY22TechSuccess,150,30,65,80,20,MDHD_programsuccess_2050,MDHD_large_programsuccess_2050,DayCabTractorLowRoof_programsuccess_2050,TRUE,0.001,50,50,200,200,400,,,FALSE,TRUE,TRUE,TRUE,TRUE,"[260,260,260,260,260,260,260,260,260,260]",,,FALSE,,14741,25,40,1,0,0.1,0.3,"[0.1,0.9]",24,"[0.001,0.0015,0.0020,0.0022,0.0025]",2,100000,"[0.03,0.035,0.04,0.045,0.048]","[0.09,0.09,0.09,0.09,0.09,0.09,0.09,0.09]",./auxiliary/FuelPrices.csv,./auxiliary/tractorweightvars.csv,25,,4,1000
217,"Class 8 Day cab high roof (FCEV, 2025, no program)","[(""EPA_Ph2_rural_interstate_65mph.csv"", .64), (""EPA_Ph2_urban_highway_55mph.csv"", .17), (""EPA_Ph2_transient.csv"", .19)]",TRUE,"[74563,73479,71710,68573]",0,4,0.03,100,440,0,23,500,50,6250,142,0.07,11,7.2,30,15,500,1.2,0.12,55,7.467735503,94095,36287.43275,0,hydrogen,"[0.15,0.15,0.15,0.15]",lease,0.15,0.1,1,4,Regional haul,2025,FY22NoProgram,150,30,65,80,20,MDHD_noprogram_2025,,DayCabTractorHighRoof_noprogram_2025,FALSE,0.001,50,200,400,200,400,300,1500,TRUE,TRUE,TRUE,TRUE,TRUE,"[260,260,260,260,260,260,260,260,260,260]",,,FALSE,,14741,25,40,1,0,0.1,0.3,"[0.1,0.9]",24,"[0.001,0.0015,0.0020,0.0022,0.0025]",2,100000,"[0.03,0.035,0.04,0.045,0.048]","[0.09,0.09,0.09,0.09,0.09,0.09,0.09,0.09]",./auxiliary/FuelPrices.csv,./auxiliary/tractorweightvars.csv,25,,4,1000
218,"Class 8 Day cab mid roof (FCEV, 2025, no program)","[(""EPA_Ph2_rural_interstate_65mph.csv"", .64), (""EPA_Ph2_urban_highway_55mph.csv"", .17), (""EPA_Ph2_transient.csv"", .19)]",TRUE,"[74563,73479,71710,68573]",0,4,0.03,100,440,0,23,500,50,6250,142,0.07,11,7.2,30,15,500,1.2,0.12,55,7.467735503,94095,36287.43275,0,hydrogen,"[0.15,0.15,0.15,0.15]",lease,0.15,0.1,1,4,Regional haul,2025,FY22NoProgram,150,30,65,80,20,MDHD_noprogram_2025,,DayCabTractorMidRoof_noprogram_2025,TRUE,0.001,50,200,400,200,400,300,1500,TRUE,TRUE,TRUE,TRUE,TRUE,"[260,260,260,260,260,260,260,260,260,260]",,,FALSE,,14741,25,40,1,0,0.1,0.3,"[0.1,0.9]",24,"[0.001,0.0015,0.0020,0.0022,0.0025]",2,100000,"[0.03,0.035,0.04,0.045,0.048]","[0.09,0.09,0.09,0.09,0.09,0.09,0.09,0.09]",./auxiliary/FuelPrices.csv,./auxiliary/tractorweightvars.csv,25,,4,1000
219,"Class 8 Day cab low roof (FCEV, 2025, no program)","[(""EPA_Ph2_rural_interstate_65mph.csv"", .64), (""EPA_Ph2_urban_highway_55mph.csv"", .17), (""EPA_Ph2_transient.csv"", .19)]",TRUE,"[74563,73479,71710,68573]",0,4,0.03,100,440,0,23,500,50,6250,142,0.07,11,7.2,30,15,500,1.2,0.12,55,7.467735503,94095,36287.43275,0,hydrogen,"[0.15,0.15,0.15,0.15]",lease,0.15,0.1,1,4,Regional haul,2025,FY22NoProgram,150,30,65,80,20,MDHD_noprogram_2025,,DayCabTractorLowRoof_noprogram_2025,TRUE,0.001,50,200,400,200,400,300,1500,TRUE,TRUE,TRUE,TRUE,TRUE,"[260,260,260,260,260,260,260,260,260,260]",,,FALSE,,14741,25,40,1,0,0.1,0.3,"[0.1,0.9]",24,"[0.001,0.0015,0.0020,0.0022,0.0025]",2,100000,"[0.03,0.035,0.04,0.045,0.048]","[0.09,0.09,0.09,0.09,0.09,0.09,0.09,0.09]",./auxiliary/FuelPrices.csv,./auxiliary/tractorweightvars.csv,25,,4,1000
220,"Class 8 Day cab high roof (FCEV, 2030, no program)","[(""EPA_Ph2_rural_interstate_65mph.csv"", .64), (""EPA_Ph2_urban_highway_55mph.csv"", .17), (""EPA_Ph2_transient.csv"", .19)]",TRUE,"[74563,73479,71710,68573]",0,4,0.03,100,400,0,18.3,500,50,6250,113,0.07,10,7.2,30,15,500,1.2,0.12,55,7.467735503,94095,36287.43275,0,hydrogen,"[0.15,0.15,0.15,0.15]",lease,0.15,0.1,1,4,Regional haul,2030,FY22NoProgram,150,30,65,80,20,MDHD_noprogram_2030,,DayCabTractorHighRoof_noprogram_2030,FALSE,0.001,50,200,400,200,400,300,1500,TRUE,TRUE,TRUE,TRUE,TRUE,"[260,260,260,260,260,260,260,260,260,260]",,,FALSE,,14741,25,40,1,0,0.1,0.3,"[0.1,0.9]",24,"[0.001,0.0015,0.0020,0.0022,0.0025]",2,100000,"[0.03,0.035,0.04,0.045,0.048]","[0.09,0.09,0.09,0.09,0.09,0.09,0.09,0.09]",./auxiliary/FuelPrices.csv,./auxiliary/tractorweightvars.csv,25,,4,1000
221,"Class 8 Day cab mid roof (FCEV, 2030, no program)","[(""EPA_Ph2_rural_interstate_65mph.csv"", .64), (""EPA_Ph2_urban_highway_55mph.csv"", .17), (""EPA_Ph2_transient.csv"", .19)]",TRUE,"[74563,73479,71710,68573]",0,4,0.03,100,400,0,18.3,500,50,6250,113,0.07,10,7.2,30,15,500,1.2,0.12,55,7.467735503,94095,36287.43275,0,hydrogen,"[0.15,0.15,0.15,0.15]",lease,0.15,0.1,1,4,Regional haul,2030,FY22NoProgram,150,30,65,80,20,MDHD_noprogram_2030,,DayCabTractorMidRoof_noprogram_2030,TRUE,0.001,50,200,400,200,400,300,1500,TRUE,TRUE,TRUE,TRUE,TRUE,"[260,260,260,260,260,260,260,260,260,260]",,,FALSE,,14741,25,40,1,0,0.1,0.3,"[0.1,0.9]",24,"[0.001,0.0015,0.0020,0.0022,0.0025]",2,100000,"[0.03,0.035,0.04,0.045,0.048]","[0.09,0.09,0.09,0.09,0.09,0.09,0.09,0.09]",./auxiliary/FuelPrices.csv,./auxiliary/tractorweightvars.csv,25,,4,1000
222,"Class 8 Day cab low roof (FCEV, 2030, no program)","[(""EPA_Ph2_rural_interstate_65mph.csv"", .64), (""EPA_Ph2_urban_highway_55mph.csv"", .17), (""EPA_Ph2_transient.csv"", .19)]",TRUE,"[74563,73479,71710,68573]",0,4,0.03,100,400,0,18.3,500,50,6250,113,0.07,10,7.2,30,15,500,1.2,0.12,55,7.467735503,94095,36287.43275,0,hydrogen,"[0.15,0.15,0.15,0.15]",lease,0.15,0.1,1,4,Regional haul,2030,FY22NoProgram,150,30,65,80,20,MDHD_noprogram_2030,,DayCabTractorLowRoof_noprogram_2030,TRUE,0.001,50,200,400,200,400,300,1500,TRUE,TRUE,TRUE,TRUE,TRUE,"[260,260,260,260,260,260,260,260,260,260]",,,FALSE,,14741,25,40,1,0,0.1,0.3,"[0.1,0.9]",24,"[0.001,0.0015,0.0020,0.0022,0.0025]",2,100000,"[0.03,0.035,0.04,0.045,0.048]","[0.09,0.09,0.09,0.09,0.09,0.09,0.09,0.09]",./auxiliary/FuelPrices.csv,./auxiliary/tractorweightvars.csv,25,,4,1000
223,"Class 8 Day cab high roof (FCEV, 2035, no program)","[(""EPA_Ph2_rural_interstate_65mph.csv"", .64), (""EPA_Ph2_urban_highway_55mph.csv"", .17), (""EPA_Ph2_transient.csv"", .19)]",TRUE,"[74563,73479,71710,68573]",0,4,0.03,100,370,0,15.65,450,50,6250,99,0.07,9.75,7.2,30,15,500,1.2,0.12,55,7.467735503,94095,36287.43275,0,hydrogen,"[0.15,0.15,0.15,0.15]",lease,0.15,0.1,1,4,Regional haul,2035,FY22NoProgram,150,30,65,80,20,MDHD_noprogram_2035,,DayCabTractorHighRoof_noprogram_2035,FALSE,0.001,50,200,400,200,400,300,1500,TRUE,TRUE,TRUE,TRUE,TRUE,"[260,260,260,260,260,260,260,260,260,260]",,,FALSE,,14741,25,40,1,0,0.1,0.3,"[0.1,0.9]",24,"[0.001,0.0015,0.0020,0.0022,0.0025]",2,100000,"[0.03,0.035,0.04,0.045,0.048]","[0.09,0.09,0.09,0.09,0.09,0.09,0.09,0.09]",./auxiliary/FuelPrices.csv,./auxiliary/tractorweightvars.csv,25,,4,1000
224,"Class 8 Day cab mid roof (FCEV, 2035, no program)","[(""EPA_Ph2_rural_interstate_65mph.csv"", .64), (""EPA_Ph2_urban_highway_55mph.csv"", .17), (""EPA_Ph2_transient.csv"", .19)]",TRUE,"[74563,73479,71710,68573]",0,4,0.03,100,370,0,15.65,450,50,6250,99,0.07,9.75,7.2,30,15,500,1.2,0.12,55,7.467735503,94095,36287.43275,0,hydrogen,"[0.15,0.15,0.15,0.15]",lease,0.15,0.1,1,4,Regional haul,2035,FY22NoProgram,150,30,65,80,20,MDHD_noprogram_2035,,DayCabTractorMidRoof_noprogram_2035,TRUE,0.001,50,200,400,200,400,300,1500,TRUE,TRUE,TRUE,TRUE,TRUE,"[260,260,260,260,260,260,260,260,260,260]",,,FALSE,,14741,25,40,1,0,0.1,0.3,"[0.1,0.9]",24,"[0.001,0.0015,0.0020,0.0022,0.0025]",2,100000,"[0.03,0.035,0.04,0.045,0.048]","[0.09,0.09,0.09,0.09,0.09,0.09,0.09,0.09]",./auxiliary/FuelPrices.csv,./auxiliary/tractorweightvars.csv,25,,4,1000
225,"Class 8 Day cab low roof (FCEV, 2035, no program)","[(""EPA_Ph2_rural_interstate_65mph.csv"", .64), (""EPA_Ph2_urban_highway_55mph.csv"", .17), (""EPA_Ph2_transient.csv"", .19)]",TRUE,"[74563,73479,71710,68573]",0,4,0.03,100,370,0,15.65,450,50,6250,99,0.07,9.75,7.2,30,15,500,1.2,0.12,55,7.467735503,94095,36287.43275,0,hydrogen,"[0.15,0.15,0.15,0.15]",lease,0.15,0.1,1,4,Regional haul,2035,FY22NoProgram,150,30,65,80,20,MDHD_noprogram_2035,,DayCabTractorLowRoof_noprogram_2035,TRUE,0.001,50,200,400,200,400,300,1500,TRUE,TRUE,TRUE,TRUE,TRUE,"[260,260,260,260,260,260,260,260,260,260]",,,FALSE,,14741,25,40,1,0,0.1,0.3,"[0.1,0.9]",24,"[0.001,0.0015,0.0020,0.0022,0.0025]",2,100000,"[0.03,0.035,0.04,0.045,0.048]","[0.09,0.09,0.09,0.09,0.09,0.09,0.09,0.09]",./auxiliary/FuelPrices.csv,./auxiliary/tractorweightvars.csv,25,,4,1000
226,"Class 8 Day cab high roof (FCEV, 2040, no program)","[(""EPA_Ph2_rural_interstate_65mph.csv"", .64), (""EPA_Ph2_urban_highway_55mph.csv"", .17), (""EPA_Ph2_transient.csv"", .19)]",TRUE,"[74563,73479,71710,68573]",0,4,0.03,100,340,0,13,400,50,6250,85,0.07,9.5,7.2,30,15,500,1.2,0.12,55,7.467735503,94095,36287.43275,0,hydrogen,"[0.15,0.15,0.15,0.15]",lease,0.15,0.1,1,4,Regional haul,2040,FY22NoProgram,150,30,65,80,20,MDHD_noprogram_2040,,DayCabTractorHighRoof_noprogram_2040,FALSE,0.001,50,200,400,200,400,300,1500,TRUE,TRUE,TRUE,TRUE,TRUE,"[260,260,260,260,260,260,260,260,260,260]",,,FALSE,,14741,25,40,1,0,0.1,0.3,"[0.1,0.9]",24,"[0.001,0.0015,0.0020,0.0022,0.0025]",2,100000,"[0.03,0.035,0.04,0.045,0.048]","[0.09,0.09,0.09,0.09,0.09,0.09,0.09,0.09]",./auxiliary/FuelPrices.csv,./auxiliary/tractorweightvars.csv,25,,4,1000
227,"Class 8 Day cab mid roof (FCEV, 2040, no program)","[(""EPA_Ph2_rural_interstate_65mph.csv"", .64), (""EPA_Ph2_urban_highway_55mph.csv"", .17), (""EPA_Ph2_transient.csv"", .19)]",TRUE,"[74563,73479,71710,68573]",0,4,0.03,100,340,0,13,400,50,6250,85,0.07,9.5,7.2,30,15,500,1.2,0.12,55,7.467735503,94095,36287.43275,0,hydrogen,"[0.15,0.15,0.15,0.15]",lease,0.15,0.1,1,4,Regional haul,2040,FY22NoProgram,150,30,65,80,20,MDHD_noprogram_2040,,DayCabTractorMidRoof_noprogram_2040,TRUE,0.001,50,200,400,200,400,300,1500,TRUE,TRUE,TRUE,TRUE,TRUE,"[260,260,260,260,260,260,260,260,260,260]",,,FALSE,,14741,25,40,1,0,0.1,0.3,"[0.1,0.9]",24,"[0.001,0.0015,0.0020,0.0022,0.0025]",2,100000,"[0.03,0.035,0.04,0.045,0.048]","[0.09,0.09,0.09,0.09,0.09,0.09,0.09,0.09]",./auxiliary/FuelPrices.csv,./auxiliary/tractorweightvars.csv,25,,4,1000
228,"Class 8 Day cab low roof (FCEV, 2040, no program)","[(""EPA_Ph2_rural_interstate_65mph.csv"", .64), (""EPA_Ph2_urban_highway_55mph.csv"", .17), (""EPA_Ph2_transient.csv"", .19)]",TRUE,"[74563,73479,71710,68573]",0,4,0.03,100,340,0,13,400,50,6250,85,0.07,9.5,7.2,30,15,500,1.2,0.12,55,7.467735503,94095,36287.43275,0,hydrogen,"[0.15,0.15,0.15,0.15]",lease,0.15,0.1,1,4,Regional haul,2040,FY22NoProgram,150,30,65,80,20,MDHD_noprogram_2040,,DayCabTractorLowRoof_noprogram_2040,TRUE,0.001,50,200,400,200,400,300,1500,TRUE,TRUE,TRUE,TRUE,TRUE,"[260,260,260,260,260,260,260,260,260,260]",,,FALSE,,14741,25,40,1,0,0.1,0.3,"[0.1,0.9]",24,"[0.001,0.0015,0.0020,0.0022,0.0025]",2,100000,"[0.03,0.035,0.04,0.045,0.048]","[0.09,0.09,0.09,0.09,0.09,0.09,0.09,0.09]",./auxiliary/FuelPrices.csv,./auxiliary/tractorweightvars.csv,25,,4,1000
229,"Class 8 Day cab high roof (FCEV, 2050, no program)","[(""EPA_Ph2_rural_interstate_65mph.csv"", .64), (""EPA_Ph2_urban_highway_55mph.csv"", .17), (""EPA_Ph2_transient.csv"", .19)]",TRUE,"[74563,73479,71710,68573]",0,4,0.03,100,320,0,11,350,50,6250,85,0.07,9.5,7.2,30,15,500,1.2,0.12,55,7.467735503,94095,36287.43275,0,hydrogen,"[0.15,0.15,0.15,0.15]",lease,0.15,0.1,1,4,Regional haul,2050,FY22NoProgram,150,30,65,80,20,MDHD_noprogram_2050,,DayCabTractorHighRoof_noprogram_2050,FALSE,0.001,50,200,400,200,400,300,1500,TRUE,TRUE,TRUE,TRUE,TRUE,"[260,260,260,260,260,260,260,260,260,260]",,,FALSE,,14741,25,40,1,0,0.1,0.3,"[0.1,0.9]",24,"[0.001,0.0015,0.0020,0.0022,0.0025]",2,100000,"[0.03,0.035,0.04,0.045,0.048]","[0.09,0.09,0.09,0.09,0.09,0.09,0.09,0.09]",./auxiliary/FuelPrices.csv,./auxiliary/tractorweightvars.csv,25,,4,1000
230,"Class 8 Day cab mid roof (FCEV, 2050, no program)","[(""EPA_Ph2_rural_interstate_65mph.csv"", .64), (""EPA_Ph2_urban_highway_55mph.csv"", .17), (""EPA_Ph2_transient.csv"", .19)]",TRUE,"[74563,73479,71710,68573]",0,4,0.03,100,320,0,11,350,50,6250,85,0.07,9.5,7.2,30,15,500,1.2,0.12,55,7.467735503,94095,36287.43275,0,hydrogen,"[0.15,0.15,0.15,0.15]",lease,0.15,0.1,1,4,Regional haul,2050,FY22NoProgram,150,30,65,80,20,MDHD_noprogram_2050,,DayCabTractorMidRoof_noprogram_2050,TRUE,0.001,50,200,400,200,400,300,1500,TRUE,TRUE,TRUE,TRUE,TRUE,"[260,260,260,260,260,260,260,260,260,260]",,,FALSE,,14741,25,40,1,0,0.1,0.3,"[0.1,0.9]",24,"[0.001,0.0015,0.0020,0.0022,0.0025]",2,100000,"[0.03,0.035,0.04,0.045,0.048]","[0.09,0.09,0.09,0.09,0.09,0.09,0.09,0.09]",./auxiliary/FuelPrices.csv,./auxiliary/tractorweightvars.csv,25,,4,1000
231,"Class 8 Day cab low roof (FCEV, 2050, no program)","[(""EPA_Ph2_rural_interstate_65mph.csv"", .64), (""EPA_Ph2_urban_highway_55mph.csv"", .17), (""EPA_Ph2_transient.csv"", .19)]",TRUE,"[74563,73479,71710,68573]",0,4,0.03,100,320,0,11,350,50,6250,85,0.07,9.5,7.2,30,15,500,1.2,0.12,55,7.467735503,94095,36287.43275,0,hydrogen,"[0.15,0.15,0.15,0.15]",lease,0.15,0.1,1,4,Regional haul,2050,FY22NoProgram,150,30,65,80,20,MDHD_noprogram_2050,,DayCabTractorLowRoof_noprogram_2050,TRUE,0.001,50,200,400,200,400,300,1500,TRUE,TRUE,TRUE,TRUE,TRUE,"[260,260,260,260,260,260,260,260,260,260]",,,FALSE,,14741,25,40,1,0,0.1,0.3,"[0.1,0.9]",24,"[0.001,0.0015,0.0020,0.0022,0.0025]",2,100000,"[0.03,0.035,0.04,0.045,0.048]","[0.09,0.09,0.09,0.09,0.09,0.09,0.09,0.09]",./auxiliary/FuelPrices.csv,./auxiliary/tractorweightvars.csv,25,,4,1000
232,"Class 8 Day cab high roof (FCEV, 2025, program success)","[(""EPA_Ph2_rural_interstate_65mph.csv"", .64), (""EPA_Ph2_urban_highway_55mph.csv"", .17), (""EPA_Ph2_transient.csv"", .19)]",TRUE,"[74563,73479,71710,68573]",0,4,0.03,100,420,0,18,300,50,6250,130,0.07,10,7.2,30,15,500,1.2,0.12,55,7.467735503,94095,36287.43275,0,hydrogen,"[0.15,0.15,0.15,0.15]",lease,0.15,0.1,1,4,Regional haul,2025,FY22TechSuccess,150,30,65,80,20,MDHD_programsuccess_2025,,DayCabTractorHighRoof_programsuccess_2025,FALSE,0.001,50,200,400,200,400,300,1500,TRUE,TRUE,TRUE,TRUE,TRUE,"[260,260,260,260,260,260,260,260,260,260]",,,FALSE,,14741,25,40,1,0,0.1,0.3,"[0.1,0.9]",24,"[0.001,0.0015,0.0020,0.0022,0.0025]",2,100000,"[0.03,0.035,0.04,0.045,0.048]","[0.09,0.09,0.09,0.09,0.09,0.09,0.09,0.09]",./auxiliary/FuelPrices.csv,./auxiliary/tractorweightvars.csv,25,,4,1000
233,"Class 8 Day cab mid roof (FCEV, 2025, program success)","[(""EPA_Ph2_rural_interstate_65mph.csv"", .64), (""EPA_Ph2_urban_highway_55mph.csv"", .17), (""EPA_Ph2_transient.csv"", .19)]",TRUE,"[74563,73479,71710,68573]",0,4,0.03,100,420,0,18,300,50,6250,130,0.07,10,7.2,30,15,500,1.2,0.12,55,7.467735503,94095,36287.43275,0,hydrogen,"[0.15,0.15,0.15,0.15]",lease,0.15,0.1,1,4,Regional haul,2025,FY22TechSuccess,150,30,65,80,20,MDHD_programsuccess_2025,,DayCabTractorMidRoof_programsuccess_2025,TRUE,0.001,50,200,400,200,400,300,1500,TRUE,TRUE,TRUE,TRUE,TRUE,"[260,260,260,260,260,260,260,260,260,260]",,,FALSE,,14741,25,40,1,0,0.1,0.3,"[0.1,0.9]",24,"[0.001,0.0015,0.0020,0.0022,0.0025]",2,100000,"[0.03,0.035,0.04,0.045,0.048]","[0.09,0.09,0.09,0.09,0.09,0.09,0.09,0.09]",./auxiliary/FuelPrices.csv,./auxiliary/tractorweightvars.csv,25,,4,1000
234,"Class 8 Day cab low roof (FCEV, 2025, program success)","[(""EPA_Ph2_rural_interstate_65mph.csv"", .64), (""EPA_Ph2_urban_highway_55mph.csv"", .17), (""EPA_Ph2_transient.csv"", .19)]",TRUE,"[74563,73479,71710,68573]",0,4,0.03,100,420,0,18,300,50,6250,130,0.07,10,7.2,30,15,500,1.2,0.12,55,7.467735503,94095,36287.43275,0,hydrogen,"[0.15,0.15,0.15,0.15]",lease,0.15,0.1,1,4,Regional haul,2025,FY22TechSuccess,150,30,65,80,20,MDHD_programsuccess_2025,,DayCabTractorLowRoof_programsuccess_2025,TRUE,0.001,50,200,400,200,400,300,1500,TRUE,TRUE,TRUE,TRUE,TRUE,"[260,260,260,260,260,260,260,260,260,260]",,,FALSE,,14741,25,40,1,0,0.1,0.3,"[0.1,0.9]",24,"[0.001,0.0015,0.0020,0.0022,0.0025]",2,100000,"[0.03,0.035,0.04,0.045,0.048]","[0.09,0.09,0.09,0.09,0.09,0.09,0.09,0.09]",./auxiliary/FuelPrices.csv,./auxiliary/tractorweightvars.csv,25,,4,1000
235,"Class 8 Day cab high roof (FCEV, 2030, program success)","[(""EPA_Ph2_rural_interstate_65mph.csv"", .64), (""EPA_Ph2_urban_highway_55mph.csv"", .17), (""EPA_Ph2_transient.csv"", .19)]",TRUE,"[74563,73479,71710,68573]",0,4,0.03,100,340,0,13.3,300,50,6250,80,0.07,9,7.2,30,15,500,1.2,0.12,55,7.467735503,94095,36287.43275,0,hydrogen,"[0.15,0.15,0.15,0.15]",lease,0.15,0.1,1,4,Regional haul,2030,FY22TechSuccess,150,30,65,80,20,MDHD_programsuccess_2030,,DayCabTractorHighRoof_programsuccess_2030,FALSE,0.001,50,200,400,200,400,300,1500,TRUE,TRUE,TRUE,TRUE,TRUE,"[260,260,260,260,260,260,260,260,260,260]",,,FALSE,,14741,25,40,1,0,0.1,0.3,"[0.1,0.9]",24,"[0.001,0.0015,0.0020,0.0022,0.0025]",2,100000,"[0.03,0.035,0.04,0.045,0.048]","[0.09,0.09,0.09,0.09,0.09,0.09,0.09,0.09]",./auxiliary/FuelPrices.csv,./auxiliary/tractorweightvars.csv,25,,4,1000
236,"Class 8 Day cab mid roof (FCEV, 2030, program success)","[(""EPA_Ph2_rural_interstate_65mph.csv"", .64), (""EPA_Ph2_urban_highway_55mph.csv"", .17), (""EPA_Ph2_transient.csv"", .19)]",TRUE,"[74563,73479,71710,68573]",0,4,0.03,100,340,0,13.3,300,50,6250,80,0.07,9,7.2,30,15,500,1.2,0.12,55,7.467735503,94095,36287.43275,0,hydrogen,"[0.15,0.15,0.15,0.15]",lease,0.15,0.1,1,4,Regional haul,2030,FY22TechSuccess,150,30,65,80,20,MDHD_programsuccess_2030,,DayCabTractorMidRoof_programsuccess_2030,TRUE,0.001,50,200,400,200,400,300,1500,TRUE,TRUE,TRUE,TRUE,TRUE,"[260,260,260,260,260,260,260,260,260,260]",,,FALSE,,14741,25,40,1,0,0.1,0.3,"[0.1,0.9]",24,"[0.001,0.0015,0.0020,0.0022,0.0025]",2,100000,"[0.03,0.035,0.04,0.045,0.048]","[0.09,0.09,0.09,0.09,0.09,0.09,0.09,0.09]",./auxiliary/FuelPrices.csv,./auxiliary/tractorweightvars.csv,25,,4,1000
237,"Class 8 Day cab low roof (FCEV, 2030, program success)","[(""EPA_Ph2_rural_interstate_65mph.csv"", .64), (""EPA_Ph2_urban_highway_55mph.csv"", .17), (""EPA_Ph2_transient.csv"", .19)]",TRUE,"[74563,73479,71710,68573]",0,4,0.03,100,340,0,13.3,300,50,6250,80,0.07,9,7.2,30,15,500,1.2,0.12,55,7.467735503,94095,36287.43275,0,hydrogen,"[0.15,0.15,0.15,0.15]",lease,0.15,0.1,1,4,Regional haul,2030,FY22TechSuccess,150,30,65,80,20,MDHD_programsuccess_2030,,DayCabTractorLowRoof_programsuccess_2030,TRUE,0.001,50,200,400,200,400,300,1500,TRUE,TRUE,TRUE,TRUE,TRUE,"[260,260,260,260,260,260,260,260,260,260]",,,FALSE,,14741,25,40,1,0,0.1,0.3,"[0.1,0.9]",24,"[0.001,0.0015,0.0020,0.0022,0.0025]",2,100000,"[0.03,0.035,0.04,0.045,0.048]","[0.09,0.09,0.09,0.09,0.09,0.09,0.09,0.09]",./auxiliary/FuelPrices.csv,./auxiliary/tractorweightvars.csv,25,,4,1000
238,"Class 8 Day cab high roof (FCEV, 2035, program success)","[(""EPA_Ph2_rural_interstate_65mph.csv"", .64), (""EPA_Ph2_urban_highway_55mph.csv"", .17), (""EPA_Ph2_transient.csv"", .19)]",TRUE,"[74563,73479,71710,68573]",0,4,0.03,100,290,0,10.65,250,50,6250,75,0.07,8.75,7.2,30,15,500,1.2,0.12,55,7.467735503,94095,36287.43275,0,hydrogen,"[0.15,0.15,0.15,0.15]",lease,0.15,0.1,1,4,Regional haul,2035,FY22TechSuccess,150,30,65,80,20,MDHD_programsuccess_2035,,DayCabTractorHighRoof_programsuccess_2035,FALSE,0.001,50,200,400,200,400,300,1500,TRUE,TRUE,TRUE,TRUE,TRUE,"[260,260,260,260,260,260,260,260,260,260]",,,FALSE,,14741,25,40,1,0,0.1,0.3,"[0.1,0.9]",24,"[0.001,0.0015,0.0020,0.0022,0.0025]",2,100000,"[0.03,0.035,0.04,0.045,0.048]","[0.09,0.09,0.09,0.09,0.09,0.09,0.09,0.09]",./auxiliary/FuelPrices.csv,./auxiliary/tractorweightvars.csv,25,,4,1000
239,"Class 8 Day cab mid roof (FCEV, 2035, program success)","[(""EPA_Ph2_rural_interstate_65mph.csv"", .64), (""EPA_Ph2_urban_highway_55mph.csv"", .17), (""EPA_Ph2_transient.csv"", .19)]",TRUE,"[74563,73479,71710,68573]",0,4,0.03,100,290,0,10.65,250,50,6250,75,0.07,8.75,7.2,30,15,500,1.2,0.12,55,7.467735503,94095,36287.43275,0,hydrogen,"[0.15,0.15,0.15,0.15]",lease,0.15,0.1,1,4,Regional haul,2035,FY22TechSuccess,150,30,65,80,20,MDHD_programsuccess_2035,,DayCabTractorMidRoof_programsuccess_2035,FALSE,0.001,50,200,400,200,400,300,1500,TRUE,TRUE,TRUE,TRUE,TRUE,"[260,260,260,260,260,260,260,260,260,260]",,,FALSE,,14741,25,40,1,0,0.1,0.3,"[0.1,0.9]",24,"[0.001,0.0015,0.0020,0.0022,0.0025]",2,100000,"[0.03,0.035,0.04,0.045,0.048]","[0.09,0.09,0.09,0.09,0.09,0.09,0.09,0.09]",./auxiliary/FuelPrices.csv,./auxiliary/tractorweightvars.csv,25,,4,1000
240,"Class 8 Day cab low roof (FCEV, 2035, program success)","[(""EPA_Ph2_rural_interstate_65mph.csv"", .64), (""EPA_Ph2_urban_highway_55mph.csv"", .17), (""EPA_Ph2_transient.csv"", .19)]",TRUE,"[74563,73479,71710,68573]",0,4,0.03,100,290,0,10.65,250,50,6250,75,0.07,8.75,7.2,30,15,500,1.2,0.12,55,7.467735503,94095,36287.43275,0,hydrogen,"[0.15,0.15,0.15,0.15]",lease,0.15,0.1,1,4,Regional haul,2035,FY22TechSuccess,150,30,65,80,20,MDHD_programsuccess_2035,,DayCabTractorLowRoof_programsuccess_2035,FALSE,0.001,50,200,400,200,400,300,1500,TRUE,TRUE,TRUE,TRUE,TRUE,"[260,260,260,260,260,260,260,260,260,260]",,,FALSE,,14741,25,40,1,0,0.1,0.3,"[0.1,0.9]",24,"[0.001,0.0015,0.0020,0.0022,0.0025]",2,100000,"[0.03,0.035,0.04,0.045,0.048]","[0.09,0.09,0.09,0.09,0.09,0.09,0.09,0.09]",./auxiliary/FuelPrices.csv,./auxiliary/tractorweightvars.csv,25,,4,1000
241,"Class 8 Day cab high roof (FCEV, 2040, program success)","[(""EPA_Ph2_rural_interstate_65mph.csv"", .64), (""EPA_Ph2_urban_highway_55mph.csv"", .17), (""EPA_Ph2_transient.csv"", .19)]",TRUE,"[74563,73479,71710,68573]",0,4,0.03,100,240,0,8,200,50,6250,70,0.07,8.5,7.2,30,15,500,1.2,0.12,55,7.467735503,94095,36287.43275,0,hydrogen,"[0.15,0.15,0.15,0.15]",lease,0.15,0.1,1,4,Regional haul,2040,FY22TechSuccess,150,30,65,80,20,MDHD_programsuccess_2040,,DayCabTractorHighRoof_programsuccess_2040,FALSE,0.001,50,200,400,200,400,300,1500,TRUE,TRUE,TRUE,TRUE,TRUE,"[260,260,260,260,260,260,260,260,260,260]",,,FALSE,,14741,25,40,1,0,0.1,0.3,"[0.1,0.9]",24,"[0.001,0.0015,0.0020,0.0022,0.0025]",2,100000,"[0.03,0.035,0.04,0.045,0.048]","[0.09,0.09,0.09,0.09,0.09,0.09,0.09,0.09]",./auxiliary/FuelPrices.csv,./auxiliary/tractorweightvars.csv,25,,4,1000
242,"Class 8 Day cab mid roof (FCEV, 2040, program success)","[(""EPA_Ph2_rural_interstate_65mph.csv"", .64), (""EPA_Ph2_urban_highway_55mph.csv"", .17), (""EPA_Ph2_transient.csv"", .19)]",TRUE,"[74563,73479,71710,68573]",0,4,0.03,100,240,0,8,200,50,6250,70,0.07,8.5,7.2,30,15,500,1.2,0.12,55,7.467735503,94095,36287.43275,0,hydrogen,"[0.15,0.15,0.15,0.15]",lease,0.15,0.1,1,4,Regional haul,2040,FY22TechSuccess,150,30,65,80,20,MDHD_programsuccess_2040,,DayCabTractorMidRoof_programsuccess_2040,TRUE,0.001,50,200,400,200,400,300,1500,TRUE,TRUE,TRUE,TRUE,TRUE,"[260,260,260,260,260,260,260,260,260,260]",,,FALSE,,14741,25,40,1,0,0.1,0.3,"[0.1,0.9]",24,"[0.001,0.0015,0.0020,0.0022,0.0025]",2,100000,"[0.03,0.035,0.04,0.045,0.048]","[0.09,0.09,0.09,0.09,0.09,0.09,0.09,0.09]",./auxiliary/FuelPrices.csv,./auxiliary/tractorweightvars.csv,25,,4,1000
243,"Class 8 Day cab low roof (FCEV, 2040, program success)","[(""EPA_Ph2_rural_interstate_65mph.csv"", .64), (""EPA_Ph2_urban_highway_55mph.csv"", .17), (""EPA_Ph2_transient.csv"", .19)]",TRUE,"[74563,73479,71710,68573]",0,4,0.03,100,240,0,8,200,50,6250,70,0.07,8.5,7.2,30,15,500,1.2,0.12,55,7.467735503,94095,36287.43275,0,hydrogen,"[0.15,0.15,0.15,0.15]",lease,0.15,0.1,1,4,Regional haul,2040,FY22TechSuccess,150,30,65,80,20,MDHD_programsuccess_2040,,DayCabTractorLowRoof_programsuccess_2040,TRUE,0.001,50,200,400,200,400,300,1500,TRUE,TRUE,TRUE,TRUE,TRUE,"[260,260,260,260,260,260,260,260,260,260]",,,FALSE,,14741,25,40,1,0,0.1,0.3,"[0.1,0.9]",24,"[0.001,0.0015,0.0020,0.0022,0.0025]",2,100000,"[0.03,0.035,0.04,0.045,0.048]","[0.09,0.09,0.09,0.09,0.09,0.09,0.09,0.09]",./auxiliary/FuelPrices.csv,./auxiliary/tractorweightvars.csv,25,,4,1000
244,"Class 8 Day cab high roof (FCEV, 2050, program success)","[(""EPA_Ph2_rural_interstate_65mph.csv"", .64), (""EPA_Ph2_urban_highway_55mph.csv"", .17), (""EPA_Ph2_transient.csv"", .19)]",TRUE,"[74563,73479,71710,68573]",0,4,0.03,100,200,0,6,133,50,6250,60,0.07,8,7.2,30,15,500,1.2,0.12,55,7.467735503,94095,36287.43275,0,hydrogen,"[0.15,0.15,0.15,0.15]",lease,0.15,0.1,1,4,Regional haul,2050,FY22TechSuccess,150,30,65,80,20,MDHD_programsuccess_2050,,DayCabTractorHighRoof_programsuccess_2050,FALSE,0.001,50,200,400,200,400,300,1500,TRUE,TRUE,TRUE,TRUE,TRUE,"[260,260,260,260,260,260,260,260,260,260]",,,FALSE,,14741,25,40,1,0,0.1,0.3,"[0.1,0.9]",24,"[0.001,0.0015,0.0020,0.0022,0.0025]",2,100000,"[0.03,0.035,0.04,0.045,0.048]","[0.09,0.09,0.09,0.09,0.09,0.09,0.09,0.09]",./auxiliary/FuelPrices.csv,./auxiliary/tractorweightvars.csv,25,,4,1000
245,"Class 8 Day cab mid roof (FCEV, 2050, program success)","[(""EPA_Ph2_rural_interstate_65mph.csv"", .64), (""EPA_Ph2_urban_highway_55mph.csv"", .17), (""EPA_Ph2_transient.csv"", .19)]",TRUE,"[74563,73479,71710,68573]",0,4,0.03,100,200,0,6,133,50,6250,60,0.07,8,7.2,30,15,500,1.2,0.12,55,7.467735503,94095,36287.43275,0,hydrogen,"[0.15,0.15,0.15,0.15]",lease,0.15,0.1,1,4,Regional haul,2050,FY22TechSuccess,150,30,65,80,20,MDHD_programsuccess_2050,,DayCabTractorMidRoof_programsuccess_2050,TRUE,0.001,50,200,400,200,400,300,1500,TRUE,TRUE,TRUE,TRUE,TRUE,"[260,260,260,260,260,260,260,260,260,260]",,,FALSE,,14741,25,40,1,0,0.1,0.3,"[0.1,0.9]",24,"[0.001,0.0015,0.0020,0.0022,0.0025]",2,100000,"[0.03,0.035,0.04,0.045,0.048]","[0.09,0.09,0.09,0.09,0.09,0.09,0.09,0.09]",./auxiliary/FuelPrices.csv,./auxiliary/tractorweightvars.csv,25,,4,1000
246,"Class 8 Day cab low roof (FCEV, 2050, program success)","[(""EPA_Ph2_rural_interstate_65mph.csv"", .64), (""EPA_Ph2_urban_highway_55mph.csv"", .17), (""EPA_Ph2_transient.csv"", .19)]",TRUE,"[74563,73479,71710,68573]",0,4,0.03,100,200,0,6,133,50,6250,60,0.07,8,7.2,30,15,500,1.2,0.12,55,7.467735503,94095,36287.43275,0,hydrogen,"[0.15,0.15,0.15,0.15]",lease,0.15,0.1,1,4,Regional haul,2050,FY22TechSuccess,150,30,65,80,20,MDHD_programsuccess_2050,,DayCabTractorLowRoof_programsuccess_2050,TRUE,0.001,50,200,400,200,400,300,1500,TRUE,TRUE,TRUE,TRUE,TRUE,"[260,260,260,260,260,260,260,260,260,260]",,,FALSE,,14741,25,40,1,0,0.1,0.3,"[0.1,0.9]",24,"[0.001,0.0015,0.0020,0.0022,0.0025]",2,100000,"[0.03,0.035,0.04,0.045,0.048]","[0.09,0.09,0.09,0.09,0.09,0.09,0.09,0.09]",./auxiliary/FuelPrices.csv,./auxiliary/tractorweightvars.csv,25,,4,1000
247,"Class 7 Box truck (Diesel, 2020, no program)","[(""EPA_Ph2_rural_interstate_65mph.csv"", .17), (""EPA_Ph2_urban_highway_55mph.csv"", .29), (""EPA_Ph2_transient.csv"", .54)]",TRUE,"[36892,34042,31413,28986]",0,4,0.03,100,270,0,27,750,50,6250,171,0.07,11.35,7.2,30,15,500,1.2,0,55,7.467735503,57977,14948,0,diesel,"[0.15,0.15,0.15,0.15]",lease,0.15,0.1,1,4,Box truck,2020,FY22NoProgram,250,45,65,40,14,MDHD_noprogram_2020,MDHD_medium_noprogram_2020,Class67Vocational_noprogram_2021,TRUE,,,,,120,250,,,FALSE,TRUE,TRUE,TRUE,FALSE,"[260,260,260,260,260,260,260,260,260,260]",,,FALSE,,14741,25,40,1,0,0.1,0.3,"[0.1,0.9]",24,"[0.001,0.0015,0.0020,0.0022,0.0025]",2,100000,"[0.03,0.035,0.04,0.045,0.048]","[0.09,0.09,0.09,0.09,0.09,0.09,0.09,0.09]",./auxiliary/FuelPrices.csv,./auxiliary/tractorweightvars.csv,25,,4,1000
248,"Class 7 Box truck (Diesel, 2025, no program)","[(""EPA_Ph2_rural_interstate_65mph.csv"", .17), (""EPA_Ph2_urban_highway_55mph.csv"", .29), (""EPA_Ph2_transient.csv"", .54)]",TRUE,"[36892,34042,31413,28986]",0,4,0.03,100,190,0,23,500,50,6250,126,0.07,11,7.2,30,15,500,1.2,0,55,7.467735503,57977,14948,0,diesel,"[0.15,0.15,0.15,0.15]",lease,0.15,0.1,1,4,Box truck,2025,FY22NoProgram,250,45,65,40,14,MDHD_noprogram_2025,MDHD_medium_noprogram_2025,Class67Vocational_noprogram_2025,FALSE,,,,,120,250,,,FALSE,TRUE,TRUE,TRUE,FALSE,"[260,260,260,260,260,260,260,260,260,260]",,,FALSE,,14741,25,40,1,0,0.1,0.3,"[0.1,0.9]",24,"[0.001,0.0015,0.0020,0.0022,0.0025]",2,100000,"[0.03,0.035,0.04,0.045,0.048]","[0.09,0.09,0.09,0.09,0.09,0.09,0.09,0.09]",./auxiliary/FuelPrices.csv,./auxiliary/tractorweightvars.csv,25,,4,1000
249,"Class 7 Box truck (Diesel, 2030, no program)","[(""EPA_Ph2_rural_interstate_65mph.csv"", .17), (""EPA_Ph2_urban_highway_55mph.csv"", .29), (""EPA_Ph2_transient.csv"", .54)]",TRUE,"[36892,34042,31413,28986]",0,4,0.03,100,120,0,18.3,500,50,6250,110,0.07,10,7.2,30,15,500,1.2,0,55,7.467735503,57977,14948,0,diesel,"[0.15,0.15,0.15,0.15]",lease,0.15,0.1,1,4,Box truck,2030,FY22NoProgram,250,45,65,40,14,MDHD_noprogram_2030,MDHD_medium_noprogram_2030,Class67Vocational_noprogram_2030,FALSE,,,,,120,250,,,FALSE,TRUE,TRUE,TRUE,FALSE,"[260,260,260,260,260,260,260,260,260,260]",,,FALSE,,14741,25,40,1,0,0.1,0.3,"[0.1,0.9]",24,"[0.001,0.0015,0.0020,0.0022,0.0025]",2,100000,"[0.03,0.035,0.04,0.045,0.048]","[0.09,0.09,0.09,0.09,0.09,0.09,0.09,0.09]",./auxiliary/FuelPrices.csv,./auxiliary/tractorweightvars.csv,25,,4,1000
250,"Class 7 Box truck (Diesel, 2035, no program)","[(""EPA_Ph2_rural_interstate_65mph.csv"", .17), (""EPA_Ph2_urban_highway_55mph.csv"", .29), (""EPA_Ph2_transient.csv"", .54)]",TRUE,"[36892,34042,31413,28986]",0,4,0.03,100,105,0,15.65,450,50,6250,95,0.07,9.75,7.2,30,15,500,1.2,0,55,7.467735503,57977,14948,0,diesel,"[0.15,0.15,0.15,0.15]",lease,0.15,0.1,1,4,Box truck,2035,FY22NoProgram,250,45,65,40,14,MDHD_noprogram_2035,MDHD_medium_noprogram_2035,Class67Vocational_noprogram_2035,FALSE,,,,,120,250,,,FALSE,TRUE,TRUE,TRUE,FALSE,"[260,260,260,260,260,260,260,260,260,260]",,,FALSE,,14741,25,40,1,0,0.1,0.3,"[0.1,0.9]",24,"[0.001,0.0015,0.0020,0.0022,0.0025]",2,100000,"[0.03,0.035,0.04,0.045,0.048]","[0.09,0.09,0.09,0.09,0.09,0.09,0.09,0.09]",./auxiliary/FuelPrices.csv,./auxiliary/tractorweightvars.csv,25,,4,1000
251,"Class 7 Box truck (Diesel, 2040, no program)","[(""EPA_Ph2_rural_interstate_65mph.csv"", .17), (""EPA_Ph2_urban_highway_55mph.csv"", .29), (""EPA_Ph2_transient.csv"", .54)]",TRUE,"[36892,34042,31413,28986]",0,4,0.03,100,90,0,13,400,50,6250,80,0.07,9.5,7.2,30,15,500,1.2,0,55,7.467735503,57977,14948,0,diesel,"[0.15,0.15,0.15,0.15]",lease,0.15,0.1,1,4,Box truck,2040,FY22NoProgram,250,45,65,40,14,MDHD_noprogram_2040,MDHD_medium_noprogram_2040,Class67Vocational_noprogram_2040,FALSE,,,,,120,250,,,FALSE,TRUE,TRUE,TRUE,FALSE,"[260,260,260,260,260,260,260,260,260,260]",,,FALSE,,14741,25,40,1,0,0.1,0.3,"[0.1,0.9]",24,"[0.001,0.0015,0.0020,0.0022,0.0025]",2,100000,"[0.03,0.035,0.04,0.045,0.048]","[0.09,0.09,0.09,0.09,0.09,0.09,0.09,0.09]",./auxiliary/FuelPrices.csv,./auxiliary/tractorweightvars.csv,25,,4,1000
252,"Class 7 Box truck (Diesel, 2050, no program)","[(""EPA_Ph2_rural_interstate_65mph.csv"", .17), (""EPA_Ph2_urban_highway_55mph.csv"", .29), (""EPA_Ph2_transient.csv"", .54)]",TRUE,"[36892,34042,31413,28986]",0,4,0.03,100,85,0,11,350,50,6250,80,0.07,9.5,7.2,30,15,500,1.2,0,55,7.467735503,57977,14948,0,diesel,"[0.15,0.15,0.15,0.15]",lease,0.15,0.1,1,4,Box truck,2050,FY22NoProgram,250,45,65,40,14,MDHD_noprogram_2050,MDHD_medium_noprogram_2050,Class67Vocational_noprogram_2050,FALSE,,,,,120,250,,,FALSE,TRUE,TRUE,TRUE,FALSE,"[260,260,260,260,260,260,260,260,260,260]",,,FALSE,,14741,25,40,1,0,0.1,0.3,"[0.1,0.9]",24,"[0.001,0.0015,0.0020,0.0022,0.0025]",2,100000,"[0.03,0.035,0.04,0.045,0.048]","[0.09,0.09,0.09,0.09,0.09,0.09,0.09,0.09]",./auxiliary/FuelPrices.csv,./auxiliary/tractorweightvars.csv,25,,4,1000
253,"Class 7 Box truck (Diesel, 2025, program success)","[(""EPA_Ph2_rural_interstate_65mph.csv"", .17), (""EPA_Ph2_urban_highway_55mph.csv"", .29), (""EPA_Ph2_transient.csv"", .54)]",TRUE,"[36892,34042,31413,28986]",0,4,0.03,100,177,0,18,300,50,6250,126,0.07,10,7.2,30,15,500,1.2,0,55,7.467735503,57977,14948,0,diesel,"[0.15,0.15,0.15,0.15]",lease,0.15,0.1,1,4,Box truck,2025,FY22TechSuccess,250,45,65,40,14,MDHD_programsuccess_2025,MDHD_medium_programsuccess_2025,Class67Vocational_programsuccess_2025,FALSE,,,,,120,250,,,FALSE,TRUE,TRUE,TRUE,FALSE,"[260,260,260,260,260,260,260,260,260,260]",,,FALSE,,14741,25,40,1,0,0.1,0.3,"[0.1,0.9]",24,"[0.001,0.0015,0.0020,0.0022,0.0025]",2,100000,"[0.03,0.035,0.04,0.045,0.048]","[0.09,0.09,0.09,0.09,0.09,0.09,0.09,0.09]",./auxiliary/FuelPrices.csv,./auxiliary/tractorweightvars.csv,25,,4,1000
254,"Class 7 Box truck (Diesel, 2030, program success)","[(""EPA_Ph2_rural_interstate_65mph.csv"", .17), (""EPA_Ph2_urban_highway_55mph.csv"", .29), (""EPA_Ph2_transient.csv"", .54)]",TRUE,"[36892,34042,31413,28986]",0,4,0.03,100,84,0,13.3,300,50,6250,70,0.07,9,7.2,30,15,500,1.2,0,55,7.467735503,57977,14948,0,diesel,"[0.15,0.15,0.15,0.15]",lease,0.15,0.1,1,4,Box truck,2030,FY22TechSuccess,250,45,65,40,14,MDHD_programsuccess_2030,MDHD_medium_programsuccess_2030,Class67Vocational_programsuccess_2030,FALSE,,,,,120,250,,,FALSE,TRUE,TRUE,TRUE,FALSE,"[260,260,260,260,260,260,260,260,260,260]",,,FALSE,,14741,25,40,1,0,0.1,0.3,"[0.1,0.9]",24,"[0.001,0.0015,0.0020,0.0022,0.0025]",2,100000,"[0.03,0.035,0.04,0.045,0.048]","[0.09,0.09,0.09,0.09,0.09,0.09,0.09,0.09]",./auxiliary/FuelPrices.csv,./auxiliary/tractorweightvars.csv,25,,4,1000
255,"Class 7 Box truck (Diesel, 2035, program success)","[(""EPA_Ph2_rural_interstate_65mph.csv"", .17), (""EPA_Ph2_urban_highway_55mph.csv"", .29), (""EPA_Ph2_transient.csv"", .54)]",TRUE,"[36892,34042,31413,28986]",0,4,0.03,100,70,0,10.65,250,50,6250,65,0.07,8.75,7.2,30,15,500,1.2,0,55,7.467735503,57977,14948,0,diesel,"[0.15,0.15,0.15,0.15]",lease,0.15,0.1,1,4,Box truck,2035,FY22TechSuccess,250,45,65,40,14,MDHD_programsuccess_2035,MDHD_medium_programsuccess_2035,Class67Vocational_programsuccess_2035,FALSE,,,,,120,250,,,FALSE,TRUE,TRUE,TRUE,FALSE,"[260,260,260,260,260,260,260,260,260,260]",,,FALSE,,14741,25,40,1,0,0.1,0.3,"[0.1,0.9]",24,"[0.001,0.0015,0.0020,0.0022,0.0025]",2,100000,"[0.03,0.035,0.04,0.045,0.048]","[0.09,0.09,0.09,0.09,0.09,0.09,0.09,0.09]",./auxiliary/FuelPrices.csv,./auxiliary/tractorweightvars.csv,25,,4,1000
256,"Class 7 Box truck (Diesel, 2040, program success)","[(""EPA_Ph2_rural_interstate_65mph.csv"", .17), (""EPA_Ph2_urban_highway_55mph.csv"", .29), (""EPA_Ph2_transient.csv"", .54)]",TRUE,"[36892,34042,31413,28986]",0,4,0.03,100,56,0,8,200,50,6250,60,0.07,8.5,7.2,30,15,500,1.2,0,55,7.467735503,57977,14948,0,diesel,"[0.15,0.15,0.15,0.15]",lease,0.15,0.1,1,4,Box truck,2040,FY22TechSuccess,250,45,65,40,14,MDHD_programsuccess_2040,MDHD_medium_programsuccess_2040,Class67Vocational_programsuccess_2040,FALSE,,,,,120,250,,,FALSE,TRUE,TRUE,TRUE,FALSE,"[260,260,260,260,260,260,260,260,260,260]",,,FALSE,,14741,25,40,1,0,0.1,0.3,"[0.1,0.9]",24,"[0.001,0.0015,0.0020,0.0022,0.0025]",2,100000,"[0.03,0.035,0.04,0.045,0.048]","[0.09,0.09,0.09,0.09,0.09,0.09,0.09,0.09]",./auxiliary/FuelPrices.csv,./auxiliary/tractorweightvars.csv,25,,4,1000
257,"Class 7 Box truck (Diesel, 2050, program success)","[(""EPA_Ph2_rural_interstate_65mph.csv"", .17), (""EPA_Ph2_urban_highway_55mph.csv"", .29), (""EPA_Ph2_transient.csv"", .54)]",TRUE,"[36892,34042,31413,28986]",0,4,0.03,100,50,0,6,133,50,6250,50,0.07,8,7.2,30,15,500,1.2,0,55,7.467735503,57977,14948,0,diesel,"[0.15,0.15,0.15,0.15]",lease,0.15,0.1,1,4,Box truck,2050,FY22TechSuccess,250,45,65,40,14,MDHD_programsuccess_2050,MDHD_medium_programsuccess_2050,Class67Vocational_programsuccess_2050,FALSE,,,,,120,250,,,FALSE,TRUE,TRUE,TRUE,FALSE,"[260,260,260,260,260,260,260,260,260,260]",,,FALSE,,14741,25,40,1,0,0.1,0.3,"[0.1,0.9]",24,"[0.001,0.0015,0.0020,0.0022,0.0025]",2,100000,"[0.03,0.035,0.04,0.045,0.048]","[0.09,0.09,0.09,0.09,0.09,0.09,0.09,0.09]",./auxiliary/FuelPrices.csv,./auxiliary/tractorweightvars.csv,25,,4,1000
258,"Class 7 Box truck (BEV, 2025, no program)","[(""EPA_Ph2_rural_interstate_65mph.csv"", .17), (""EPA_Ph2_urban_highway_55mph.csv"", .29), (""EPA_Ph2_transient.csv"", .54)]",TRUE,"[36892,34042,31413,28986]",0,4,0.03,100,190,0,23,500,50,6250,126,0.07,11,7.2,30,15,500,1.2,0,55,7.467735503,57977,14948,0,electricity,"[0.15,0.15,0.15,0.15]",lease,0.15,0.1,1,4,Box truck,2025,FY22NoProgram,250,45,65,40,14,MDHD_noprogram_2025,,Class67Vocational_noprogram_2025,FALSE,0.001,500,120,250,,,,,TRUE,TRUE,TRUE,TRUE,TRUE,"[260,260,260,260,260,260,260,260,260,260]",,,FALSE,,14741,25,40,1,0,0.1,0.3,"[0.1,0.9]",24,"[0.001,0.0015,0.0020,0.0022,0.0025]",2,100000,"[0.03,0.035,0.04,0.045,0.048]","[0.09,0.09,0.09,0.09,0.09,0.09,0.09,0.09]",./auxiliary/FuelPrices.csv,./auxiliary/tractorweightvars.csv,25,,4,1000
259,"Class 7 Box truck (BEV, 2030, no program)","[(""EPA_Ph2_rural_interstate_65mph.csv"", .17), (""EPA_Ph2_urban_highway_55mph.csv"", .29), (""EPA_Ph2_transient.csv"", .54)]",TRUE,"[36892,34042,31413,28986]",0,4,0.03,100,120,0,18.3,500,50,6250,110,0.07,10,7.2,30,15,500,1.2,0,55,7.467735503,57977,14948,0,electricity,"[0.15,0.15,0.15,0.15]",lease,0.15,0.1,1,4,Box truck,2030,FY22NoProgram,250,45,65,40,14,MDHD_noprogram_2030,,Class67Vocational_noprogram_2030,FALSE,0.001,500,120,250,,,,,TRUE,TRUE,TRUE,TRUE,TRUE,"[260,260,260,260,260,260,260,260,260,260]",,,FALSE,,14741,25,40,1,0,0.1,0.3,"[0.1,0.9]",24,"[0.001,0.0015,0.0020,0.0022,0.0025]",2,100000,"[0.03,0.035,0.04,0.045,0.048]","[0.09,0.09,0.09,0.09,0.09,0.09,0.09,0.09]",./auxiliary/FuelPrices.csv,./auxiliary/tractorweightvars.csv,25,,4,1000
260,"Class 7 Box truck (BEV, 2035, no program)","[(""EPA_Ph2_rural_interstate_65mph.csv"", .17), (""EPA_Ph2_urban_highway_55mph.csv"", .29), (""EPA_Ph2_transient.csv"", .54)]",TRUE,"[36892,34042,31413,28986]",0,4,0.03,100,105,0,15.65,450,50,6250,95,0.07,9.75,7.2,30,15,500,1.2,0,55,7.467735503,57977,14948,0,electricity,"[0.15,0.15,0.15,0.15]",lease,0.15,0.1,1,4,Box truck,2035,FY22NoProgram,250,45,65,40,14,MDHD_noprogram_2035,,Class67Vocational_noprogram_2035,FALSE,0.001,500,120,250,,,,,TRUE,TRUE,TRUE,TRUE,TRUE,"[260,260,260,260,260,260,260,260,260,260]",,,FALSE,,14741,25,40,1,0,0.1,0.3,"[0.1,0.9]",24,"[0.001,0.0015,0.0020,0.0022,0.0025]",2,100000,"[0.03,0.035,0.04,0.045,0.048]","[0.09,0.09,0.09,0.09,0.09,0.09,0.09,0.09]",./auxiliary/FuelPrices.csv,./auxiliary/tractorweightvars.csv,25,,4,1000
261,"Class 7 Box truck (BEV, 2040, no program)","[(""EPA_Ph2_rural_interstate_65mph.csv"", .17), (""EPA_Ph2_urban_highway_55mph.csv"", .29), (""EPA_Ph2_transient.csv"", .54)]",TRUE,"[36892,34042,31413,28986]",0,4,0.03,100,90,0,13,400,50,6250,80,0.07,9.5,7.2,30,15,500,1.2,0,55,7.467735503,57977,14948,0,electricity,"[0.15,0.15,0.15,0.15]",lease,0.15,0.1,1,4,Box truck,2040,FY22NoProgram,250,45,65,40,14,MDHD_noprogram_2040,,Class67Vocational_noprogram_2040,FALSE,0.001,500,120,250,,,,,TRUE,TRUE,TRUE,TRUE,TRUE,"[260,260,260,260,260,260,260,260,260,260]",,,FALSE,,14741,25,40,1,0,0.1,0.3,"[0.1,0.9]",24,"[0.001,0.0015,0.0020,0.0022,0.0025]",2,100000,"[0.03,0.035,0.04,0.045,0.048]","[0.09,0.09,0.09,0.09,0.09,0.09,0.09,0.09]",./auxiliary/FuelPrices.csv,./auxiliary/tractorweightvars.csv,25,,4,1000
262,"Class 7 Box truck (BEV, 2050, no program)","[(""EPA_Ph2_rural_interstate_65mph.csv"", .17), (""EPA_Ph2_urban_highway_55mph.csv"", .29), (""EPA_Ph2_transient.csv"", .54)]",TRUE,"[36892,34042,31413,28986]",0,4,0.03,100,85,0,11,350,50,6250,80,0.07,9.5,7.2,30,15,500,1.2,0,55,7.467735503,57977,14948,0,electricity,"[0.15,0.15,0.15,0.15]",lease,0.15,0.1,1,4,Box truck,2050,FY22NoProgram,250,45,65,40,14,MDHD_noprogram_2050,,Class67Vocational_noprogram_2050,FALSE,0.001,500,120,250,,,,,TRUE,TRUE,TRUE,TRUE,TRUE,"[260,260,260,260,260,260,260,260,260,260]",,,FALSE,,14741,25,40,1,0,0.1,0.3,"[0.1,0.9]",24,"[0.001,0.0015,0.0020,0.0022,0.0025]",2,100000,"[0.03,0.035,0.04,0.045,0.048]","[0.09,0.09,0.09,0.09,0.09,0.09,0.09,0.09]",./auxiliary/FuelPrices.csv,./auxiliary/tractorweightvars.csv,25,,4,1000
263,"Class 7 Box truck (BEV, 2025, program success)","[(""EPA_Ph2_rural_interstate_65mph.csv"", .17), (""EPA_Ph2_urban_highway_55mph.csv"", .29), (""EPA_Ph2_transient.csv"", .54)]",TRUE,"[36892,34042,31413,28986]",0,4,0.03,100,177,0,18,300,50,6250,126,0.07,10,7.2,30,15,500,1.2,0,55,7.467735503,57977,14948,0,electricity,"[0.15,0.15,0.15,0.15]",lease,0.15,0.1,1,4,Box truck,2025,FY22TechSuccess,250,45,65,40,14,MDHD_programsuccess_2025,,Class67Vocational_programsuccess_2025,FALSE,0.001,500,120,250,,,,,TRUE,TRUE,TRUE,TRUE,TRUE,"[260,260,260,260,260,260,260,260,260,260]",,,FALSE,,14741,25,40,1,0,0.1,0.3,"[0.1,0.9]",24,"[0.001,0.0015,0.0020,0.0022,0.0025]",2,100000,"[0.03,0.035,0.04,0.045,0.048]","[0.09,0.09,0.09,0.09,0.09,0.09,0.09,0.09]",./auxiliary/FuelPrices.csv,./auxiliary/tractorweightvars.csv,25,,4,1000
264,"Class 7 Box truck (BEV, 2030, program success)","[(""EPA_Ph2_rural_interstate_65mph.csv"", .17), (""EPA_Ph2_urban_highway_55mph.csv"", .29), (""EPA_Ph2_transient.csv"", .54)]",TRUE,"[36892,34042,31413,28986]",0,4,0.03,100,84,0,13.3,300,50,6250,70,0.07,9,7.2,30,15,500,1.2,0,55,7.467735503,57977,14948,0,electricity,"[0.15,0.15,0.15,0.15]",lease,0.15,0.1,1,4,Box truck,2030,FY22TechSuccess,250,45,65,40,14,MDHD_programsuccess_2030,,Class67Vocational_programsuccess_2030,FALSE,0.001,500,120,250,,,,,TRUE,TRUE,TRUE,TRUE,TRUE,"[260,260,260,260,260,260,260,260,260,260]",,,FALSE,,14741,25,40,1,0,0.1,0.3,"[0.1,0.9]",24,"[0.001,0.0015,0.0020,0.0022,0.0025]",2,100000,"[0.03,0.035,0.04,0.045,0.048]","[0.09,0.09,0.09,0.09,0.09,0.09,0.09,0.09]",./auxiliary/FuelPrices.csv,./auxiliary/tractorweightvars.csv,25,,4,1000
265,"Class 7 Box truck (BEV, 2035, program success)","[(""EPA_Ph2_rural_interstate_65mph.csv"", .17), (""EPA_Ph2_urban_highway_55mph.csv"", .29), (""EPA_Ph2_transient.csv"", .54)]",TRUE,"[36892,34042,31413,28986]",0,4,0.03,100,70,0,10.65,250,50,6250,65,0.07,8.75,7.2,30,15,500,1.2,0,55,7.467735503,57977,14948,0,electricity,"[0.15,0.15,0.15,0.15]",lease,0.15,0.1,1,4,Box truck,2035,FY22TechSuccess,250,45,65,40,14,MDHD_programsuccess_2035,,Class67Vocational_programsuccess_2035,FALSE,0.001,500,120,250,,,,,TRUE,TRUE,TRUE,TRUE,TRUE,"[260,260,260,260,260,260,260,260,260,260]",,,FALSE,,14741,25,40,1,0,0.1,0.3,"[0.1,0.9]",24,"[0.001,0.0015,0.0020,0.0022,0.0025]",2,100000,"[0.03,0.035,0.04,0.045,0.048]","[0.09,0.09,0.09,0.09,0.09,0.09,0.09,0.09]",./auxiliary/FuelPrices.csv,./auxiliary/tractorweightvars.csv,25,,4,1000
266,"Class 7 Box truck (BEV, 2040, program success)","[(""EPA_Ph2_rural_interstate_65mph.csv"", .17), (""EPA_Ph2_urban_highway_55mph.csv"", .29), (""EPA_Ph2_transient.csv"", .54)]",TRUE,"[36892,34042,31413,28986]",0,4,0.03,100,56,0,8,200,50,6250,60,0.07,8.5,7.2,30,15,500,1.2,0,55,7.467735503,57977,14948,0,electricity,"[0.15,0.15,0.15,0.15]",lease,0.15,0.1,1,4,Box truck,2040,FY22TechSuccess,250,45,65,40,14,MDHD_programsuccess_2040,,Class67Vocational_programsuccess_2040,FALSE,0.001,500,120,250,,,,,TRUE,TRUE,TRUE,TRUE,TRUE,"[260,260,260,260,260,260,260,260,260,260]",,,FALSE,,14741,25,40,1,0,0.1,0.3,"[0.1,0.9]",24,"[0.001,0.0015,0.0020,0.0022,0.0025]",2,100000,"[0.03,0.035,0.04,0.045,0.048]","[0.09,0.09,0.09,0.09,0.09,0.09,0.09,0.09]",./auxiliary/FuelPrices.csv,./auxiliary/tractorweightvars.csv,25,,4,1000
267,"Class 7 Box truck (BEV, 2050, program success)","[(""EPA_Ph2_rural_interstate_65mph.csv"", .17), (""EPA_Ph2_urban_highway_55mph.csv"", .29), (""EPA_Ph2_transient.csv"", .54)]",TRUE,"[36892,34042,31413,28986]",0,4,0.03,100,50,0,6,133,50,6250,50,0.07,8,7.2,30,15,500,1.2,0,55,7.467735503,57977,14948,0,electricity,"[0.15,0.15,0.15,0.15]",lease,0.15,0.1,1,4,Box truck,2050,FY22TechSuccess,250,45,65,40,14,MDHD_programsuccess_2050,,Class67Vocational_programsuccess_2050,FALSE,0.001,500,120,250,,,,,TRUE,TRUE,TRUE,TRUE,TRUE,"[260,260,260,260,260,260,260,260,260,260]",,,FALSE,,14741,25,40,1,0,0.1,0.3,"[0.1,0.9]",24,"[0.001,0.0015,0.0020,0.0022,0.0025]",2,100000,"[0.03,0.035,0.04,0.045,0.048]","[0.09,0.09,0.09,0.09,0.09,0.09,0.09,0.09]",./auxiliary/FuelPrices.csv,./auxiliary/tractorweightvars.csv,25,,4,1000
268,"Class 7 Box truck (HEV, 2025, no program)","[(""EPA_Ph2_rural_interstate_65mph.csv"", .17), (""EPA_Ph2_urban_highway_55mph.csv"", .29), (""EPA_Ph2_transient.csv"", .54)]",TRUE,"[36892,34042,31413,28986]",0,4,0.03,100,440,0,23,500,50,6250,126,0.07,11,7.2,30,15,500,1.2,0,55,7.467735503,57977,14948,0,diesel,"[0.15,0.15,0.15,0.15]",lease,0.15,0.1,1,4,Box truck,2025,FY22NoProgram,250,45,65,40,14,MDHD_noprogram_2025,MDHD_medium_noprogram_2025,Class67Vocational_noprogram_2025,FALSE,0.001,50,20,100,100,350,,,FALSE,TRUE,TRUE,TRUE,TRUE,"[260,260,260,260,260,260,260,260,260,260]",,,FALSE,,14741,25,40,1,0,0.1,0.3,"[0.1,0.9]",24,"[0.001,0.0015,0.0020,0.0022,0.0025]",2,100000,"[0.03,0.035,0.04,0.045,0.048]","[0.09,0.09,0.09,0.09,0.09,0.09,0.09,0.09]",./auxiliary/FuelPrices.csv,./auxiliary/tractorweightvars.csv,25,,4,1000
269,"Class 7 Box truck (HEV, 2030, no program)","[(""EPA_Ph2_rural_interstate_65mph.csv"", .17), (""EPA_Ph2_urban_highway_55mph.csv"", .29), (""EPA_Ph2_transient.csv"", .54)]",TRUE,"[36892,34042,31413,28986]",0,4,0.03,100,400,0,18.3,500,50,6250,110,0.07,10,7.2,30,15,500,1.2,0,55,7.467735503,57977,14948,0,diesel,"[0.15,0.15,0.15,0.15]",lease,0.15,0.1,1,4,Box truck,2030,FY22NoProgram,250,45,65,40,14,MDHD_noprogram_2030,MDHD_medium_noprogram_2030,Class67Vocational_noprogram_2030,FALSE,0.001,50,20,100,100,350,,,FALSE,TRUE,TRUE,TRUE,TRUE,"[260,260,260,260,260,260,260,260,260,260]",,,FALSE,,14741,25,40,1,0,0.1,0.3,"[0.1,0.9]",24,"[0.001,0.0015,0.0020,0.0022,0.0025]",2,100000,"[0.03,0.035,0.04,0.045,0.048]","[0.09,0.09,0.09,0.09,0.09,0.09,0.09,0.09]",./auxiliary/FuelPrices.csv,./auxiliary/tractorweightvars.csv,25,,4,1000
270,"Class 7 Box truck (HEV, 2035, no program)","[(""EPA_Ph2_rural_interstate_65mph.csv"", .17), (""EPA_Ph2_urban_highway_55mph.csv"", .29), (""EPA_Ph2_transient.csv"", .54)]",TRUE,"[36892,34042,31413,28986]",0,4,0.03,100,370,0,15.65,450,50,6250,95,0.07,9.75,7.2,30,15,500,1.2,0,55,7.467735503,57977,14948,0,diesel,"[0.15,0.15,0.15,0.15]",lease,0.15,0.1,1,4,Box truck,2035,FY22NoProgram,250,45,65,40,14,MDHD_noprogram_2035,MDHD_medium_noprogram_2035,Class67Vocational_noprogram_2035,FALSE,0.001,50,20,100,100,350,,,FALSE,TRUE,TRUE,TRUE,TRUE,"[260,260,260,260,260,260,260,260,260,260]",,,FALSE,,14741,25,40,1,0,0.1,0.3,"[0.1,0.9]",24,"[0.001,0.0015,0.0020,0.0022,0.0025]",2,100000,"[0.03,0.035,0.04,0.045,0.048]","[0.09,0.09,0.09,0.09,0.09,0.09,0.09,0.09]",./auxiliary/FuelPrices.csv,./auxiliary/tractorweightvars.csv,25,,4,1000
271,"Class 7 Box truck (HEV, 2040, no program)","[(""EPA_Ph2_rural_interstate_65mph.csv"", .17), (""EPA_Ph2_urban_highway_55mph.csv"", .29), (""EPA_Ph2_transient.csv"", .54)]",TRUE,"[36892,34042,31413,28986]",0,4,0.03,100,340,0,13,400,50,6250,80,0.07,9.5,7.2,30,15,500,1.2,0,55,7.467735503,57977,14948,0,diesel,"[0.15,0.15,0.15,0.15]",lease,0.15,0.1,1,4,Box truck,2040,FY22NoProgram,250,45,65,40,14,MDHD_noprogram_2040,MDHD_medium_noprogram_2040,Class67Vocational_noprogram_2040,FALSE,0.001,50,20,100,100,350,,,FALSE,TRUE,TRUE,TRUE,TRUE,"[260,260,260,260,260,260,260,260,260,260]",,,FALSE,,14741,25,40,1,0,0.1,0.3,"[0.1,0.9]",24,"[0.001,0.0015,0.0020,0.0022,0.0025]",2,100000,"[0.03,0.035,0.04,0.045,0.048]","[0.09,0.09,0.09,0.09,0.09,0.09,0.09,0.09]",./auxiliary/FuelPrices.csv,./auxiliary/tractorweightvars.csv,25,,4,1000
272,"Class 7 Box truck (HEV, 2050, no program)","[(""EPA_Ph2_rural_interstate_65mph.csv"", .17), (""EPA_Ph2_urban_highway_55mph.csv"", .29), (""EPA_Ph2_transient.csv"", .54)]",TRUE,"[36892,34042,31413,28986]",0,4,0.03,100,320,0,11,350,50,6250,80,0.07,9.5,7.2,30,15,500,1.2,0,55,7.467735503,57977,14948,0,diesel,"[0.15,0.15,0.15,0.15]",lease,0.15,0.1,1,4,Box truck,2050,FY22NoProgram,250,45,65,40,14,MDHD_noprogram_2050,MDHD_medium_noprogram_2050,Class67Vocational_noprogram_2050,FALSE,0.001,50,20,100,100,350,,,FALSE,TRUE,TRUE,TRUE,TRUE,"[260,260,260,260,260,260,260,260,260,260]",,,FALSE,,14741,25,40,1,0,0.1,0.3,"[0.1,0.9]",24,"[0.001,0.0015,0.0020,0.0022,0.0025]",2,100000,"[0.03,0.035,0.04,0.045,0.048]","[0.09,0.09,0.09,0.09,0.09,0.09,0.09,0.09]",./auxiliary/FuelPrices.csv,./auxiliary/tractorweightvars.csv,25,,4,1000
273,"Class 7 Box truck (HEV, 2025, program success)","[(""EPA_Ph2_rural_interstate_65mph.csv"", .17), (""EPA_Ph2_urban_highway_55mph.csv"", .29), (""EPA_Ph2_transient.csv"", .54)]",TRUE,"[36892,34042,31413,28986]",0,4,0.03,100,420,0,18,300,50,6250,126,0.07,10,7.2,30,15,500,1.2,0,55,7.467735503,57977,14948,0,diesel,"[0.15,0.15,0.15,0.15]",lease,0.15,0.1,1,4,Box truck,2025,FY22TechSuccess,250,45,65,40,14,MDHD_programsuccess_2025,MDHD_medium_programsuccess_2025,Class67Vocational_programsuccess_2025,FALSE,0.001,50,20,100,100,350,,,FALSE,TRUE,TRUE,TRUE,TRUE,"[260,260,260,260,260,260,260,260,260,260]",,,FALSE,,14741,25,40,1,0,0.1,0.3,"[0.1,0.9]",24,"[0.001,0.0015,0.0020,0.0022,0.0025]",2,100000,"[0.03,0.035,0.04,0.045,0.048]","[0.09,0.09,0.09,0.09,0.09,0.09,0.09,0.09]",./auxiliary/FuelPrices.csv,./auxiliary/tractorweightvars.csv,25,,4,1000
274,"Class 7 Box truck (HEV, 2030, program success)","[(""EPA_Ph2_rural_interstate_65mph.csv"", .17), (""EPA_Ph2_urban_highway_55mph.csv"", .29), (""EPA_Ph2_transient.csv"", .54)]",TRUE,"[36892,34042,31413,28986]",0,4,0.03,100,340,0,13.3,300,50,6250,70,0.07,9,7.2,30,15,500,1.2,0,55,7.467735503,57977,14948,0,diesel,"[0.15,0.15,0.15,0.15]",lease,0.15,0.1,1,4,Box truck,2030,FY22TechSuccess,250,45,65,40,14,MDHD_programsuccess_2030,MDHD_medium_programsuccess_2030,Class67Vocational_programsuccess_2030,FALSE,0.001,50,20,100,100,350,,,FALSE,TRUE,TRUE,TRUE,TRUE,"[260,260,260,260,260,260,260,260,260,260]",,,FALSE,,14741,25,40,1,0,0.1,0.3,"[0.1,0.9]",24,"[0.001,0.0015,0.0020,0.0022,0.0025]",2,100000,"[0.03,0.035,0.04,0.045,0.048]","[0.09,0.09,0.09,0.09,0.09,0.09,0.09,0.09]",./auxiliary/FuelPrices.csv,./auxiliary/tractorweightvars.csv,25,,4,1000
275,"Class 7 Box truck (HEV, 2035, program success)","[(""EPA_Ph2_rural_interstate_65mph.csv"", .17), (""EPA_Ph2_urban_highway_55mph.csv"", .29), (""EPA_Ph2_transient.csv"", .54)]",TRUE,"[36892,34042,31413,28986]",0,4,0.03,100,290,0,10.65,250,50,6250,65,0.07,8.75,7.2,30,15,500,1.2,0,55,7.467735503,57977,14948,0,diesel,"[0.15,0.15,0.15,0.15]",lease,0.15,0.1,1,4,Box truck,2035,FY22TechSuccess,250,45,65,40,14,MDHD_programsuccess_2035,MDHD_medium_programsuccess_2035,Class67Vocational_programsuccess_2035,FALSE,0.001,50,20,100,100,350,,,FALSE,TRUE,TRUE,TRUE,TRUE,"[260,260,260,260,260,260,260,260,260,260]",,,FALSE,,14741,25,40,1,0,0.1,0.3,"[0.1,0.9]",24,"[0.001,0.0015,0.0020,0.0022,0.0025]",2,100000,"[0.03,0.035,0.04,0.045,0.048]","[0.09,0.09,0.09,0.09,0.09,0.09,0.09,0.09]",./auxiliary/FuelPrices.csv,./auxiliary/tractorweightvars.csv,25,,4,1000
276,"Class 7 Box truck (HEV, 2040, program success)","[(""EPA_Ph2_rural_interstate_65mph.csv"", .17), (""EPA_Ph2_urban_highway_55mph.csv"", .29), (""EPA_Ph2_transient.csv"", .54)]",TRUE,"[36892,34042,31413,28986]",0,4,0.03,100,240,0,8,200,50,6250,60,0.07,8.5,7.2,30,15,500,1.2,0,55,7.467735503,57977,14948,0,diesel,"[0.15,0.15,0.15,0.15]",lease,0.15,0.1,1,4,Box truck,2040,FY22TechSuccess,250,45,65,40,14,MDHD_programsuccess_2040,MDHD_medium_programsuccess_2040,Class67Vocational_programsuccess_2040,FALSE,0.001,50,20,100,100,350,,,FALSE,TRUE,TRUE,TRUE,TRUE,"[260,260,260,260,260,260,260,260,260,260]",,,FALSE,,14741,25,40,1,0,0.1,0.3,"[0.1,0.9]",24,"[0.001,0.0015,0.0020,0.0022,0.0025]",2,100000,"[0.03,0.035,0.04,0.045,0.048]","[0.09,0.09,0.09,0.09,0.09,0.09,0.09,0.09]",./auxiliary/FuelPrices.csv,./auxiliary/tractorweightvars.csv,25,,4,1000
277,"Class 7 Box truck (HEV, 2050, program success)","[(""EPA_Ph2_rural_interstate_65mph.csv"", .17), (""EPA_Ph2_urban_highway_55mph.csv"", .29), (""EPA_Ph2_transient.csv"", .54)]",TRUE,"[36892,34042,31413,28986]",0,4,0.03,100,200,0,6,133,50,6250,50,0.07,8,7.2,30,15,500,1.2,0,55,7.467735503,57977,14948,0,diesel,"[0.15,0.15,0.15,0.15]",lease,0.15,0.1,1,4,Box truck,2050,FY22TechSuccess,250,45,65,40,14,MDHD_programsuccess_2050,MDHD_medium_programsuccess_2050,Class67Vocational_programsuccess_2050,FALSE,0.001,50,20,100,100,350,,,FALSE,TRUE,TRUE,TRUE,TRUE,"[260,260,260,260,260,260,260,260,260,260]",,,FALSE,,14741,25,40,1,0,0.1,0.3,"[0.1,0.9]",24,"[0.001,0.0015,0.0020,0.0022,0.0025]",2,100000,"[0.03,0.035,0.04,0.045,0.048]","[0.09,0.09,0.09,0.09,0.09,0.09,0.09,0.09]",./auxiliary/FuelPrices.csv,./auxiliary/tractorweightvars.csv,25,,4,1000
278,"Class 7 Box truck (FCEV, 2025, no program)","[(""EPA_Ph2_rural_interstate_65mph.csv"", .17), (""EPA_Ph2_urban_highway_55mph.csv"", .29), (""EPA_Ph2_transient.csv"", .54)]",TRUE,"[36892,34042,31413,28986]",0,4,0.03,100,440,0,23,500,50,6250,126,0.07,11,7.2,30,15,500,1.2,0,55,7.467735503,57977,14948,0,hydrogen,"[0.15,0.15,0.15,0.15]",lease,0.15,0.1,1,4,Box truck,2025,FY22NoProgram,250,45,65,40,14,MDHD_noprogram_2025,,Class67Vocational_noprogram_2025,FALSE,0.001,50,50,350,100,350,100,1000,TRUE,TRUE,TRUE,TRUE,TRUE,"[260,260,260,260,260,260,260,260,260,260]",,,FALSE,,14741,25,40,1,0,0.1,0.3,"[0.1,0.9]",24,"[0.001,0.0015,0.0020,0.0022,0.0025]",2,100000,"[0.03,0.035,0.04,0.045,0.048]","[0.09,0.09,0.09,0.09,0.09,0.09,0.09,0.09]",./auxiliary/FuelPrices.csv,./auxiliary/tractorweightvars.csv,25,,4,1000
279,"Class 7 Box truck (FCEV, 2030, no program)","[(""EPA_Ph2_rural_interstate_65mph.csv"", .17), (""EPA_Ph2_urban_highway_55mph.csv"", .29), (""EPA_Ph2_transient.csv"", .54)]",TRUE,"[36892,34042,31413,28986]",0,4,0.03,100,400,0,18.3,500,50,6250,110,0.07,10,7.2,30,15,500,1.2,0,55,7.467735503,57977,14948,0,hydrogen,"[0.15,0.15,0.15,0.15]",lease,0.15,0.1,1,4,Box truck,2030,FY22NoProgram,250,45,65,40,14,MDHD_noprogram_2030,,Class67Vocational_noprogram_2030,FALSE,0.001,50,50,350,100,350,100,1000,TRUE,TRUE,TRUE,TRUE,TRUE,"[260,260,260,260,260,260,260,260,260,260]",,,FALSE,,14741,25,40,1,0,0.1,0.3,"[0.1,0.9]",24,"[0.001,0.0015,0.0020,0.0022,0.0025]",2,100000,"[0.03,0.035,0.04,0.045,0.048]","[0.09,0.09,0.09,0.09,0.09,0.09,0.09,0.09]",./auxiliary/FuelPrices.csv,./auxiliary/tractorweightvars.csv,25,,4,1000
280,"Class 7 Box truck (FCEV, 2035, no program)","[(""EPA_Ph2_rural_interstate_65mph.csv"", .17), (""EPA_Ph2_urban_highway_55mph.csv"", .29), (""EPA_Ph2_transient.csv"", .54)]",TRUE,"[36892,34042,31413,28986]",0,4,0.03,100,370,0,15.65,450,50,6250,95,0.07,9.75,7.2,30,15,500,1.2,0,55,7.467735503,57977,14948,0,hydrogen,"[0.15,0.15,0.15,0.15]",lease,0.15,0.1,1,4,Box truck,2035,FY22NoProgram,250,45,65,40,14,MDHD_noprogram_2035,,Class67Vocational_noprogram_2035,FALSE,0.001,50,50,350,100,350,100,1000,TRUE,TRUE,TRUE,TRUE,TRUE,"[260,260,260,260,260,260,260,260,260,260]",,,FALSE,,14741,25,40,1,0,0.1,0.3,"[0.1,0.9]",24,"[0.001,0.0015,0.0020,0.0022,0.0025]",2,100000,"[0.03,0.035,0.04,0.045,0.048]","[0.09,0.09,0.09,0.09,0.09,0.09,0.09,0.09]",./auxiliary/FuelPrices.csv,./auxiliary/tractorweightvars.csv,25,,4,1000
281,"Class 7 Box truck (FCEV, 2040, no program)","[(""EPA_Ph2_rural_interstate_65mph.csv"", .17), (""EPA_Ph2_urban_highway_55mph.csv"", .29), (""EPA_Ph2_transient.csv"", .54)]",TRUE,"[36892,34042,31413,28986]",0,4,0.03,100,340,0,13,400,50,6250,80,0.07,9.5,7.2,30,15,500,1.2,0,55,7.467735503,57977,14948,0,hydrogen,"[0.15,0.15,0.15,0.15]",lease,0.15,0.1,1,4,Box truck,2040,FY22NoProgram,250,45,65,40,14,MDHD_noprogram_2040,,Class67Vocational_noprogram_2040,FALSE,0.001,50,50,350,100,350,100,1000,TRUE,TRUE,TRUE,TRUE,TRUE,"[260,260,260,260,260,260,260,260,260,260]",,,FALSE,,14741,25,40,1,0,0.1,0.3,"[0.1,0.9]",24,"[0.001,0.0015,0.0020,0.0022,0.0025]",2,100000,"[0.03,0.035,0.04,0.045,0.048]","[0.09,0.09,0.09,0.09,0.09,0.09,0.09,0.09]",./auxiliary/FuelPrices.csv,./auxiliary/tractorweightvars.csv,25,,4,1000
282,"Class 7 Box truck (FCEV, 2050, no program)","[(""EPA_Ph2_rural_interstate_65mph.csv"", .17), (""EPA_Ph2_urban_highway_55mph.csv"", .29), (""EPA_Ph2_transient.csv"", .54)]",TRUE,"[36892,34042,31413,28986]",0,4,0.03,100,320,0,11,350,50,6250,80,0.07,9.5,7.2,30,15,500,1.2,0,55,7.467735503,57977,14948,0,hydrogen,"[0.15,0.15,0.15,0.15]",lease,0.15,0.1,1,4,Box truck,2050,FY22NoProgram,250,45,65,40,14,MDHD_noprogram_2050,,Class67Vocational_noprogram_2050,FALSE,0.001,50,50,350,100,350,100,1000,TRUE,TRUE,TRUE,TRUE,TRUE,"[260,260,260,260,260,260,260,260,260,260]",,,FALSE,,14741,25,40,1,0,0.1,0.3,"[0.1,0.9]",24,"[0.001,0.0015,0.0020,0.0022,0.0025]",2,100000,"[0.03,0.035,0.04,0.045,0.048]","[0.09,0.09,0.09,0.09,0.09,0.09,0.09,0.09]",./auxiliary/FuelPrices.csv,./auxiliary/tractorweightvars.csv,25,,4,1000
283,"Class 7 Box truck (FCEV, 2025, program success)","[(""EPA_Ph2_rural_interstate_65mph.csv"", .17), (""EPA_Ph2_urban_highway_55mph.csv"", .29), (""EPA_Ph2_transient.csv"", .54)]",TRUE,"[36892,34042,31413,28986]",0,4,0.03,100,420,0,18,300,50,6250,126,0.07,10,7.2,30,15,500,1.2,0,55,7.467735503,57977,14948,0,hydrogen,"[0.15,0.15,0.15,0.15]",lease,0.15,0.1,1,4,Box truck,2025,FY22TechSuccess,250,45,65,40,14,MDHD_programsuccess_2025,,Class67Vocational_programsuccess_2025,FALSE,0.001,50,50,350,100,350,100,1000,TRUE,TRUE,TRUE,TRUE,TRUE,"[260,260,260,260,260,260,260,260,260,260]",,,FALSE,,14741,25,40,1,0,0.1,0.3,"[0.1,0.9]",24,"[0.001,0.0015,0.0020,0.0022,0.0025]",2,100000,"[0.03,0.035,0.04,0.045,0.048]","[0.09,0.09,0.09,0.09,0.09,0.09,0.09,0.09]",./auxiliary/FuelPrices.csv,./auxiliary/tractorweightvars.csv,25,,4,1000
284,"Class 7 Box truck (FCEV, 2030, program success)","[(""EPA_Ph2_rural_interstate_65mph.csv"", .17), (""EPA_Ph2_urban_highway_55mph.csv"", .29), (""EPA_Ph2_transient.csv"", .54)]",TRUE,"[36892,34042,31413,28986]",0,4,0.03,100,340,0,13.3,300,50,6250,70,0.07,9,7.2,30,15,500,1.2,0,55,7.467735503,57977,14948,0,hydrogen,"[0.15,0.15,0.15,0.15]",lease,0.15,0.1,1,4,Box truck,2030,FY22TechSuccess,250,45,65,40,14,MDHD_programsuccess_2030,,Class67Vocational_programsuccess_2030,FALSE,0.001,50,50,350,100,350,100,1000,TRUE,TRUE,TRUE,TRUE,TRUE,"[260,260,260,260,260,260,260,260,260,260]",,,FALSE,,14741,25,40,1,0,0.1,0.3,"[0.1,0.9]",24,"[0.001,0.0015,0.0020,0.0022,0.0025]",2,100000,"[0.03,0.035,0.04,0.045,0.048]","[0.09,0.09,0.09,0.09,0.09,0.09,0.09,0.09]",./auxiliary/FuelPrices.csv,./auxiliary/tractorweightvars.csv,25,,4,1000
285,"Class 7 Box truck (FCEV, 2035, program success)","[(""EPA_Ph2_rural_interstate_65mph.csv"", .17), (""EPA_Ph2_urban_highway_55mph.csv"", .29), (""EPA_Ph2_transient.csv"", .54)]",TRUE,"[36892,34042,31413,28986]",0,4,0.03,100,290,0,10.65,250,50,6250,65,0.07,8.75,7.2,30,15,500,1.2,0,55,7.467735503,57977,14948,0,hydrogen,"[0.15,0.15,0.15,0.15]",lease,0.15,0.1,1,4,Box truck,2035,FY22TechSuccess,250,45,65,40,14,MDHD_programsuccess_2035,,Class67Vocational_programsuccess_2035,FALSE,0.001,50,50,350,100,350,100,1000,TRUE,TRUE,TRUE,TRUE,TRUE,"[260,260,260,260,260,260,260,260,260,260]",,,FALSE,,14741,25,40,1,0,0.1,0.3,"[0.1,0.9]",24,"[0.001,0.0015,0.0020,0.0022,0.0025]",2,100000,"[0.03,0.035,0.04,0.045,0.048]","[0.09,0.09,0.09,0.09,0.09,0.09,0.09,0.09]",./auxiliary/FuelPrices.csv,./auxiliary/tractorweightvars.csv,25,,4,1000
286,"Class 7 Box truck (FCEV, 2040, program success)","[(""EPA_Ph2_rural_interstate_65mph.csv"", .17), (""EPA_Ph2_urban_highway_55mph.csv"", .29), (""EPA_Ph2_transient.csv"", .54)]",TRUE,"[36892,34042,31413,28986]",0,4,0.03,100,240,0,8,200,50,6250,60,0.07,8.5,7.2,30,15,500,1.2,0,55,7.467735503,57977,14948,0,hydrogen,"[0.15,0.15,0.15,0.15]",lease,0.15,0.1,1,4,Box truck,2040,FY22TechSuccess,250,45,65,40,14,MDHD_programsuccess_2040,,Class67Vocational_programsuccess_2040,FALSE,0.001,50,50,350,100,350,100,1000,TRUE,TRUE,TRUE,TRUE,TRUE,"[260,260,260,260,260,260,260,260,260,260]",,,FALSE,,14741,25,40,1,0,0.1,0.3,"[0.1,0.9]",24,"[0.001,0.0015,0.0020,0.0022,0.0025]",2,100000,"[0.03,0.035,0.04,0.045,0.048]","[0.09,0.09,0.09,0.09,0.09,0.09,0.09,0.09]",./auxiliary/FuelPrices.csv,./auxiliary/tractorweightvars.csv,25,,4,1000
287,"Class 7 Box truck (FCEV, 2050, program success)","[(""EPA_Ph2_rural_interstate_65mph.csv"", .17), (""EPA_Ph2_urban_highway_55mph.csv"", .29), (""EPA_Ph2_transient.csv"", .54)]",TRUE,"[36892,34042,31413,28986]",0,4,0.03,100,200,0,6,133,50,6250,50,0.07,8,7.2,30,15,500,1.2,0,55,7.467735503,57977,14948,0,hydrogen,"[0.15,0.15,0.15,0.15]",lease,0.15,0.1,1,4,Box truck,2050,FY22TechSuccess,250,45,65,40,14,MDHD_programsuccess_2050,,Class67Vocational_programsuccess_2050,FALSE,0.001,50,50,350,100,350,100,1000,TRUE,TRUE,TRUE,TRUE,TRUE,"[260,260,260,260,260,260,260,260,260,260]",,,FALSE,,14741,25,40,1,0,0.1,0.3,"[0.1,0.9]",24,"[0.001,0.0015,0.0020,0.0022,0.0025]",2,100000,"[0.03,0.035,0.04,0.045,0.048]","[0.09,0.09,0.09,0.09,0.09,0.09,0.09,0.09]",./auxiliary/FuelPrices.csv,./auxiliary/tractorweightvars.csv,25,,4,1000
288,"Class 8 Transit bus (Diesel, 2020, no program)","[(""EPA_Ph2_rural_interstate_65mph.csv"", 0), (""EPA_Ph2_urban_highway_55mph.csv"", .1), (""EPA_Ph2_transient.csv"", .9)]",TRUE,"[64000, 64000, 64000, 64000]",0,4,0.03,100,270,0,27,750,50,6250,171,0.07,11.35,7.2,30,15,500,1.2,0,55,7.467735503,500000,19645,0,diesel,"[0.15,0.15,0.15,0.15]",lease,0.15,0.1,1,4,Transit bus,2020,FY22NoProgram,200,45,65,40,14,MDHD_noprogram_2020,MDHD_medium_noprogram_2020,,FALSE,,,,,100,400,,,FALSE,TRUE,TRUE,TRUE,FALSE,"[260,260,260,260,260,260,260,260,260,260]",,,FALSE,,14741,25,40,1,0,0.1,0.3,"[0.1,0.9]",24,"[0.001,0.0015,0.0020,0.0022,0.0025]",2,100000,"[0.03,0.035,0.04,0.045,0.048]","[0.09,0.09,0.09,0.09,0.09,0.09,0.09,0.09]",./auxiliary/FuelPrices.csv,./auxiliary/tractorweightvars.csv,25,,4,1000
289,"Class 8 Transit bus (Diesel, 2025, no program)","[(""EPA_Ph2_rural_interstate_65mph.csv"", 0), (""EPA_Ph2_urban_highway_55mph.csv"", .1), (""EPA_Ph2_transient.csv"", .9)]",TRUE,"[64000, 64000, 64000, 64000]",0,4,0.03,100,190,0,23,500,50,6250,126,0.07,11,7.2,30,15,500,1.2,0,55,7.467735503,500000,19645,0,diesel,"[0.15,0.15,0.15,0.15]",lease,0.15,0.1,1,4,Transit bus,2025,FY22NoProgram,200,45,65,40,14,MDHD_noprogram_2025,MDHD_medium_noprogram_2025,,FALSE,,,,,100,400,,,FALSE,TRUE,TRUE,TRUE,FALSE,"[260,260,260,260,260,260,260,260,260,260]",,,FALSE,,14741,25,40,1,0,0.1,0.3,"[0.1,0.9]",24,"[0.001,0.0015,0.0020,0.0022,0.0025]",2,100000,"[0.03,0.035,0.04,0.045,0.048]","[0.09,0.09,0.09,0.09,0.09,0.09,0.09,0.09]",./auxiliary/FuelPrices.csv,./auxiliary/tractorweightvars.csv,25,,4,1000
290,"Class 8 Transit bus (Diesel, 2030, no program)","[(""EPA_Ph2_rural_interstate_65mph.csv"", 0), (""EPA_Ph2_urban_highway_55mph.csv"", .1), (""EPA_Ph2_transient.csv"", .9)]",TRUE,"[64000, 64000, 64000, 64000]",0,4,0.03,100,120,0,18.3,500,50,6250,110,0.07,10,7.2,30,15,500,1.2,0,55,7.467735503,500000,19645,0,diesel,"[0.15,0.15,0.15,0.15]",lease,0.15,0.1,1,4,Transit bus,2030,FY22NoProgram,200,45,65,40,14,MDHD_noprogram_2030,MDHD_medium_noprogram_2030,,FALSE,,,,,100,400,,,FALSE,TRUE,TRUE,TRUE,FALSE,"[260,260,260,260,260,260,260,260,260,260]",,,FALSE,,14741,25,40,1,0,0.1,0.3,"[0.1,0.9]",24,"[0.001,0.0015,0.0020,0.0022,0.0025]",2,100000,"[0.03,0.035,0.04,0.045,0.048]","[0.09,0.09,0.09,0.09,0.09,0.09,0.09,0.09]",./auxiliary/FuelPrices.csv,./auxiliary/tractorweightvars.csv,25,,4,1000
291,"Class 8 Transit bus (Diesel, 2035, no program)","[(""EPA_Ph2_rural_interstate_65mph.csv"", 0), (""EPA_Ph2_urban_highway_55mph.csv"", .1), (""EPA_Ph2_transient.csv"", .9)]",TRUE,"[64000, 64000, 64000, 64000]",0,4,0.03,100,105,0,15.65,450,50,6250,95,0.07,9.75,7.2,30,15,500,1.2,0,55,7.467735503,500000,19645,0,diesel,"[0.15,0.15,0.15,0.15]",lease,0.15,0.1,1,4,Transit bus,2035,FY22NoProgram,200,45,65,40,14,MDHD_noprogram_2035,MDHD_medium_noprogram_2035,,FALSE,,,,,100,400,,,FALSE,TRUE,TRUE,TRUE,FALSE,"[260,260,260,260,260,260,260,260,260,260]",,,FALSE,,14741,25,40,1,0,0.1,0.3,"[0.1,0.9]",24,"[0.001,0.0015,0.0020,0.0022,0.0025]",2,100000,"[0.03,0.035,0.04,0.045,0.048]","[0.09,0.09,0.09,0.09,0.09,0.09,0.09,0.09]",./auxiliary/FuelPrices.csv,./auxiliary/tractorweightvars.csv,25,,4,1000
292,"Class 8 Transit bus (Diesel, 2040, no program)","[(""EPA_Ph2_rural_interstate_65mph.csv"", 0), (""EPA_Ph2_urban_highway_55mph.csv"", .1), (""EPA_Ph2_transient.csv"", .9)]",TRUE,"[64000, 64000, 64000, 64000]",0,4,0.03,100,90,0,13,400,50,6250,80,0.07,9.5,7.2,30,15,500,1.2,0,55,7.467735503,500000,19645,0,diesel,"[0.15,0.15,0.15,0.15]",lease,0.15,0.1,1,4,Transit bus,2040,FY22NoProgram,200,45,65,40,14,MDHD_noprogram_2040,MDHD_medium_noprogram_2040,,FALSE,,,,,100,400,,,FALSE,TRUE,TRUE,TRUE,FALSE,"[260,260,260,260,260,260,260,260,260,260]",,,FALSE,,14741,25,40,1,0,0.1,0.3,"[0.1,0.9]",24,"[0.001,0.0015,0.0020,0.0022,0.0025]",2,100000,"[0.03,0.035,0.04,0.045,0.048]","[0.09,0.09,0.09,0.09,0.09,0.09,0.09,0.09]",./auxiliary/FuelPrices.csv,./auxiliary/tractorweightvars.csv,25,,4,1000
293,"Class 8 Transit bus (Diesel, 2050, no program)","[(""EPA_Ph2_rural_interstate_65mph.csv"", 0), (""EPA_Ph2_urban_highway_55mph.csv"", .1), (""EPA_Ph2_transient.csv"", .9)]",TRUE,"[64000, 64000, 64000, 64000]",0,4,0.03,100,85,0,11,350,50,6250,80,0.07,9.5,7.2,30,15,500,1.2,0,55,7.467735503,500000,19645,0,diesel,"[0.15,0.15,0.15,0.15]",lease,0.15,0.1,1,4,Transit bus,2050,FY22NoProgram,200,45,65,40,14,MDHD_noprogram_2050,MDHD_medium_noprogram_2050,,FALSE,,,,,100,400,,,FALSE,TRUE,TRUE,TRUE,FALSE,"[260,260,260,260,260,260,260,260,260,260]",,,FALSE,,14741,25,40,1,0,0.1,0.3,"[0.1,0.9]",24,"[0.001,0.0015,0.0020,0.0022,0.0025]",2,100000,"[0.03,0.035,0.04,0.045,0.048]","[0.09,0.09,0.09,0.09,0.09,0.09,0.09,0.09]",./auxiliary/FuelPrices.csv,./auxiliary/tractorweightvars.csv,25,,4,1000
294,"Class 8 Transit bus (Diesel, 2025, program success)","[(""EPA_Ph2_rural_interstate_65mph.csv"", 0), (""EPA_Ph2_urban_highway_55mph.csv"", .1), (""EPA_Ph2_transient.csv"", .9)]",TRUE,"[64000, 64000, 64000, 64000]",0,4,0.03,100,177,0,18,300,50,6250,126,0.07,10,7.2,30,15,500,1.2,0,55,7.467735503,500000,19645,0,diesel,"[0.15,0.15,0.15,0.15]",lease,0.15,0.1,1,4,Transit bus,2025,FY22TechSuccess,200,45,65,40,14,MDHD_programsuccess_2025,MDHD_medium_programsuccess_2025,,FALSE,,,,,100,400,,,FALSE,TRUE,TRUE,TRUE,FALSE,"[260,260,260,260,260,260,260,260,260,260]",,,FALSE,,14741,25,40,1,0,0.1,0.3,"[0.1,0.9]",24,"[0.001,0.0015,0.0020,0.0022,0.0025]",2,100000,"[0.03,0.035,0.04,0.045,0.048]","[0.09,0.09,0.09,0.09,0.09,0.09,0.09,0.09]",./auxiliary/FuelPrices.csv,./auxiliary/tractorweightvars.csv,25,,4,1000
295,"Class 8 Transit bus (Diesel, 2030, program success)","[(""EPA_Ph2_rural_interstate_65mph.csv"", 0), (""EPA_Ph2_urban_highway_55mph.csv"", .1), (""EPA_Ph2_transient.csv"", .9)]",TRUE,"[64000, 64000, 64000, 64000]",0,4,0.03,100,84,0,13.3,300,50,6250,70,0.07,9,7.2,30,15,500,1.2,0,55,7.467735503,500000,19645,0,diesel,"[0.15,0.15,0.15,0.15]",lease,0.15,0.1,1,4,Transit bus,2030,FY22TechSuccess,200,45,65,40,14,MDHD_programsuccess_2030,MDHD_medium_programsuccess_2030,,FALSE,,,,,100,400,,,FALSE,TRUE,TRUE,TRUE,FALSE,"[260,260,260,260,260,260,260,260,260,260]",,,FALSE,,14741,25,40,1,0,0.1,0.3,"[0.1,0.9]",24,"[0.001,0.0015,0.0020,0.0022,0.0025]",2,100000,"[0.03,0.035,0.04,0.045,0.048]","[0.09,0.09,0.09,0.09,0.09,0.09,0.09,0.09]",./auxiliary/FuelPrices.csv,./auxiliary/tractorweightvars.csv,25,,4,1000
296,"Class 8 Transit bus (Diesel, 2035, program success)","[(""EPA_Ph2_rural_interstate_65mph.csv"", 0), (""EPA_Ph2_urban_highway_55mph.csv"", .1), (""EPA_Ph2_transient.csv"", .9)]",TRUE,"[64000, 64000, 64000, 64000]",0,4,0.03,100,70,0,10.65,250,50,6250,65,0.07,8.75,7.2,30,15,500,1.2,0,55,7.467735503,500000,19645,0,diesel,"[0.15,0.15,0.15,0.15]",lease,0.15,0.1,1,4,Transit bus,2035,FY22TechSuccess,200,45,65,40,14,MDHD_programsuccess_2035,MDHD_medium_programsuccess_2035,,FALSE,,,,,100,400,,,FALSE,TRUE,TRUE,TRUE,FALSE,"[260,260,260,260,260,260,260,260,260,260]",,,FALSE,,14741,25,40,1,0,0.1,0.3,"[0.1,0.9]",24,"[0.001,0.0015,0.0020,0.0022,0.0025]",2,100000,"[0.03,0.035,0.04,0.045,0.048]","[0.09,0.09,0.09,0.09,0.09,0.09,0.09,0.09]",./auxiliary/FuelPrices.csv,./auxiliary/tractorweightvars.csv,25,,4,1000
297,"Class 8 Transit bus (Diesel, 2040, program success)","[(""EPA_Ph2_rural_interstate_65mph.csv"", 0), (""EPA_Ph2_urban_highway_55mph.csv"", .1), (""EPA_Ph2_transient.csv"", .9)]",TRUE,"[64000, 64000, 64000, 64000]",0,4,0.03,100,56,0,8,200,50,6250,60,0.07,8.5,7.2,30,15,500,1.2,0,55,7.467735503,500000,19645,0,diesel,"[0.15,0.15,0.15,0.15]",lease,0.15,0.1,1,4,Transit bus,2040,FY22TechSuccess,200,45,65,40,14,MDHD_programsuccess_2040,MDHD_medium_programsuccess_2040,,FALSE,,,,,100,400,,,FALSE,TRUE,TRUE,TRUE,FALSE,"[260,260,260,260,260,260,260,260,260,260]",,,FALSE,,14741,25,40,1,0,0.1,0.3,"[0.1,0.9]",24,"[0.001,0.0015,0.0020,0.0022,0.0025]",2,100000,"[0.03,0.035,0.04,0.045,0.048]","[0.09,0.09,0.09,0.09,0.09,0.09,0.09,0.09]",./auxiliary/FuelPrices.csv,./auxiliary/tractorweightvars.csv,25,,4,1000
298,"Class 8 Transit bus (Diesel, 2050, program success)","[(""EPA_Ph2_rural_interstate_65mph.csv"", 0), (""EPA_Ph2_urban_highway_55mph.csv"", .1), (""EPA_Ph2_transient.csv"", .9)]",TRUE,"[64000, 64000, 64000, 64000]",0,4,0.03,100,50,0,6,133,50,6250,50,0.07,8,7.2,30,15,500,1.2,0,55,7.467735503,500000,19645,0,diesel,"[0.15,0.15,0.15,0.15]",lease,0.15,0.1,1,4,Transit bus,2050,FY22TechSuccess,200,45,65,40,14,MDHD_programsuccess_2050,MDHD_medium_programsuccess_2050,,FALSE,,,,,100,400,,,FALSE,TRUE,TRUE,TRUE,FALSE,"[260,260,260,260,260,260,260,260,260,260]",,,FALSE,,14741,25,40,1,0,0.1,0.3,"[0.1,0.9]",24,"[0.001,0.0015,0.0020,0.0022,0.0025]",2,100000,"[0.03,0.035,0.04,0.045,0.048]","[0.09,0.09,0.09,0.09,0.09,0.09,0.09,0.09]",./auxiliary/FuelPrices.csv,./auxiliary/tractorweightvars.csv,25,,4,1000
299,"Class 8 Transit bus (BEV, 2020, no program)","[(""EPA_Ph2_rural_interstate_65mph.csv"", 0), (""EPA_Ph2_urban_highway_55mph.csv"", .1), (""EPA_Ph2_transient.csv"", .9)]",TRUE,"[64000, 64000, 64000, 64000]",0,4,0.03,100,270,0,27,750,50,6250,171,0.07,11.35,7.2,30,15,500,1.2,0,55,7.467735503,500000,19645,0,electricity,"[0.15,0.15,0.15,0.15]",lease,0.15,0.1,1,4,Transit bus,2020,FY22NoProgram,200,45,65,40,14,MDHD_noprogram_2020,,,FALSE,100,500,100,400,,,,,TRUE,TRUE,TRUE,TRUE,TRUE,"[260,260,260,260,260,260,260,260,260,260]",,,FALSE,,14741,25,40,1,0,0.1,0.3,"[0.1,0.9]",24,"[0.001,0.0015,0.0020,0.0022,0.0025]",2,100000,"[0.03,0.035,0.04,0.045,0.048]","[0.09,0.09,0.09,0.09,0.09,0.09,0.09,0.09]",./auxiliary/FuelPrices.csv,./auxiliary/tractorweightvars.csv,25,,4,1000
300,"Class 8 Transit bus (BEV, 2025, no program)","[(""EPA_Ph2_rural_interstate_65mph.csv"", 0), (""EPA_Ph2_urban_highway_55mph.csv"", .1), (""EPA_Ph2_transient.csv"", .9)]",TRUE,"[64000, 64000, 64000, 64000]",0,4,0.03,100,190,0,23,500,50,6250,126,0.07,11,7.2,30,15,500,1.2,0,55,7.467735503,500000,19645,0,electricity,"[0.15,0.15,0.15,0.15]",lease,0.15,0.1,1,4,Transit bus,2025,FY22NoProgram,200,45,65,40,14,MDHD_noprogram_2025,,,FALSE,100,500,100,400,,,,,TRUE,TRUE,TRUE,TRUE,TRUE,"[260,260,260,260,260,260,260,260,260,260]",,,FALSE,,14741,25,40,1,0,0.1,0.3,"[0.1,0.9]",24,"[0.001,0.0015,0.0020,0.0022,0.0025]",2,100000,"[0.03,0.035,0.04,0.045,0.048]","[0.09,0.09,0.09,0.09,0.09,0.09,0.09,0.09]",./auxiliary/FuelPrices.csv,./auxiliary/tractorweightvars.csv,25,,4,1000
301,"Class 8 Transit bus (BEV, 2030, no program)","[(""EPA_Ph2_rural_interstate_65mph.csv"", 0), (""EPA_Ph2_urban_highway_55mph.csv"", .1), (""EPA_Ph2_transient.csv"", .9)]",TRUE,"[64000, 64000, 64000, 64000]",0,4,0.03,100,120,0,18.3,500,50,6250,110,0.07,10,7.2,30,15,500,1.2,0,55,7.467735503,500000,19645,0,electricity,"[0.15,0.15,0.15,0.15]",lease,0.15,0.1,1,4,Transit bus,2030,FY22NoProgram,200,45,65,40,14,MDHD_noprogram_2030,,,FALSE,100,500,100,400,,,,,TRUE,TRUE,TRUE,TRUE,TRUE,"[260,260,260,260,260,260,260,260,260,260]",,,FALSE,,14741,25,40,1,0,0.1,0.3,"[0.1,0.9]",24,"[0.001,0.0015,0.0020,0.0022,0.0025]",2,100000,"[0.03,0.035,0.04,0.045,0.048]","[0.09,0.09,0.09,0.09,0.09,0.09,0.09,0.09]",./auxiliary/FuelPrices.csv,./auxiliary/tractorweightvars.csv,25,,4,1000
302,"Class 8 Transit bus (BEV, 2035, no program)","[(""EPA_Ph2_rural_interstate_65mph.csv"", 0), (""EPA_Ph2_urban_highway_55mph.csv"", .1), (""EPA_Ph2_transient.csv"", .9)]",TRUE,"[64000, 64000, 64000, 64000]",0,4,0.03,100,105,0,15.65,450,50,6250,95,0.07,9.75,7.2,30,15,500,1.2,0,55,7.467735503,500000,19645,0,electricity,"[0.15,0.15,0.15,0.15]",lease,0.15,0.1,1,4,Transit bus,2035,FY22NoProgram,200,45,65,40,14,MDHD_noprogram_2035,,,FALSE,100,500,100,400,,,,,TRUE,TRUE,TRUE,TRUE,TRUE,"[260,260,260,260,260,260,260,260,260,260]",,,FALSE,,14741,25,40,1,0,0.1,0.3,"[0.1,0.9]",24,"[0.001,0.0015,0.0020,0.0022,0.0025]",2,100000,"[0.03,0.035,0.04,0.045,0.048]","[0.09,0.09,0.09,0.09,0.09,0.09,0.09,0.09]",./auxiliary/FuelPrices.csv,./auxiliary/tractorweightvars.csv,25,,4,1000
303,"Class 8 Transit bus (BEV, 2040, no program)","[(""EPA_Ph2_rural_interstate_65mph.csv"", 0), (""EPA_Ph2_urban_highway_55mph.csv"", .1), (""EPA_Ph2_transient.csv"", .9)]",TRUE,"[64000, 64000, 64000, 64000]",0,4,0.03,100,90,0,13,400,50,6250,80,0.07,9.5,7.2,30,15,500,1.2,0,55,7.467735503,500000,19645,0,electricity,"[0.15,0.15,0.15,0.15]",lease,0.15,0.1,1,4,Transit bus,2040,FY22NoProgram,200,45,65,40,14,MDHD_noprogram_2040,,,FALSE,100,500,100,400,,,,,TRUE,TRUE,TRUE,TRUE,TRUE,"[260,260,260,260,260,260,260,260,260,260]",,,FALSE,,14741,25,40,1,0,0.1,0.3,"[0.1,0.9]",24,"[0.001,0.0015,0.0020,0.0022,0.0025]",2,100000,"[0.03,0.035,0.04,0.045,0.048]","[0.09,0.09,0.09,0.09,0.09,0.09,0.09,0.09]",./auxiliary/FuelPrices.csv,./auxiliary/tractorweightvars.csv,25,,4,1000
304,"Class 8 Transit bus (BEV, 2050, no program)","[(""EPA_Ph2_rural_interstate_65mph.csv"", 0), (""EPA_Ph2_urban_highway_55mph.csv"", .1), (""EPA_Ph2_transient.csv"", .9)]",TRUE,"[64000, 64000, 64000, 64000]",0,4,0.03,100,85,0,11,350,50,6250,80,0.07,9.5,7.2,30,15,500,1.2,0,55,7.467735503,500000,19645,0,electricity,"[0.15,0.15,0.15,0.15]",lease,0.15,0.1,1,4,Transit bus,2050,FY22NoProgram,200,45,65,40,14,MDHD_noprogram_2050,,,FALSE,100,500,100,400,,,,,TRUE,TRUE,TRUE,TRUE,TRUE,"[260,260,260,260,260,260,260,260,260,260]",,,FALSE,,14741,25,40,1,0,0.1,0.3,"[0.1,0.9]",24,"[0.001,0.0015,0.0020,0.0022,0.0025]",2,100000,"[0.03,0.035,0.04,0.045,0.048]","[0.09,0.09,0.09,0.09,0.09,0.09,0.09,0.09]",./auxiliary/FuelPrices.csv,./auxiliary/tractorweightvars.csv,25,,4,1000
305,"Class 8 Transit bus (BEV, 2025, program success)","[(""EPA_Ph2_rural_interstate_65mph.csv"", 0), (""EPA_Ph2_urban_highway_55mph.csv"", .1), (""EPA_Ph2_transient.csv"", .9)]",TRUE,"[64000, 64000, 64000, 64000]",0,4,0.03,100,177,0,18,300,50,6250,126,0.07,10,7.2,30,15,500,1.2,0,55,7.467735503,500000,19645,0,electricity,"[0.15,0.15,0.15,0.15]",lease,0.15,0.1,1,4,Transit bus,2025,FY22TechSuccess,200,45,65,40,14,MDHD_programsuccess_2025,,,FALSE,100,500,100,400,,,,,TRUE,TRUE,TRUE,TRUE,TRUE,"[260,260,260,260,260,260,260,260,260,260]",,,FALSE,,14741,25,40,1,0,0.1,0.3,"[0.1,0.9]",24,"[0.001,0.0015,0.0020,0.0022,0.0025]",2,100000,"[0.03,0.035,0.04,0.045,0.048]","[0.09,0.09,0.09,0.09,0.09,0.09,0.09,0.09]",./auxiliary/FuelPrices.csv,./auxiliary/tractorweightvars.csv,25,,4,1000
306,"Class 8 Transit bus (BEV, 2030, program success)","[(""EPA_Ph2_rural_interstate_65mph.csv"", 0), (""EPA_Ph2_urban_highway_55mph.csv"", .1), (""EPA_Ph2_transient.csv"", .9)]",TRUE,"[64000, 64000, 64000, 64000]",0,4,0.03,100,84,0,13.3,300,50,6250,70,0.07,9,7.2,30,15,500,1.2,0,55,7.467735503,500000,19645,0,electricity,"[0.15,0.15,0.15,0.15]",lease,0.15,0.1,1,4,Transit bus,2030,FY22TechSuccess,200,45,65,40,14,MDHD_programsuccess_2030,,,FALSE,100,500,100,400,,,,,TRUE,TRUE,TRUE,TRUE,TRUE,"[260,260,260,260,260,260,260,260,260,260]",,,FALSE,,14741,25,40,1,0,0.1,0.3,"[0.1,0.9]",24,"[0.001,0.0015,0.0020,0.0022,0.0025]",2,100000,"[0.03,0.035,0.04,0.045,0.048]","[0.09,0.09,0.09,0.09,0.09,0.09,0.09,0.09]",./auxiliary/FuelPrices.csv,./auxiliary/tractorweightvars.csv,25,,4,1000
307,"Class 8 Transit bus (BEV, 2035, program success)","[(""EPA_Ph2_rural_interstate_65mph.csv"", 0), (""EPA_Ph2_urban_highway_55mph.csv"", .1), (""EPA_Ph2_transient.csv"", .9)]",TRUE,"[64000, 64000, 64000, 64000]",0,4,0.03,100,70,0,10.65,250,50,6250,65,0.07,8.75,7.2,30,15,500,1.2,0,55,7.467735503,500000,19645,0,electricity,"[0.15,0.15,0.15,0.15]",lease,0.15,0.1,1,4,Transit bus,2035,FY22TechSuccess,200,45,65,40,14,MDHD_programsuccess_2035,,,FALSE,100,500,100,400,,,,,TRUE,TRUE,TRUE,TRUE,TRUE,"[260,260,260,260,260,260,260,260,260,260]",,,FALSE,,14741,25,40,1,0,0.1,0.3,"[0.1,0.9]",24,"[0.001,0.0015,0.0020,0.0022,0.0025]",2,100000,"[0.03,0.035,0.04,0.045,0.048]","[0.09,0.09,0.09,0.09,0.09,0.09,0.09,0.09]",./auxiliary/FuelPrices.csv,./auxiliary/tractorweightvars.csv,25,,4,1000
308,"Class 8 Transit bus (BEV, 2040, program success)","[(""EPA_Ph2_rural_interstate_65mph.csv"", 0), (""EPA_Ph2_urban_highway_55mph.csv"", .1), (""EPA_Ph2_transient.csv"", .9)]",TRUE,"[64000, 64000, 64000, 64000]",0,4,0.03,100,56,0,8,200,50,6250,60,0.07,8.5,7.2,30,15,500,1.2,0,55,7.467735503,500000,19645,0,electricity,"[0.15,0.15,0.15,0.15]",lease,0.15,0.1,1,4,Transit bus,2040,FY22TechSuccess,200,45,65,40,14,MDHD_programsuccess_2040,,,FALSE,100,500,100,400,,,,,TRUE,TRUE,TRUE,TRUE,TRUE,"[260,260,260,260,260,260,260,260,260,260]",,,FALSE,,14741,25,40,1,0,0.1,0.3,"[0.1,0.9]",24,"[0.001,0.0015,0.0020,0.0022,0.0025]",2,100000,"[0.03,0.035,0.04,0.045,0.048]","[0.09,0.09,0.09,0.09,0.09,0.09,0.09,0.09]",./auxiliary/FuelPrices.csv,./auxiliary/tractorweightvars.csv,25,,4,1000
309,"Class 8 Transit bus (BEV, 2050, program success)","[(""EPA_Ph2_rural_interstate_65mph.csv"", 0), (""EPA_Ph2_urban_highway_55mph.csv"", .1), (""EPA_Ph2_transient.csv"", .9)]",TRUE,"[64000, 64000, 64000, 64000]",0,4,0.03,100,50,0,6,133,50,6250,50,0.07,8,7.2,30,15,500,1.2,0,55,7.467735503,500000,19645,0,electricity,"[0.15,0.15,0.15,0.15]",lease,0.15,0.1,1,4,Transit bus,2050,FY22TechSuccess,200,45,65,40,14,MDHD_programsuccess_2050,,,FALSE,100,500,100,400,,,,,TRUE,TRUE,TRUE,TRUE,TRUE,"[260,260,260,260,260,260,260,260,260,260]",,,FALSE,,14741,25,40,1,0,0.1,0.3,"[0.1,0.9]",24,"[0.001,0.0015,0.0020,0.0022,0.0025]",2,100000,"[0.03,0.035,0.04,0.045,0.048]","[0.09,0.09,0.09,0.09,0.09,0.09,0.09,0.09]",./auxiliary/FuelPrices.csv,./auxiliary/tractorweightvars.csv,25,,4,1000
310,"Class 8 Transit bus (HEV, 2025, no program)","[(""EPA_Ph2_rural_interstate_65mph.csv"", 0), (""EPA_Ph2_urban_highway_55mph.csv"", .1), (""EPA_Ph2_transient.csv"", .9)]",TRUE,"[64000, 64000, 64000, 64000]",0,4,0.03,100,440,0,23,500,50,6250,126,0.07,11,7.2,30,15,500,1.2,0,55,7.467735503,500000,19645,0,diesel,"[0.15,0.15,0.15,0.15]",lease,0.15,0.1,1,4,Transit bus,2025,FY22NoProgram,200,45,65,40,14,MDHD_noprogram_2025,MDHD_medium_noprogram_2025,,FALSE,0.001,100,50,350,50,350,,,FALSE,TRUE,TRUE,TRUE,TRUE,"[260,260,260,260,260,260,260,260,260,260]",,,FALSE,,14741,25,40,1,0,0.1,0.3,"[0.1,0.9]",24,"[0.001,0.0015,0.0020,0.0022,0.0025]",2,100000,"[0.03,0.035,0.04,0.045,0.048]","[0.09,0.09,0.09,0.09,0.09,0.09,0.09,0.09]",./auxiliary/FuelPrices.csv,./auxiliary/tractorweightvars.csv,25,,4,1000
311,"Class 8 Transit bus (HEV, 2030, no program)","[(""EPA_Ph2_rural_interstate_65mph.csv"", 0), (""EPA_Ph2_urban_highway_55mph.csv"", .1), (""EPA_Ph2_transient.csv"", .9)]",TRUE,"[64000, 64000, 64000, 64000]",0,4,0.03,100,400,0,18.3,500,50,6250,110,0.07,10,7.2,30,15,500,1.2,0,55,7.467735503,500000,19645,0,diesel,"[0.15,0.15,0.15,0.15]",lease,0.15,0.1,1,4,Transit bus,2030,FY22NoProgram,200,45,65,40,14,MDHD_noprogram_2030,MDHD_medium_noprogram_2030,,FALSE,0.001,100,50,350,50,350,,,FALSE,TRUE,TRUE,TRUE,TRUE,"[260,260,260,260,260,260,260,260,260,260]",,,FALSE,,14741,25,40,1,0,0.1,0.3,"[0.1,0.9]",24,"[0.001,0.0015,0.0020,0.0022,0.0025]",2,100000,"[0.03,0.035,0.04,0.045,0.048]","[0.09,0.09,0.09,0.09,0.09,0.09,0.09,0.09]",./auxiliary/FuelPrices.csv,./auxiliary/tractorweightvars.csv,25,,4,1000
312,"Class 8 Transit bus (HEV, 2035, no program)","[(""EPA_Ph2_rural_interstate_65mph.csv"", 0), (""EPA_Ph2_urban_highway_55mph.csv"", .1), (""EPA_Ph2_transient.csv"", .9)]",TRUE,"[64000, 64000, 64000, 64000]",0,4,0.03,100,370,0,15.65,450,50,6250,95,0.07,9.75,7.2,30,15,500,1.2,0,55,7.467735503,500000,19645,0,diesel,"[0.15,0.15,0.15,0.15]",lease,0.15,0.1,1,4,Transit bus,2035,FY22NoProgram,200,45,65,40,14,MDHD_noprogram_2035,MDHD_medium_noprogram_2035,,FALSE,0.001,100,50,350,50,350,,,FALSE,TRUE,TRUE,TRUE,TRUE,"[260,260,260,260,260,260,260,260,260,260]",,,FALSE,,14741,25,40,1,0,0.1,0.3,"[0.1,0.9]",24,"[0.001,0.0015,0.0020,0.0022,0.0025]",2,100000,"[0.03,0.035,0.04,0.045,0.048]","[0.09,0.09,0.09,0.09,0.09,0.09,0.09,0.09]",./auxiliary/FuelPrices.csv,./auxiliary/tractorweightvars.csv,25,,4,1000
313,"Class 8 Transit bus (HEV, 2040, no program)","[(""EPA_Ph2_rural_interstate_65mph.csv"", 0), (""EPA_Ph2_urban_highway_55mph.csv"", .1), (""EPA_Ph2_transient.csv"", .9)]",TRUE,"[64000, 64000, 64000, 64000]",0,4,0.03,100,340,0,13,400,50,6250,80,0.07,9.5,7.2,30,15,500,1.2,0,55,7.467735503,500000,19645,0,diesel,"[0.15,0.15,0.15,0.15]",lease,0.15,0.1,1,4,Transit bus,2040,FY22NoProgram,200,45,65,40,14,MDHD_noprogram_2040,MDHD_medium_noprogram_2040,,FALSE,0.001,100,50,350,50,350,,,FALSE,TRUE,TRUE,TRUE,TRUE,"[260,260,260,260,260,260,260,260,260,260]",,,FALSE,,14741,25,40,1,0,0.1,0.3,"[0.1,0.9]",24,"[0.001,0.0015,0.0020,0.0022,0.0025]",2,100000,"[0.03,0.035,0.04,0.045,0.048]","[0.09,0.09,0.09,0.09,0.09,0.09,0.09,0.09]",./auxiliary/FuelPrices.csv,./auxiliary/tractorweightvars.csv,25,,4,1000
314,"Class 8 Transit bus (HEV, 2050, no program)","[(""EPA_Ph2_rural_interstate_65mph.csv"", 0), (""EPA_Ph2_urban_highway_55mph.csv"", .1), (""EPA_Ph2_transient.csv"", .9)]",TRUE,"[64000, 64000, 64000, 64000]",0,4,0.03,100,320,0,11,350,50,6250,80,0.07,9.5,7.2,30,15,500,1.2,0,55,7.467735503,500000,19645,0,diesel,"[0.15,0.15,0.15,0.15]",lease,0.15,0.1,1,4,Transit bus,2050,FY22NoProgram,200,45,65,40,14,MDHD_noprogram_2050,MDHD_medium_noprogram_2050,,FALSE,0.001,100,50,350,50,350,,,FALSE,TRUE,TRUE,TRUE,TRUE,"[260,260,260,260,260,260,260,260,260,260]",,,FALSE,,14741,25,40,1,0,0.1,0.3,"[0.1,0.9]",24,"[0.001,0.0015,0.0020,0.0022,0.0025]",2,100000,"[0.03,0.035,0.04,0.045,0.048]","[0.09,0.09,0.09,0.09,0.09,0.09,0.09,0.09]",./auxiliary/FuelPrices.csv,./auxiliary/tractorweightvars.csv,25,,4,1000
315,"Class 8 Transit bus (HEV, 2025, program success)","[(""EPA_Ph2_rural_interstate_65mph.csv"", 0), (""EPA_Ph2_urban_highway_55mph.csv"", .1), (""EPA_Ph2_transient.csv"", .9)]",TRUE,"[64000, 64000, 64000, 64000]",0,4,0.03,100,420,0,18,300,50,6250,126,0.07,10,7.2,30,15,500,1.2,0,55,7.467735503,500000,19645,0,diesel,"[0.15,0.15,0.15,0.15]",lease,0.15,0.1,1,4,Transit bus,2025,FY22TechSuccess,200,45,65,40,14,MDHD_programsuccess_2025,MDHD_medium_programsuccess_2025,,FALSE,0.001,100,50,350,50,350,,,FALSE,TRUE,TRUE,TRUE,TRUE,"[260,260,260,260,260,260,260,260,260,260]",,,FALSE,,14741,25,40,1,0,0.1,0.3,"[0.1,0.9]",24,"[0.001,0.0015,0.0020,0.0022,0.0025]",2,100000,"[0.03,0.035,0.04,0.045,0.048]","[0.09,0.09,0.09,0.09,0.09,0.09,0.09,0.09]",./auxiliary/FuelPrices.csv,./auxiliary/tractorweightvars.csv,25,,4,1000
316,"Class 8 Transit bus (HEV, 2030, program success)","[(""EPA_Ph2_rural_interstate_65mph.csv"", 0), (""EPA_Ph2_urban_highway_55mph.csv"", .1), (""EPA_Ph2_transient.csv"", .9)]",TRUE,"[64000, 64000, 64000, 64000]",0,4,0.03,100,340,0,13.3,300,50,6250,70,0.07,9,7.2,30,15,500,1.2,0,55,7.467735503,500000,19645,0,diesel,"[0.15,0.15,0.15,0.15]",lease,0.15,0.1,1,4,Transit bus,2030,FY22TechSuccess,200,45,65,40,14,MDHD_programsuccess_2030,MDHD_medium_programsuccess_2030,,FALSE,0.001,100,50,350,50,350,,,FALSE,TRUE,TRUE,TRUE,TRUE,"[260,260,260,260,260,260,260,260,260,260]",,,FALSE,,14741,25,40,1,0,0.1,0.3,"[0.1,0.9]",24,"[0.001,0.0015,0.0020,0.0022,0.0025]",2,100000,"[0.03,0.035,0.04,0.045,0.048]","[0.09,0.09,0.09,0.09,0.09,0.09,0.09,0.09]",./auxiliary/FuelPrices.csv,./auxiliary/tractorweightvars.csv,25,,4,1000
317,"Class 8 Transit bus (HEV, 2035, program success)","[(""EPA_Ph2_rural_interstate_65mph.csv"", 0), (""EPA_Ph2_urban_highway_55mph.csv"", .1), (""EPA_Ph2_transient.csv"", .9)]",TRUE,"[64000, 64000, 64000, 64000]",0,4,0.03,100,290,0,10.65,250,50,6250,65,0.07,8.75,7.2,30,15,500,1.2,0,55,7.467735503,500000,19645,0,diesel,"[0.15,0.15,0.15,0.15]",lease,0.15,0.1,1,4,Transit bus,2035,FY22TechSuccess,200,45,65,40,14,MDHD_programsuccess_2035,MDHD_medium_programsuccess_2035,,FALSE,0.001,100,50,350,50,350,,,FALSE,TRUE,TRUE,TRUE,TRUE,"[260,260,260,260,260,260,260,260,260,260]",,,FALSE,,14741,25,40,1,0,0.1,0.3,"[0.1,0.9]",24,"[0.001,0.0015,0.0020,0.0022,0.0025]",2,100000,"[0.03,0.035,0.04,0.045,0.048]","[0.09,0.09,0.09,0.09,0.09,0.09,0.09,0.09]",./auxiliary/FuelPrices.csv,./auxiliary/tractorweightvars.csv,25,,4,1000
318,"Class 8 Transit bus (HEV, 2040, program success)","[(""EPA_Ph2_rural_interstate_65mph.csv"", 0), (""EPA_Ph2_urban_highway_55mph.csv"", .1), (""EPA_Ph2_transient.csv"", .9)]",TRUE,"[64000, 64000, 64000, 64000]",0,4,0.03,100,240,0,8,200,50,6250,60,0.07,8.5,7.2,30,15,500,1.2,0,55,7.467735503,500000,19645,0,diesel,"[0.15,0.15,0.15,0.15]",lease,0.15,0.1,1,4,Transit bus,2040,FY22TechSuccess,200,45,65,40,14,MDHD_programsuccess_2040,MDHD_medium_programsuccess_2040,,FALSE,0.001,100,50,350,50,350,,,FALSE,TRUE,TRUE,TRUE,TRUE,"[260,260,260,260,260,260,260,260,260,260]",,,FALSE,,14741,25,40,1,0,0.1,0.3,"[0.1,0.9]",24,"[0.001,0.0015,0.0020,0.0022,0.0025]",2,100000,"[0.03,0.035,0.04,0.045,0.048]","[0.09,0.09,0.09,0.09,0.09,0.09,0.09,0.09]",./auxiliary/FuelPrices.csv,./auxiliary/tractorweightvars.csv,25,,4,1000
319,"Class 8 Transit bus (HEV, 2050, program success)","[(""EPA_Ph2_rural_interstate_65mph.csv"", 0), (""EPA_Ph2_urban_highway_55mph.csv"", .1), (""EPA_Ph2_transient.csv"", .9)]",TRUE,"[64000, 64000, 64000, 64000]",0,4,0.03,100,200,0,6,133,50,6250,50,0.07,8,7.2,30,15,500,1.2,0,55,7.467735503,500000,19645,0,diesel,"[0.15,0.15,0.15,0.15]",lease,0.15,0.1,1,4,Transit bus,2050,FY22TechSuccess,200,45,65,40,14,MDHD_programsuccess_2050,MDHD_medium_programsuccess_2050,,FALSE,0.001,100,50,350,50,350,,,FALSE,TRUE,TRUE,TRUE,TRUE,"[260,260,260,260,260,260,260,260,260,260]",,,FALSE,,14741,25,40,1,0,0.1,0.3,"[0.1,0.9]",24,"[0.001,0.0015,0.0020,0.0022,0.0025]",2,100000,"[0.03,0.035,0.04,0.045,0.048]","[0.09,0.09,0.09,0.09,0.09,0.09,0.09,0.09]",./auxiliary/FuelPrices.csv,./auxiliary/tractorweightvars.csv,25,,4,1000
320,"Class 8 Transit bus (FCEV, 2025, no program)","[(""EPA_Ph2_rural_interstate_65mph.csv"", 0), (""EPA_Ph2_urban_highway_55mph.csv"", .1), (""EPA_Ph2_transient.csv"", .9)]",TRUE,"[64000, 64000, 64000, 64000]",0,4,0.03,100,440,0,23,500,50,6250,126,0.07,11,7.2,30,15,500,1.2,0,55,7.467735503,500000,19645,0,hydrogen,"[0.15,0.15,0.15,0.15]",lease,0.15,0.1,1,4,Transit bus,2025,FY22NoProgram,200,45,65,40,14,MDHD_noprogram_2025,,,FALSE,0.001,100,50,350,50,350,100,1000,TRUE,TRUE,TRUE,TRUE,TRUE,"[260,260,260,260,260,260,260,260,260,260]",,,FALSE,,14741,25,40,1,0,0.1,0.3,"[0.1,0.9]",24,"[0.001,0.0015,0.0020,0.0022,0.0025]",2,100000,"[0.03,0.035,0.04,0.045,0.048]","[0.09,0.09,0.09,0.09,0.09,0.09,0.09,0.09]",./auxiliary/FuelPrices.csv,./auxiliary/tractorweightvars.csv,25,,4,1000
321,"Class 8 Transit bus (FCEV, 2030, no program)","[(""EPA_Ph2_rural_interstate_65mph.csv"", 0), (""EPA_Ph2_urban_highway_55mph.csv"", .1), (""EPA_Ph2_transient.csv"", .9)]",TRUE,"[64000, 64000, 64000, 64000]",0,4,0.03,100,400,0,18.3,500,50,6250,110,0.07,10,7.2,30,15,500,1.2,0,55,7.467735503,500000,19645,0,hydrogen,"[0.15,0.15,0.15,0.15]",lease,0.15,0.1,1,4,Transit bus,2030,FY22NoProgram,200,45,65,40,14,MDHD_noprogram_2030,,,FALSE,0.001,100,50,350,50,350,100,1000,TRUE,TRUE,TRUE,TRUE,TRUE,"[260,260,260,260,260,260,260,260,260,260]",,,FALSE,,14741,25,40,1,0,0.1,0.3,"[0.1,0.9]",24,"[0.001,0.0015,0.0020,0.0022,0.0025]",2,100000,"[0.03,0.035,0.04,0.045,0.048]","[0.09,0.09,0.09,0.09,0.09,0.09,0.09,0.09]",./auxiliary/FuelPrices.csv,./auxiliary/tractorweightvars.csv,25,,4,1000
322,"Class 8 Transit bus (FCEV, 2035, no program)","[(""EPA_Ph2_rural_interstate_65mph.csv"", 0), (""EPA_Ph2_urban_highway_55mph.csv"", .1), (""EPA_Ph2_transient.csv"", .9)]",TRUE,"[64000, 64000, 64000, 64000]",0,4,0.03,100,370,0,15.65,450,50,6250,95,0.07,9.75,7.2,30,15,500,1.2,0,55,7.467735503,500000,19645,0,hydrogen,"[0.15,0.15,0.15,0.15]",lease,0.15,0.1,1,4,Transit bus,2035,FY22NoProgram,200,45,65,40,14,MDHD_noprogram_2035,,,FALSE,0.001,100,50,350,50,350,100,1000,TRUE,TRUE,TRUE,TRUE,TRUE,"[260,260,260,260,260,260,260,260,260,260]",,,FALSE,,14741,25,40,1,0,0.1,0.3,"[0.1,0.9]",24,"[0.001,0.0015,0.0020,0.0022,0.0025]",2,100000,"[0.03,0.035,0.04,0.045,0.048]","[0.09,0.09,0.09,0.09,0.09,0.09,0.09,0.09]",./auxiliary/FuelPrices.csv,./auxiliary/tractorweightvars.csv,25,,4,1000
323,"Class 8 Transit bus (FCEV, 2040, no program)","[(""EPA_Ph2_rural_interstate_65mph.csv"", 0), (""EPA_Ph2_urban_highway_55mph.csv"", .1), (""EPA_Ph2_transient.csv"", .9)]",TRUE,"[64000, 64000, 64000, 64000]",0,4,0.03,100,340,0,13,400,50,6250,80,0.07,9.5,7.2,30,15,500,1.2,0,55,7.467735503,500000,19645,0,hydrogen,"[0.15,0.15,0.15,0.15]",lease,0.15,0.1,1,4,Transit bus,2040,FY22NoProgram,200,45,65,40,14,MDHD_noprogram_2040,,,FALSE,0.001,100,50,350,50,350,100,1000,TRUE,TRUE,TRUE,TRUE,TRUE,"[260,260,260,260,260,260,260,260,260,260]",,,FALSE,,14741,25,40,1,0,0.1,0.3,"[0.1,0.9]",24,"[0.001,0.0015,0.0020,0.0022,0.0025]",2,100000,"[0.03,0.035,0.04,0.045,0.048]","[0.09,0.09,0.09,0.09,0.09,0.09,0.09,0.09]",./auxiliary/FuelPrices.csv,./auxiliary/tractorweightvars.csv,25,,4,1000
324,"Class 8 Transit bus (FCEV, 2050, no program)","[(""EPA_Ph2_rural_interstate_65mph.csv"", 0), (""EPA_Ph2_urban_highway_55mph.csv"", .1), (""EPA_Ph2_transient.csv"", .9)]",TRUE,"[64000, 64000, 64000, 64000]",0,4,0.03,100,320,0,11,350,50,6250,80,0.07,9.5,7.2,30,15,500,1.2,0,55,7.467735503,500000,19645,0,hydrogen,"[0.15,0.15,0.15,0.15]",lease,0.15,0.1,1,4,Transit bus,2050,FY22NoProgram,200,45,65,40,14,MDHD_noprogram_2050,,,FALSE,0.001,100,50,350,50,350,100,1000,TRUE,TRUE,TRUE,TRUE,TRUE,"[260,260,260,260,260,260,260,260,260,260]",,,FALSE,,14741,25,40,1,0,0.1,0.3,"[0.1,0.9]",24,"[0.001,0.0015,0.0020,0.0022,0.0025]",2,100000,"[0.03,0.035,0.04,0.045,0.048]","[0.09,0.09,0.09,0.09,0.09,0.09,0.09,0.09]",./auxiliary/FuelPrices.csv,./auxiliary/tractorweightvars.csv,25,,4,1000
325,"Class 8 Transit bus (FCEV, 2025, program success)","[(""EPA_Ph2_rural_interstate_65mph.csv"", 0), (""EPA_Ph2_urban_highway_55mph.csv"", .1), (""EPA_Ph2_transient.csv"", .9)]",TRUE,"[64000, 64000, 64000, 64000]",0,4,0.03,100,420,0,18,300,50,6250,126,0.07,10,7.2,30,15,500,1.2,0,55,7.467735503,500000,19645,0,hydrogen,"[0.15,0.15,0.15,0.15]",lease,0.15,0.1,1,4,Transit bus,2025,FY22TechSuccess,200,45,65,40,14,MDHD_programsuccess_2025,,,FALSE,0.001,100,50,350,50,350,100,1000,TRUE,TRUE,TRUE,TRUE,TRUE,"[260,260,260,260,260,260,260,260,260,260]",,,FALSE,,14741,25,40,1,0,0.1,0.3,"[0.1,0.9]",24,"[0.001,0.0015,0.0020,0.0022,0.0025]",2,100000,"[0.03,0.035,0.04,0.045,0.048]","[0.09,0.09,0.09,0.09,0.09,0.09,0.09,0.09]",./auxiliary/FuelPrices.csv,./auxiliary/tractorweightvars.csv,25,,4,1000
326,"Class 8 Transit bus (FCEV, 2030, program success)","[(""EPA_Ph2_rural_interstate_65mph.csv"", 0), (""EPA_Ph2_urban_highway_55mph.csv"", .1), (""EPA_Ph2_transient.csv"", .9)]",TRUE,"[64000, 64000, 64000, 64000]",0,4,0.03,100,340,0,13.3,300,50,6250,70,0.07,9,7.2,30,15,500,1.2,0,55,7.467735503,500000,19645,0,hydrogen,"[0.15,0.15,0.15,0.15]",lease,0.15,0.1,1,4,Transit bus,2030,FY22TechSuccess,200,45,65,40,14,MDHD_programsuccess_2030,,,FALSE,0.001,100,50,350,50,350,100,1000,TRUE,TRUE,TRUE,TRUE,TRUE,"[260,260,260,260,260,260,260,260,260,260]",,,FALSE,,14741,25,40,1,0,0.1,0.3,"[0.1,0.9]",24,"[0.001,0.0015,0.0020,0.0022,0.0025]",2,100000,"[0.03,0.035,0.04,0.045,0.048]","[0.09,0.09,0.09,0.09,0.09,0.09,0.09,0.09]",./auxiliary/FuelPrices.csv,./auxiliary/tractorweightvars.csv,25,,4,1000
327,"Class 8 Transit bus (FCEV, 2035, program success)","[(""EPA_Ph2_rural_interstate_65mph.csv"", 0), (""EPA_Ph2_urban_highway_55mph.csv"", .1), (""EPA_Ph2_transient.csv"", .9)]",TRUE,"[64000, 64000, 64000, 64000]",0,4,0.03,100,290,0,10.65,250,50,6250,65,0.07,8.75,7.2,30,15,500,1.2,0,55,7.467735503,500000,19645,0,hydrogen,"[0.15,0.15,0.15,0.15]",lease,0.15,0.1,1,4,Transit bus,2035,FY22TechSuccess,200,45,65,40,14,MDHD_programsuccess_2035,,,FALSE,0.001,100,50,350,50,350,100,1000,TRUE,TRUE,TRUE,TRUE,TRUE,"[260,260,260,260,260,260,260,260,260,260]",,,FALSE,,14741,25,40,1,0,0.1,0.3,"[0.1,0.9]",24,"[0.001,0.0015,0.0020,0.0022,0.0025]",2,100000,"[0.03,0.035,0.04,0.045,0.048]","[0.09,0.09,0.09,0.09,0.09,0.09,0.09,0.09]",./auxiliary/FuelPrices.csv,./auxiliary/tractorweightvars.csv,25,,4,1000
328,"Class 8 Transit bus (FCEV, 2040, program success)","[(""EPA_Ph2_rural_interstate_65mph.csv"", 0), (""EPA_Ph2_urban_highway_55mph.csv"", .1), (""EPA_Ph2_transient.csv"", .9)]",TRUE,"[64000, 64000, 64000, 64000]",0,4,0.03,100,240,0,8,200,50,6250,60,0.07,8.5,7.2,30,15,500,1.2,0,55,7.467735503,500000,19645,0,hydrogen,"[0.15,0.15,0.15,0.15]",lease,0.15,0.1,1,4,Transit bus,2040,FY22TechSuccess,200,45,65,40,14,MDHD_programsuccess_2040,,,FALSE,0.001,100,50,350,50,350,100,1000,TRUE,TRUE,TRUE,TRUE,TRUE,"[260,260,260,260,260,260,260,260,260,260]",,,FALSE,,14741,25,40,1,0,0.1,0.3,"[0.1,0.9]",24,"[0.001,0.0015,0.0020,0.0022,0.0025]",2,100000,"[0.03,0.035,0.04,0.045,0.048]","[0.09,0.09,0.09,0.09,0.09,0.09,0.09,0.09]",./auxiliary/FuelPrices.csv,./auxiliary/tractorweightvars.csv,25,,4,1000
329,"Class 8 Transit bus (FCEV, 2050, program success)","[(""EPA_Ph2_rural_interstate_65mph.csv"", 0), (""EPA_Ph2_urban_highway_55mph.csv"", .1), (""EPA_Ph2_transient.csv"", .9)]",TRUE,"[64000, 64000, 64000, 64000]",0,4,0.03,100,200,0,6,133,50,6250,50,0.07,8,7.2,30,15,500,1.2,0,55,7.467735503,500000,19645,0,hydrogen,"[0.15,0.15,0.15,0.15]",lease,0.15,0.1,1,4,Transit bus,2050,FY22TechSuccess,200,45,65,40,14,MDHD_programsuccess_2050,,,FALSE,0.001,100,50,350,50,350,100,1000,TRUE,TRUE,TRUE,TRUE,TRUE,"[260,260,260,260,260,260,260,260,260,260]",,,FALSE,,14741,25,40,1,0,0.1,0.3,"[0.1,0.9]",24,"[0.001,0.0015,0.0020,0.0022,0.0025]",2,100000,"[0.03,0.035,0.04,0.045,0.048]","[0.09,0.09,0.09,0.09,0.09,0.09,0.09,0.09]",./auxiliary/FuelPrices.csv,./auxiliary/tractorweightvars.csv,25,,4,1000
330,"Class 8 Sleeper cab high roof (BEV dWPT, 2040, no program)","[(""EPA_Ph2_rural_interstate_65mph.csv"", .86), (""EPA_Ph2_urban_highway_55mph.csv"", .09), (""EPA_Ph2_transient.csv"", .05)]",TRUE,"[108010,117983,114998,104732]",0,4,0.03,100,400,0,13,400,50,6250,85,0.07,9.5,7.2,30,15,6600,1.2,0.12,55,7.467735503,112759,36287.43275,907,electricity,"[0.15,0.15,0.15,0.15]",lease,0.15,0.1,1,4,Long haul,2040,FY22TechSuccess,100,30,65,80,20,,,,FALSE,,,325,450,,,,,FALSE,TRUE,TRUE,TRUE,FALSE,"[260,260,260,260,260,260,260,260,260,260]",,,FALSE,,14741,25,40,1,0,0.1,0.3,"[0.1,0.9]",25,"[0.001,0.0015,0.0020,0.0022,0.0025]",2,100000,"[0.03,0.035,0.04,0.045,0.048]","[0.09,0.09,0.09,0.09,0.09,0.09,0.09,0.09]",./auxiliary/FuelPrices.csv,./auxiliary/tractorweightvars.csv,25,,4,1000
331,"Class 8 Sleeper cab high roof (BEV dWPT, 2040, program success)","[(""EPA_Ph2_rural_interstate_65mph.csv"", .86), (""EPA_Ph2_urban_highway_55mph.csv"", .09), (""EPA_Ph2_transient.csv"", .05)]",TRUE,"[108010,117983,114998,104732]",0,4,0.03,100,340,0,8,200,50,6250,70,0.07,8.5,7.2,30,15,6600,1.2,0.12,55,7.467735503,112759,36287.43275,907,electricity,"[0.15,0.15,0.15,0.15]",lease,0.15,0.1,1,4,Long haul,2040,FY22TechSuccess,100,30,65,80,20,,,,FALSE,,,325,450,,,,,FALSE,TRUE,TRUE,TRUE,FALSE,"[260,260,260,260,260,260,260,260,260,260]",,,FALSE,,14741,25,40,1,0,0.1,0.3,"[0.1,0.9]",26,"[0.001,0.0015,0.0020,0.0022,0.0025]",2,100000,"[0.03,0.035,0.04,0.045,0.048]","[0.09,0.09,0.09,0.09,0.09,0.09,0.09,0.09]",./auxiliary/FuelPrices.csv,./auxiliary/tractorweightvars.csv,25,,4,1000
332,"Class 8 Sleeper cab high roof (BEV dWPT, 2030, no program)","[(""EPA_Ph2_rural_interstate_65mph.csv"", .86), (""EPA_Ph2_urban_highway_55mph.csv"", .09), (""EPA_Ph2_transient.csv"", .05)]",TRUE,"[108010,117983,114998,104732]",0,4,0.03,100,400,0,18.3,500,50,6250,113,0.07,10,7.2,30,15,6600,1.2,0.12,55,7.467735503,112759,36287.43275,907,electricity,"[0.15,0.15,0.15,0.15]",lease,0.15,0.1,1,4,Long haul,2030,FY22TechSuccess,100,30,65,80,20,,,,FALSE,,,325,450,,,,,FALSE,TRUE,TRUE,TRUE,FALSE,"[260,260,260,260,260,260,260,260,260,260]",,,FALSE,,14741,25,40,1,0,0.1,0.3,"[0.1,0.9]",27,"[0.001,0.0015,0.0020,0.0022,0.0025]",2,100000,"[0.03,0.035,0.04,0.045,0.048]","[0.09,0.09,0.09,0.09,0.09,0.09,0.09,0.09]",./auxiliary/FuelPrices.csv,./auxiliary/tractorweightvars.csv,25,,4,1000
333,"Class 8 Sleeper cab high roof (BEV dWPT, 2030, program success)","[(""EPA_Ph2_rural_interstate_65mph.csv"", .86), (""EPA_Ph2_urban_highway_55mph.csv"", .09), (""EPA_Ph2_transient.csv"", .05)]",TRUE,"[108010,117983,114998,104732]",0,4,0.03,100,340,0,13.3,300,50,6250,80,0.07,9,7.2,30,15,6600,1.2,0.12,55,7.467735503,112759,36287.43275,907,electricity,"[0.15,0.15,0.15,0.15]",lease,0.15,0.1,1,4,Long haul,2030,FY22TechSuccess,100,30,65,80,20,,,,FALSE,,,325,450,,,,,FALSE,TRUE,TRUE,TRUE,FALSE,"[260,260,260,260,260,260,260,260,260,260]",,,FALSE,,14741,25,40,1,0,0.1,0.3,"[0.1,0.9]",28,"[0.001,0.0015,0.0020,0.0022,0.0025]",2,100000,"[0.03,0.035,0.04,0.045,0.048]","[0.09,0.09,0.09,0.09,0.09,0.09,0.09,0.09]",./auxiliary/FuelPrices.csv,./auxiliary/tractorweightvars.csv,25,,4,1000