Index,Year,dragCoef,frontalAreaM2,gliderKg,vehCgM,driveAxleWeightFrac,wheelBaseM,wheelInertiaKgM2,numWheels,wheelRrCoef,wheelRadiusM,wheelCoefOfFric,auxKw,forceAuxOnFC,transKg,transEff,compMassMultiplier,markup_pct,vehicle_glider_cost_dol
1,2020,0.546,10.18,11776,0.46,0.8,2.28,10,18,0.0061,0.506,0.6,0,FALSE,300,0.95,1.2,1.5,121918.9997
2,2025,0.502666667,10.18,11776,0.46,0.8,2.28,10,18,0.005966667,0.506,0.6,3.233333333,FALSE,300,0.95,1.2,1.5,121918.9997
3,2030,0.473125,10.18,11776,0.46,0.8,2.28,10,18,0.00575,0.506,0.6,2.9875,FALSE,300,0.95,1.2,1.5,121918.9997
4,2035,0.46,10.18,11776,0.46,0.8,2.28,10,18,0.0055,0.506,0.6,2.8,FALSE,300,0.95,1.2,1.5,121918.9997
5,2040,0.423333333,10.18,11776,0.46,0.8,2.28,10,18,0.005,0.506,0.6,2.7,FALSE,300,0.95,1.2,1.5,121918.9997
6,2045,0.386666667,10.18,11776,0.46,0.8,2.28,10,18,0.0045,0.506,0.6,2.6,FALSE,300,0.95,1.2,1.5,121918.9997
7,2050,0.35,10.18,11776,0.46,0.8,2.28,10,18,0.004,0.506,0.6,2.5,FALSE,300,0.95,1.2,1.5,121918.9997
