Index,vocation,segmentName,region,Year,MinRangeMiles,rangeDriveCycleFilePath,cargoKg,GVWRkg,minSpeed6PercentGradeIn5min,minSpeed1point25PercentGradeIn5min,max0to60secAtGVWR,max0to30secAtGVWR,TakeOffPowerRatingkW,TakeOffPowerAverageUsekW,TakeOffPowerHoursPerDay,constTripDistMiles,tax,discRate,vehLifeYears,VMT
1,Long haul,HDTC8,United States,2020,[500],long_haul_cyc.csv,16329.34474,36287.43275,30,65,80,20,1.1,0.55,1.3,0,0,0.041,7,"[100000, 100000, 100000, 100000, 100000, 100000, 100000, 100000, 100000, 100000, 100000, 100000, 100000, 100000, 100000, 100000, 100000, 100000, 100000, 100000]"
2,Long haul,HDTC8,United States,2025,[500],long_haul_cyc.csv,16329.34474,36287.43275,30,65,80,20,1.1,0.55,1.3,0,0,0.041,7,"[100000, 100000, 100000, 100000, 100000, 100000, 100000, 100000, 100000, 100000, 100000, 100000, 100000, 100000, 100000, 100000, 100000, 100000, 100000, 100000]"
3,Long haul,HDTC8,United States,2030,[500],long_haul_cyc.csv,16329.34474,36287.43275,30,65,80,20,1.1,0.55,1.3,0,0,0.041,7,"[100000, 100000, 100000, 100000, 100000, 100000, 100000, 100000, 100000, 100000, 100000, 100000, 100000, 100000, 100000, 100000, 100000, 100000, 100000, 100000]"
4,Long haul,HDTC8,United States,2035,[500],long_haul_cyc.csv,16329.34474,36287.43275,30,65,80,20,1.1,0.55,1.3,0,0,0.041,7,"[100000, 100000, 100000, 100000, 100000, 100000, 100000, 100000, 100000, 100000, 100000, 100000, 100000, 100000, 100000, 100000, 100000, 100000, 100000, 100000]"
5,Long haul,HDTC8,United States,2040,[500],long_haul_cyc.csv,16329.34474,36287.43275,30,65,80,20,1.1,0.55,1.3,0,0,0.041,7,"[100000, 100000, 100000, 100000, 100000, 100000, 100000, 100000, 100000, 100000, 100000, 100000, 100000, 100000, 100000, 100000, 100000, 100000, 100000, 100000]"
6,Long haul,HDTC8,United States,2045,[500],long_haul_cyc.csv,16329.34474,36287.43275,30,65,80,20,1.1,0.55,1.3,0,0,0.041,7,"[100000, 100000, 100000, 100000, 100000, 100000, 100000, 100000, 100000, 100000, 100000, 100000, 100000, 100000, 100000, 100000, 100000, 100000, 100000, 100000]"
7,Long haul,HDTC8,United States,2050,[500],long_haul_cyc.csv,16329.34474,36287.43275,30,65,80,20,1.1,0.55,1.3,0,0,0.041,7,"[100000, 100000, 100000, 100000, 100000, 100000, 100000, 100000, 100000, 100000, 100000, 100000, 100000, 100000, 100000, 100000, 100000, 100000, 100000, 100000]"
